gb_id,predicted_labels,Allergy,Análisis cromatográfico,Biochemical Research Methods,Biochemistry & Molecular Biology,Biology,Biophysics,Biotechnology & Applied Microbiology,Cardiac & Cardiovascular Systems,Cell Biology,"Chemistry, Inorganic & Nuclear","Chemistry, Medicinal","Chemistry, Multidisciplinary","Chemistry, Organic",Clinical Neurology,Dermatology,Endocrinology & Metabolism,Enfermedades infecciosas,Farmacología,Gastroenterology & Hepatology,Genetics & Heredity,Hematology,Immunology,Infectious Diseases,Integrative & Complementary Medicine,Invertebrados,"Medicine, General & Internal","Medicine, Research & Experimental",Microbiology,Multidisciplinary Sciences,Nemátodos,Neurosciences,Obstetrics & Gynecology,Oncology,Ophthalmology,Parasitology,Parasitología,Parasitología animal,Pathology,Patología,Peripheral Vascular Disease,Pharmacology & Pharmacy,Physiology,Plaguicidas,Plant Sciences,Protistas,Psychiatry,Reproductive Biology,Rheumatology,Surgery,Transplantation,Tropical Medicine,Veterinary Sciences,Virology,Zoology
980621,Parasitología,0.0004914288,0.054006863,0.01736938,0.006428373,0.02076793,0.00047315902,0.0003488694,0.0038203385,0.00309491,0.010396774,0.020739183,0.011059355,0.06282448,0.0015124041,0.001193563,0.0028256413,0.015882958,0.016207136,0.00085919845,0.00073755125,0.0047173146,2.455804e-05,0.0030752337,0.0011457419,0.036485717,0.20320867,0.00047182068,0.0006440557,0.0029708801,0.014522238,0.0003936555,0.0008248136,0.005612125,0.0144970175,0.0014472214,0.24421853,0.044079456,0.0027070532,0.10268665,0.003939774,0.0009013261,0.0030199126,0.05116735,0.009522841,0.0361234,0.000113206304,0.00024138835,0.00014881093,0.00028010708,0.0004742653,0.00071916456,0.00079598057,0.0043221875,0.031932097
912201,Biochemistry & Molecular Biology,0.00012885405,0.002249259,0.01248077,0.40982538,0.008077626,0.00093406864,4.9922323e-06,0.00028607735,0.002160297,0.00051229354,0.017724479,0.1456235,0.013584167,0.000120674966,0.0007729761,8.529735e-05,0.005234435,0.005686867,2.1430269e-05,0.0001778869,2.552166e-06,1.9391016e-05,2.0241248e-05,0.00021234686,7.528969e-05,6.625603e-05,2.7394892e-06,3.766819e-05,0.0008398799,0.00039102693,0.0030422881,0.00029020788,0.00018757927,7.765777e-05,0.0011156788,0.00078398763,8.184039e-05,0.00021954458,0.0048343055,0.0005781363,0.00057985785,9.7223165e-05,0.0042577656,0.00011575819,0.0008082353,1.1124601e-05,0.00010459503,5.6128738e-05,4.7073345e-06,2.0912083e-05,1.9661844e-05,0.0006748623,5.192918e-05,0.00023413004
326573,Genetics & Heredity,0.00069414167,0.00096545595,0.0031926543,0.0150230015,0.043315563,9.079158e-05,0.003542751,0.0011598598,0.00061948644,0.0016863733,0.045678977,0.00066916586,0.105386496,0.00032207492,0.000354372,0.0002251485,0.0086200405,0.008273891,0.00022390364,0.19382599,0.00019803082,0.00010475123,0.0010697752,0.0023433976,0.00030364224,0.008814457,0.000810536,0.0030526884,0.0009129582,0.0032574711,0.0017216621,1.9175603e-05,0.0022054454,0.0002946401,0.005204162,0.0029864104,0.00070100435,0.00052443705,0.010216093,0.00037457366,0.0070096105,0.0003588962,0.003603925,0.002489935,0.01019181,4.8687183e-05,2.3708135e-05,0.0094200885,3.0559793e-05,0.00016507869,0.00015607923,0.00045587658,0.0065013645,0.027910681
572977,Multidisciplinary Sciences,9.408065e-08,3.5781394e-08,7.3180274e-07,5.598301e-05,4.2717398e-05,1.4743592e-08,7.386996e-07,7.748534e-09,5.009373e-07,0.0025523521,5.891877e-08,2.394067e-07,4.1077034e-05,0.0011140475,2.350485e-08,8.787163e-08,1.63378e-05,9.8159774e-08,0.00014034449,0.0047442736,2.5266425e-07,2.7514548e-07,2.439772e-08,9.473254e-07,8.8101433e-07,6.0472166e-06,3.708926e-07,1.102836e-08,0.47012782,4.215486e-06,0.0007359438,3.9222846e-07,1.6332257e-07,0.00017680685,3.1305185e-06,1.5813968e-07,8.3180163e-07,4.1850404e-07,9.162242e-06,1.2287329e-09,2.0238574e-06,2.4660416e-08,1.8067472e-07,4.3866685e-06,3.6652366e-06,2.8772499e-08,1.2579288e-07,5.8072274e-05,8.068066e-11,4.0611438e-11,8.4276095e-08,2.4677175e-07,1.4251567e-09,0.00021603177
571547,Multidisciplinary Sciences,0.00014690174,2.3906723e-05,0.0002402252,0.006541495,0.0010096418,1.4454571e-05,6.55021e-05,3.210208e-05,1.1645806e-05,0.009479272,1.6334263e-05,0.00017496591,0.00032520355,0.04964494,5.8058322e-05,6.290239e-05,0.0015128152,5.07685e-05,0.0053180293,0.015412841,4.282716e-05,0.0004890819,4.726123e-06,9.509283e-05,7.547934e-05,1.682599e-05,3.4168144e-05,2.4105905e-06,0.18286845,0.0010120422,0.16864882,0.00020482186,7.255074e-06,0.00083374325,0.00015422053,2.548455e-05,4.743511e-05,5.1623796e-05,0.00079349877,1.00990665e-05,9.6840486e-05,3.366289e-05,4.5328445e-05,4.2702817e-05,0.0003222921,7.7660574e-05,0.00017223587,0.004135829,3.6915077e-07,1.8704799e-07,2.7064525e-06,0.00013757379,2.3570155e-07,0.0038160307
570968,Multidisciplinary Sciences,2.0125901e-06,0.00033337672,4.9852402e-05,5.9058042e-05,0.0025160883,5.327973e-06,3.5029855e-06,7.5457506e-06,9.351012e-05,0.0070487233,1.0132291e-05,0.0002841907,0.0001642951,0.00013794766,6.2196714e-06,0.00027378142,0.0018587019,0.0011048912,0.006510185,8.137333e-06,1.2676381e-06,2.2290512e-06,0.00020637522,1.8285904e-05,0.00034004467,8.791668e-05,1.8269919e-05,1.9069912e-06,0.80157626,0.00097041845,0.00016684644,0.0008036845,2.4327415e-05,0.022412688,0.00029017273,9.2956136e-05,7.195815e-06,0.00016425704,0.010448119,6.2895365e-06,3.3477434e-05,5.828004e-05,0.0003215736,8.817452e-05,6.012994e-05,3.2694138e-06,0.00035900468,0.0019098088,2.7877962e-07,7.684559e-08,0.00058575586,6.5711254e-05,5.081257e-07,0.0029030188
515752,"Biochemistry & Molecular Biology;Chemistry, Multidisciplinary",3.588839e-05,0.00044444855,0.004384767,0.85872525,0.0045805834,0.0007162901,1.1058721e-06,5.9954957e-05,6.233131e-05,0.00025491405,0.0020884888,0.92888296,0.00041988352,4.1179126e-05,0.00023948016,1.9109848e-05,0.002561764,5.9674316e-05,5.667758e-05,1.01134665e-05,2.1211449e-07,2.5129768e-06,1.3989369e-07,0.00017630938,2.2102265e-06,5.917385e-07,4.747902e-07,1.2569479e-05,0.0004367095,3.3459717e-05,0.015951807,0.0005513936,1.6499846e-05,1.8829915e-05,7.9345557e-07,4.359205e-05,1.0106139e-06,1.4640206e-05,0.00090792857,6.912414e-05,0.0003954127,1.4346531e-05,0.0008929542,4.0224986e-05,0.00026165988,4.568653e-06,0.00026775632,4.61445e-07,2.0232888e-07,4.2035667e-06,6.489785e-08,2.3331813e-05,2.4510546e-08,9.485093e-06
1004211,Genetics & Heredity;Immunology,9.523194e-05,5.03575e-10,6.334947e-07,0.00045186165,2.6602783e-07,3.4485018e-07,1.1593936e-05,2.9354709e-08,0.00014208026,4.271498e-09,2.881276e-07,1.794169e-14,2.0221318e-09,1.4947183e-06,4.0880666e-10,9.228319e-11,4.5896662e-08,1.0298344e-07,2.88077e-08,0.9942619,5.101323e-06,0.9983131,0.0001011989,1.0682772e-06,3.496225e-08,2.13769e-11,0.00042091272,7.995218e-05,3.3700207e-10,3.2646923e-07,7.106621e-05,3.0681288e-10,4.6324356e-08,5.58975e-10,0.00017043814,3.6577756e-09,1.0260636e-06,4.9382515e-06,1.3380143e-09,4.7677755e-08,1.6829625e-07,1.0138584e-08,5.7603447e-08,4.6279114e-09,1.0583726e-05,1.8245886e-06,3.2145506e-09,5.435868e-05,1.2541364e-05,7.293386e-05,3.3066432e-09,4.3062833e-08,3.6808701e-06,5.692122e-06
1018914,Genetics & Heredity;Immunology,0.00035488605,2.1961503e-07,0.0001434128,0.0026409235,3.08357e-05,1.1056951e-05,0.00016863781,4.0304094e-06,0.00013854996,3.0289066e-06,4.6771445e-05,5.543921e-11,4.3993164e-06,4.5467586e-05,3.5712393e-08,1.24243025e-08,2.3516823e-05,1.3054561e-05,1.5980444e-06,0.9845227,0.0001564055,0.87825197,0.0014747061,6.538633e-05,7.732718e-06,2.2768221e-07,0.0010179781,0.0014820442,1.400536e-07,3.0425565e-05,0.00047397334,6.879044e-08,2.3723599e-06,4.803896e-08,0.0021849026,4.1937133e-06,0.00046852278,8.176863e-05,5.7758785e-07,1.6748893e-06,0.0001667019,4.2750702e-07,1.2352961e-05,4.511299e-06,0.0010088816,1.1416911e-05,2.3613082e-07,0.00014164239,8.088299e-05,0.0003615725,6.7161545e-07,6.4628093e-06,0.0004935787,0.0004877265
528902,Multidisciplinary Sciences,0.00013156339,0.005022263,0.0050084875,0.0012296535,0.03548101,0.0003092103,7.915926e-05,0.00019032566,0.001995696,0.116587095,9.4980365e-05,0.0027473187,0.0031219576,0.003907196,7.543335e-05,0.00030542436,0.019146666,0.0041250885,0.013915086,0.0009216325,0.00026621047,0.00034115955,0.0014947321,0.0007069104,0.0080969995,0.001159888,0.0005900127,0.00011412403,0.39023653,0.021892404,0.0012479194,0.007956701,0.0002523031,0.06353309,0.0020328476,0.0034261795,0.0030963642,0.0018246537,0.032955907,0.00012074529,0.00029546712,0.00037792174,0.0025865436,0.0017844755,0.0043323184,4.3751057e-05,0.0041467496,0.0031625617,2.220854e-05,1.2944389e-05,0.0016286224,0.00046401066,1.7804408e-05,0.04410973
984299,Rheumatology,1.08310324e-07,3.897013e-08,3.7919372e-07,3.6876152e-10,9.972231e-05,3.6347123e-10,7.21726e-07,3.0401725e-06,1.1575948e-07,6.8046354e-08,4.691388e-07,7.21651e-12,6.8915074e-07,5.69188e-11,4.5853393e-10,1.5001385e-08,7.487805e-07,0.00013412247,3.7958293e-05,6.5987283e-06,3.3712113e-09,1.4407504e-05,0.0044432804,3.6642302e-07,2.0224728e-07,2.1740815e-10,5.0949347e-06,5.3985077e-05,1.6256456e-07,3.1387335e-05,6.048136e-10,3.9136734e-09,2.3669831e-07,7.674789e-06,0.009030198,2.6347073e-09,3.0482003e-08,1.16761335e-07,7.344888e-05,1.8897831e-06,7.359025e-08,1.3457384e-07,3.726152e-08,4.575295e-09,1.2121872e-06,5.7303214e-11,2.998356e-08,0.97111136,5.128624e-09,7.5315825e-09,6.687966e-05,3.368967e-07,7.923357e-07,9.7902506e-05
1001660,Biology,4.499553e-05,0.0009194924,0.01223498,0.0006532411,0.060390007,0.00014062297,1.6889138e-05,0.00023369602,0.0004559046,0.022858998,6.902072e-05,0.002291582,0.0133301895,7.132883e-05,1.1369853e-05,1.2473316e-05,0.004999198,0.0031087394,0.0007899864,0.0009850904,2.6857064e-05,4.9101975e-05,7.3506824e-05,0.0003745449,0.00030110453,0.00010189873,9.373161e-05,4.7197274e-05,0.0012990199,0.013235457,8.564954e-05,0.000142779,0.00018704974,0.002304396,0.0005994279,0.0004421171,0.0007514707,5.530619e-05,0.013569602,0.00018849797,1.276783e-05,4.5398305e-05,0.00035809906,0.00012380732,0.0034694585,1.6214227e-06,8.572742e-05,0.004190726,1.2676237e-06,3.3921224e-06,5.9594193e-05,3.0877167e-05,1.6596472e-05,0.020035494
421027,Genetics & Heredity;Immunology,0.00048907934,2.8698703e-06,0.00013417899,0.00031981923,0.00019216373,3.1866532e-06,0.0007895236,2.3908593e-05,0.0006299528,2.0015707e-06,0.00022772173,4.774924e-10,7.236349e-05,5.4604116e-06,3.0083385e-07,5.9804265e-08,2.974726e-05,0.00016033991,1.1160698e-05,0.9371333,9.8161254e-05,0.5111062,0.01289362,0.00026008597,1.6269996e-05,1.263014e-06,0.0029438904,0.0026462742,1.5806064e-06,9.5710355e-05,1.6751492e-05,1.3897072e-07,1.2098648e-05,1.5747672e-06,0.0662198,3.8970416e-06,0.00014783339,0.00012789435,6.491997e-06,9.817139e-06,8.05693e-05,9.748062e-07,8.699249e-05,1.2978542e-05,0.000778291,2.2122467e-06,1.4429355e-06,0.018858207,5.715625e-05,0.0003839918,3.0475945e-05,3.0002702e-05,0.001828519,0.0038859197
549565,Rheumatology,1.3301899e-06,5.69889e-06,8.796096e-05,2.654789e-07,0.0009677265,4.978065e-07,1.3362242e-06,3.8258e-05,0.00058382243,3.6470256e-06,2.744921e-06,1.4580253e-07,9.097749e-05,7.1736075e-09,1.7062813e-07,2.599119e-07,6.675505e-06,0.000314806,3.4480974e-05,5.239033e-06,1.7809803e-07,4.537221e-05,0.0010630686,4.4521385e-06,9.843773e-06,1.7712095e-08,1.5766316e-05,6.6099647e-06,1.0183849e-05,0.00012687779,4.2193506e-09,3.548975e-07,2.9607847e-05,0.0012725901,0.009548435,2.0880603e-07,2.415886e-06,2.5089778e-06,0.000109560075,8.8026834e-05,1.776823e-08,8.360493e-07,1.3411354e-06,2.2486165e-07,1.122042e-05,1.0504797e-09,6.236067e-07,0.47696352,9.125812e-08,1.0234235e-07,0.0006885575,1.06197695e-05,5.758967e-06,0.00019847485
157123,Enfermedades infecciosas,0.0013650585,0.03750283,0.03474311,0.025617495,0.058677264,0.0014724019,0.00028485502,0.0035667194,0.0010081226,0.025407111,0.031002773,0.31721655,0.030996772,0.0046790345,0.0034577893,0.010157982,0.4391863,0.04087635,0.002722427,0.0009395486,0.00042316527,0.00012530442,0.0023280624,0.0090380665,0.0061853323,0.004496514,0.00039548488,0.00061370706,0.015390922,0.02631257,0.024453467,0.006301181,0.0021732838,0.007052696,0.00053933874,0.04718123,0.0033337558,0.010142843,0.1205879,0.0041025914,0.020899512,0.0077191843,0.08115886,0.009231328,0.07016935,0.00041249103,0.0032411735,0.00079917227,0.00013222972,0.00027020415,0.0002253781,0.0016576176,0.00060219626,0.015779488
840541,Enfermedades infecciosas,0.0008836729,0.009790133,0.07080293,0.0010569908,0.06357616,0.0006397552,7.251049e-05,0.0027910117,0.00089968555,0.006902736,0.013685055,0.0039868704,0.022318669,0.00062401936,0.00027402275,0.00055027974,0.17362906,0.026111297,0.0014492992,0.0005910951,0.001516374,0.00031957752,0.016445728,0.0033983237,0.0055059725,0.001096332,0.0002973489,0.0018676211,0.0006724138,0.021311583,0.0006691815,0.0014271698,0.0017713467,0.0037260253,0.0018612108,0.008703379,0.0073714717,0.0037890591,0.034115426,0.0028661708,0.0037278507,0.0018771333,0.011450755,0.0031861325,0.0548726,6.6282955e-05,0.00046468942,0.0024157052,0.00010960678,0.00013965124,0.00024353617,0.00059932616,0.001833497,0.03167318
157106,Oncology,2.302708e-05,0.002572866,0.003085805,0.00045012563,0.036525033,7.2109855e-05,5.707144e-05,0.0004303527,0.010512959,0.00046918352,0.037534513,0.0022024526,0.0077559,1.1316695e-05,0.00033392478,0.00045644838,0.003025904,0.014182749,0.00032003093,4.663605e-05,8.384864e-05,1.0054382e-05,0.008080148,0.0009833605,0.00057529996,0.0031464351,0.000117858384,0.00048318863,0.0014877816,0.0010238225,1.2403461e-05,5.7996673e-05,0.049264964,0.014433139,0.0005237382,0.00094398216,0.00017053797,0.00048610268,0.0060901633,0.0006572317,0.001429135,0.0002680368,0.002600948,0.003993382,0.00080586696,3.0734548e-06,2.824493e-05,0.0048937444,1.9609002e-05,3.631824e-05,0.00028524586,0.00014992616,0.0012990503,0.0030857157
353126,Rheumatology,0.00046035743,0.0015815375,0.0058203824,0.00076767267,0.046865903,9.7138654e-05,0.00037398297,0.0015003021,0.00017565963,0.012009726,0.00048489528,0.0015195785,0.0070330324,0.00030160474,9.4102375e-05,0.00034913325,0.039238356,0.028558956,0.0025534728,0.008777905,5.1858562e-05,0.00072469766,0.0013693,0.0015917692,0.0007654108,0.00022971383,0.00089793466,0.00033221356,0.004900165,0.042768914,0.0020435357,0.00033089198,0.00026251574,0.0017265469,0.0056085605,0.000997198,0.00070299936,0.0009110907,0.042310286,0.00048990984,0.000963889,0.00069784187,0.0018045952,0.00035591435,0.008576054,3.3873173e-05,0.00032984413,0.100648545,1.4763558e-05,3.3614702e-05,0.00038941114,0.00047285832,0.00016300104,0.05469497
418676,Enfermedades infecciosas,0.00014706445,0.007151336,0.006281634,0.00012281587,0.031766437,4.5947574e-05,2.9704725e-06,0.0011732471,3.2016505e-05,0.0071467534,0.00033593285,0.015912125,0.0006007831,4.9213635e-05,6.8553156e-05,0.0011479006,0.4559641,0.104195476,0.000786726,1.2859847e-05,3.5045257e-06,6.7867644e-05,0.001803562,0.00067074166,0.0006349976,9.221913e-06,2.7215392e-05,4.9602397e-05,0.0013099082,0.07331197,0.0011141753,0.0036953592,3.6554728e-05,0.0018188165,0.0003693449,0.00087059964,7.519212e-05,0.0022402646,0.19458568,0.0009969458,0.00036602418,0.0020679897,0.0063957707,5.0289014e-05,0.009020432,1.057742e-05,0.0019257062,0.0110792685,5.925918e-06,8.023518e-06,0.000119501565,0.00021540199,1.0698632e-05,0.006179979
420191,Enfermedades infecciosas,2.1249354e-05,0.00931168,0.00609851,0.00023802758,0.006968618,1.8914106e-05,2.6824807e-07,0.00012368555,3.839677e-06,0.0052960515,0.00017139723,0.05870674,0.00026448662,9.975922e-05,2.0835898e-05,0.0007108127,0.7503325,0.019947326,6.328306e-05,2.04276e-06,2.3874577e-06,1.5217413e-06,0.0001435926,0.0004490029,0.00140812,2.7502334e-05,3.5146772e-06,4.046084e-06,0.00016112845,0.01658785,0.0012121571,0.0006598709,8.667644e-06,0.00023908181,2.7884823e-06,0.019685246,0.00032290904,0.0012343399,0.051096093,0.00015962493,0.00049060705,0.0012680728,0.017203309,0.00011683598,0.044027463,1.9520671e-06,0.00037135236,1.3130713e-05,9.3482106e-07,2.319881e-06,8.1556533e-07,2.299267e-05,3.020616e-06,0.0016720257
419688,Enfermedades infecciosas,0.0015518729,0.08013229,0.048143074,0.014905111,0.106403105,0.00621818,0.00018581712,0.0069718887,0.0017525653,0.098307036,0.0054038316,0.06647005,0.016543537,0.00078716734,0.0009726176,0.0071411324,0.43559363,0.36297217,0.0018405443,0.0012351149,0.0002111275,0.0009292296,0.007101561,0.010229201,0.016796976,0.0014363282,0.001347268,0.0032341657,0.00250723,0.13923292,0.006703583,0.01030462,0.0019521409,0.003662534,0.0038060648,0.08412897,0.010683145,0.018008145,0.22386155,0.012709052,0.008268301,0.0161015,0.088465855,0.0016481783,0.14423423,0.00068543514,0.007848497,0.0028998002,0.001164312,0.0017544281,0.0014262615,0.0026278635,0.0022853937,0.036972594
353091,Farmacología,0.0013962315,0.0673108,0.041887112,0.012362622,0.026759773,0.0042127045,0.00024063967,0.013257384,0.0061168703,0.017224621,0.0068911156,0.04423056,0.01838143,0.0005396974,0.0016395741,0.0062418627,0.05940425,0.27148512,0.0033702906,0.00038840497,0.00015314696,0.0011805214,0.012362684,0.0038765066,0.015467365,0.0007965238,0.000940506,0.0006821326,0.013305281,0.06624781,0.0023019165,0.0115902545,0.0011899496,0.011106317,0.061918348,0.027868524,0.0056537664,0.007548199,0.20473163,0.01875774,0.0018083474,0.0052100583,0.06568367,0.0025453027,0.014966601,0.00042218211,0.0070395516,0.010933681,0.000760998,0.0011932021,0.02295493,0.010187372,0.0019021021,0.01654991
386096,Rheumatology,0.00022704879,0.0022221894,0.006236508,2.4842826e-05,0.023388328,7.4030126e-05,4.55025e-05,0.004235795,0.0002709724,0.0017702297,0.00039587187,4.853203e-05,0.0018557196,4.403317e-06,1.3360646e-05,7.606468e-05,0.005574768,0.05285103,0.0024828636,0.00015085394,6.0787766e-05,0.000629156,0.025600646,0.0007831379,0.001897488,4.2260508e-05,0.00037812878,0.002878989,7.9199956e-05,0.053571716,6.0699763e-06,0.00016979776,0.0006157952,0.0029742592,0.021081433,0.0006443522,0.0014112764,0.0005791147,0.038889717,0.0040347017,5.1869643e-05,0.0004811397,0.00086514704,7.271295e-05,0.0059440923,3.2798534e-06,0.00016169698,0.13204978,0.00012090763,8.92933e-05,0.0033078634,0.00029031577,0.0006967939,0.020693488
326568,"Chemistry, Multidisciplinary",0.00070062705,0.0046454445,0.01977903,0.3873716,0.0066266516,0.002177788,1.710273e-05,0.0014655036,0.0009877835,0.002051614,0.0072507686,0.58187544,0.0070038047,0.0004890705,0.0016800824,0.00019920668,0.012531884,0.003756706,0.00067020365,0.00027091248,1.225197e-05,0.0003077431,3.637668e-05,0.0010179554,0.0001248887,3.2866905e-05,1.1773455e-05,3.8705002e-05,0.007948756,0.0015662638,0.025240336,0.004596457,0.00010850013,0.0004947025,0.0008410287,0.0008388713,0.00010902169,0.0005986708,0.015621672,0.001926082,0.0005792325,0.0002473291,0.010625869,0.0002597061,0.0011458226,8.5248e-05,0.0019461699,0.00036147775,1.5800617e-05,6.494568e-05,7.435522e-05,0.0007344928,7.598719e-06,0.00074253936
992458,Rheumatology,3.3013198e-08,1.5719838e-09,7.509195e-08,8.461197e-11,7.331227e-06,2.9665416e-11,1.1192103e-07,2.409011e-07,6.0589485e-08,1.209577e-09,5.8409995e-08,1.3368119e-14,1.0232303e-07,2.5298051e-12,1.9988079e-11,1.2855504e-10,2.4075977e-08,1.584341e-05,1.0640607e-06,1.5735237e-05,2.0890915e-10,7.1233044e-05,0.0017911437,2.7160267e-08,1.47101655e-08,1.1388792e-12,1.720697e-06,7.1168392e-06,4.3437987e-09,2.0640089e-06,2.4966302e-11,6.316857e-11,1.2187202e-08,2.996893e-07,0.03544062,4.7504035e-11,4.195228e-09,7.943125e-09,1.3257409e-06,1.917611e-07,4.593263e-09,1.6026797e-09,3.2495966e-09,2.5384447e-10,2.3149585e-07,2.0509035e-12,1.1890516e-09,0.95775086,5.368376e-10,1.1396001e-09,1.2027219e-05,6.023872e-08,2.7920052e-07,1.1548273e-05
1033428,Parasitology,9.737702e-07,2.3062794e-06,3.421409e-05,1.5249653e-05,0.0012552143,6.233129e-07,2.7921012e-06,6.1475356e-07,0.00043331043,9.9556615e-05,2.232715e-06,4.944451e-09,7.460544e-05,2.5129452e-07,4.3089425e-09,2.5719531e-08,3.2546242e-05,9.884356e-05,7.5230596e-06,0.02382672,1.0763258e-07,0.00024522402,0.0012013762,8.127174e-06,1.1194148e-05,5.4494762e-06,3.9561066e-05,1.6474138e-05,0.00032858367,7.9187426e-05,3.2036795e-07,1.0990271e-07,2.1718058e-06,3.0186147e-05,0.10142536,2.5101456e-06,6.936827e-05,3.3538247e-06,2.5275313e-05,1.510023e-07,7.145212e-06,9.790417e-08,5.2261184e-06,8.922916e-06,3.875472e-05,1.28184965e-08,2.1659078e-07,0.0013326071,2.0492385e-07,1.0821528e-06,0.00047875798,4.4563435e-06,0.000108315806,0.001005268
565575,"Chemistry, Organic",3.0156998e-06,2.841726e-06,0.0005332355,0.00024503306,0.00015803413,2.7278379e-08,1.6294214e-06,0.00015197869,1.5488423e-06,6.1708896e-08,0.014999636,1.1778347e-06,0.09646319,9.865811e-08,4.5467295e-06,9.1730135e-09,4.8268394e-06,4.9597762e-05,8.0266965e-08,0.0011094507,5.634262e-07,1.6397352e-07,1.6969143e-06,1.166256e-06,5.41569e-08,7.57784e-08,7.406776e-08,1.3242637e-06,1.1246865e-07,4.107132e-06,3.994133e-07,6.9543047e-09,9.340048e-07,2.7200142e-07,0.0020055969,2.6160666e-07,6.711315e-08,1.7060843e-07,6.369531e-05,2.3887309e-05,1.050054e-07,3.38997e-08,9.030489e-06,1.4745326e-07,1.1827722e-05,7.339086e-10,4.955904e-09,0.01148924,4.1386386e-10,2.4507454e-09,1.9958188e-07,8.241391e-06,2.3971381e-06,0.00019147657
997179,Genetics & Heredity,1.2235879e-05,9.121197e-06,0.00043216054,0.00029040797,0.004521322,1.504303e-05,8.624168e-06,3.1787765e-06,0.0011226492,0.00032215356,1.3443826e-05,1.15851805e-07,0.00030081562,1.9952242e-06,4.735168e-08,5.6959067e-08,0.00024898007,0.00026107952,8.778082e-06,0.11830775,1.280895e-06,0.0028823789,0.00050379784,7.383054e-05,1.866226e-05,4.235756e-06,8.610725e-05,8.491544e-05,4.0668903e-05,0.00026985919,5.4884945e-06,3.8196336e-07,1.6960543e-05,1.6208543e-05,0.013998965,1.1114644e-05,0.00034370722,1.4460899e-05,4.6554156e-05,2.6813632e-06,1.5974341e-05,7.427962e-07,3.6291167e-05,1.1685936e-05,0.00035632518,2.0038021e-07,9.183536e-07,0.0009550552,1.428838e-06,1.1484463e-05,4.2196687e-05,4.592079e-06,0.00017081463,0.0009462762
996825,Biology,0.00010071515,0.0030118967,0.007887808,0.0032950956,0.15913177,0.0014611072,0.00014836903,0.0013948419,0.022011789,0.007566127,0.0031024828,0.034656685,0.024032474,5.0356633e-05,0.0011858412,0.0006534104,0.0029341818,0.010093722,0.0019760139,0.00019984551,7.067457e-05,4.7270783e-05,0.0004249648,0.001033556,0.00041883456,0.0008596006,0.00033063814,0.00089207734,0.0035190731,0.0052763144,0.0001092195,0.00028517214,0.1408989,0.022063596,0.00031727797,0.00056320085,0.00014077444,0.0007241613,0.018225633,0.0044147004,8.79483e-05,0.0010393496,0.0012467615,0.00035887994,0.0019909134,1.927512e-05,0.00016173617,0.026619393,3.2704356e-05,2.32156e-05,0.00026024325,0.00019298395,0.00021616199,0.0055883136
996931,Parasitology,0.0005022367,0.0074145338,0.05658383,0.028882252,0.012690702,0.0020949745,2.8790679e-05,0.008898586,0.015039888,0.0013706909,0.0052220016,0.02906684,0.020677576,6.2488136e-05,0.00067920896,6.322872e-05,0.0011145842,0.011113824,0.0009064945,0.00022808832,4.4678138e-05,0.0006051677,0.0017130132,0.00040311378,0.00047033123,3.5197565e-05,5.4949498e-05,0.00013103391,0.0033872824,0.003846463,0.00014006066,0.003680895,0.00025601254,0.0038160526,0.08617696,0.00032892532,0.0003806072,0.00035336855,0.021429464,0.011275677,2.425669e-05,0.00010515917,0.00454186,0.00025553312,0.0009224135,1.4395705e-05,0.0014980295,0.013997478,3.4329525e-05,5.9614027e-05,0.008321443,0.002957671,0.00011213194,0.003973425
157203,Biology,1.67131e-05,0.00028970666,0.0024521789,9.342317e-06,0.038735673,1.28686925e-05,2.0700982e-05,0.00019596073,6.2114435e-05,0.004048654,5.3613378e-05,6.54878e-05,0.0040702657,2.80588e-06,6.458088e-07,8.168137e-06,0.0017979599,0.0025258067,0.003777315,0.00012604933,2.1849852e-05,2.0647809e-05,0.0025273655,0.00031739596,0.00019132347,0.00018166704,0.0001497113,0.00044181122,0.0006555908,0.0069529912,2.2385311e-06,3.243906e-05,0.00012801528,0.0030132788,0.00437286,0.00022692521,0.000659987,4.408166e-05,0.020705374,7.95967e-05,6.42925e-05,2.6765883e-05,0.000114849776,0.00031873988,0.0013420167,3.3423385e-07,1.3812651e-05,0.0112074325,2.6836678e-06,3.709248e-06,0.0008847273,2.319396e-05,0.00016195762,0.020785
535254,"Chemistry, Organic",3.24311e-07,6.7928664e-07,0.00094852963,0.0014316243,6.4973494e-05,6.6174685e-08,1.323156e-07,4.5663232e-06,2.7562017e-05,1.3586501e-08,0.006387579,2.0484137e-08,0.06534837,9.967284e-09,8.340602e-08,1.4589858e-10,6.618845e-07,1.0145364e-05,1.717556e-09,0.0024023354,8.414006e-08,1.1675298e-07,9.922169e-07,1.9263321e-07,2.7200185e-08,6.130907e-08,1.6414601e-08,3.1448772e-07,1.5690011e-08,2.099682e-07,1.2018046e-08,3.1940448e-10,2.3902615e-07,1.9663513e-08,0.005876062,1.4079578e-07,2.207662e-07,2.5470024e-08,3.2912997e-06,2.3262637e-06,3.8855678e-08,5.5297084e-10,9.163597e-06,9.7260745e-08,3.2264002e-06,7.2193085e-11,2.611322e-10,3.9946193e-05,1.9529196e-10,3.8333376e-09,8.34283e-08,2.5891445e-06,1.1683395e-05,9.216893e-06
551424,Biochemistry & Molecular Biology,2.81579e-05,9.526428e-05,0.0064350194,0.9267979,0.00019392023,0.00031032402,7.064428e-07,0.00013237339,0.00044227325,2.161697e-06,0.094432674,0.00625669,0.022014782,3.5768373e-06,0.00012737601,4.8791276e-07,1.2287224e-05,0.0002133309,1.6798034e-06,0.00012007578,2.1122909e-07,4.2022684e-06,1.3103455e-06,7.0465085e-06,8.47466e-07,5.7775145e-07,6.135973e-08,8.308563e-06,2.9259036e-05,1.9111424e-06,0.00029755023,1.2734753e-05,4.235655e-06,9.044392e-07,0.008741618,1.8717854e-05,1.7346804e-06,4.190703e-06,0.00013475315,0.000211148,3.8619248e-05,6.173769e-07,0.0003962817,4.7195563e-06,1.1920816e-05,6.279513e-07,2.6281173e-06,8.663347e-06,3.2551884e-07,2.4151514e-06,5.0267586e-06,0.00030058197,8.20214e-06,6.3561665e-06
547881,Parasitology,1.2661973e-05,2.7856595e-06,0.0007237067,0.0038507553,0.00026183235,1.828719e-06,3.3615452e-06,7.15181e-05,6.093263e-06,2.0839873e-06,0.0012697764,4.7385024e-07,0.004650574,6.2973425e-07,6.459813e-07,3.449099e-08,3.0953433e-05,0.00023614732,1.2176292e-06,0.02884543,2.0921226e-07,2.7878123e-05,1.8711838e-05,6.761547e-06,4.7145176e-07,4.1755484e-07,1.0292439e-06,1.9430649e-05,2.2898403e-06,1.6445818e-05,2.0649757e-05,7.4287485e-08,7.9300094e-07,1.0470241e-07,0.036570292,2.5882928e-06,2.786794e-06,2.3260507e-06,8.8215056e-05,1.2526614e-05,1.1263142e-05,1.6800952e-07,4.1983993e-05,8.7174806e-07,3.9675426e-05,8.1479676e-08,1.0758209e-07,0.0036096794,3.3256704e-08,2.4886901e-07,3.6333481e-06,3.066141e-05,5.9031354e-05,0.00022456213
995003,Genetics & Heredity;Immunology,1.6244305e-05,4.9074704e-09,6.686177e-06,0.0005147716,1.20425875e-05,2.8114945e-07,3.0477195e-05,1.2370029e-07,4.428395e-06,1.4048707e-06,8.052078e-07,1.1196368e-12,4.45494e-07,3.756e-06,4.504239e-10,8.471096e-11,1.4263874e-06,1.7129477e-06,2.1642002e-07,0.997367,1.9993786e-06,0.5982877,3.551494e-05,6.2804015e-06,1.5560364e-07,2.3111713e-09,0.0001620996,0.00015099629,2.735523e-08,6.925979e-06,9.636524e-05,1.2183642e-09,8.681643e-08,1.7273198e-09,0.00025019702,5.3526666e-08,1.0171463e-05,1.4759046e-06,5.2337906e-08,3.645978e-08,5.9402955e-06,1.5962739e-08,2.7141863e-07,1.05414365e-07,5.3555996e-05,1.7626537e-07,7.996603e-09,0.00017856547,3.8067822e-07,3.4761524e-06,1.3767094e-08,9.452474e-08,3.7907114e-06,0.00011752249
995635,Rheumatology,5.515103e-05,5.837925e-06,0.000111610716,1.5252547e-05,0.000644825,8.923997e-07,3.996338e-06,0.0003414436,8.8374845e-06,3.2694356e-06,1.6019803e-05,6.782005e-07,2.1091393e-05,5.808414e-07,3.36875e-06,1.1921528e-06,6.183501e-05,0.0008028911,0.00027010395,0.00015124702,2.0472987e-07,0.0028439779,0.00016983904,1.7421591e-05,1.1423e-06,6.0393635e-10,1.7955465e-05,2.810974e-05,1.190172e-05,0.000635184,3.3876597e-05,5.886844e-06,2.2032314e-06,1.2051686e-05,0.004931404,6.919628e-08,1.4198304e-07,1.089971e-05,0.0006190452,9.835568e-05,3.1074498e-07,7.0966757e-06,6.8360714e-06,3.3113214e-08,2.6131538e-05,1.2599759e-07,2.3169066e-05,0.9230983,1.0084354e-07,8.825881e-08,1.0845657e-05,2.914533e-05,3.9111012e-07,0.00022694815
995511,Rheumatology,8.95216e-06,2.6130547e-06,0.00015206073,3.8984362e-07,0.00075903564,5.8667354e-08,7.4319297e-07,0.00016820486,9.470653e-07,3.7379548e-06,4.492344e-06,2.5241707e-08,5.515324e-05,4.4175536e-08,1.08344416e-07,1.9465256e-08,2.6806501e-05,0.00044947074,7.825687e-05,6.6270884e-05,2.0772715e-07,0.00024515294,0.00025554994,9.9507415e-06,8.780191e-07,3.2255246e-10,4.546326e-06,6.04379e-05,5.467485e-07,0.00078460353,1.8818828e-07,9.825837e-07,5.49897e-07,7.3865976e-06,0.004262428,4.5040547e-08,3.131365e-07,1.9074569e-06,0.00046526274,4.6963763e-05,3.2703163e-08,7.356534e-07,1.6877246e-06,1.5521687e-08,3.255596e-05,1.9778037e-09,2.7485517e-06,0.9061219,2.0416618e-08,1.5729924e-08,6.4180394e-06,5.4844027e-06,2.49743e-07,0.0007704738
1001647,Rheumatology,1.0620383e-08,7.855314e-10,9.116957e-08,1.8592712e-10,5.816962e-06,1.9271319e-11,3.264782e-08,3.702254e-07,5.990987e-08,7.781736e-10,4.8493273e-08,4.919162e-14,3.275892e-07,1.1065314e-12,2.8591761e-11,1.8140055e-11,4.728388e-09,9.599718e-06,4.095349e-07,5.971672e-06,5.831662e-11,9.092606e-06,0.00013243174,8.422159e-09,3.0256888e-09,3.2202206e-13,2.6836244e-07,1.181899e-06,5.403636e-09,7.3412554e-07,1.0679438e-11,4.658736e-11,8.1928135e-09,1.4718282e-07,0.012607122,1.0201475e-11,4.8568294e-10,2.1175273e-09,1.0397935e-06,1.6317638e-07,3.344503e-10,4.769008e-10,1.5962761e-09,3.2585185e-11,4.4669672e-08,2.5684172e-13,5.001272e-10,0.9860164,3.063694e-11,5.448453e-11,4.860713e-06,4.3745317e-08,3.131857e-08,7.147188e-06
157092,Genetics & Heredity;Immunology,0.00933772,9.051994e-06,0.00053640595,0.01411078,0.00047927006,0.0007726288,0.0009430903,0.00011358369,0.0021428792,5.1255938e-05,0.00019498782,6.456548e-08,5.3066397e-06,0.00040608578,4.738859e-06,7.4088775e-06,0.0002687387,0.00027866388,0.00021346885,0.84211123,0.00057070446,0.9790663,0.01246949,0.0004121998,8.1252976e-05,4.5808724e-07,0.017119102,0.017880848,7.2905023e-06,0.00039961992,0.020620681,2.1279688e-05,7.5778116e-05,7.489886e-06,0.005190691,2.665653e-05,0.0005289108,0.0012158146,3.2805656e-05,0.00012601641,0.0006944921,0.00014879195,8.888594e-05,1.7767485e-05,0.0025940053,0.002111794,5.4627864e-05,0.0045581255,0.0021153085,0.005874898,1.9739286e-05,6.231752e-05,0.0005116579,0.0014454674
626037,Multidisciplinary Sciences,0.0011612102,0.020144368,0.010560027,0.045778878,0.03718443,0.0007729288,0.00053400215,0.0026846833,0.0011362301,0.027200392,0.008929599,0.14824943,0.016932072,0.0054983925,0.002231673,0.0028515174,0.111027196,0.02989582,0.0068155346,0.0037280894,7.934486e-05,0.00054050435,0.001980987,0.0041607535,0.0019047281,0.001390732,0.00036011546,0.00017188462,0.2531748,0.019890398,0.05146303,0.011967221,0.00035392988,0.009051512,0.007900812,0.0051953597,0.0007648713,0.0019399335,0.10299651,0.0014744969,0.0065380842,0.0016489506,0.04571496,0.0044232723,0.0060355756,0.00066813256,0.007053338,0.0049033323,7.840522e-05,0.00016371897,0.0017521606,0.0038032674,0.00010010503,0.016171183
537753,Genetics & Heredity;Immunology,0.0046163243,1.5420391e-06,0.00020618405,0.06891778,4.8659378e-05,0.00013447642,0.0006615953,6.47662e-05,0.00020190157,1.2148003e-05,0.00012836093,6.428506e-08,2.1073201e-06,0.001667825,6.5816457e-06,1.0900247e-06,3.1764423e-05,8.023954e-06,2.1369453e-05,0.94202524,0.00058925396,0.91935444,0.0003701505,5.047235e-05,1.1146264e-05,1.4542509e-07,0.0018193653,0.002146984,1.680885e-06,5.629733e-05,0.079112396,6.1943897e-06,1.178115e-05,5.776402e-07,0.00025337999,8.022507e-06,9.689506e-05,0.00024728142,3.3458475e-06,4.0571904e-05,9.022824e-05,3.9351107e-05,1.0229782e-05,4.0930636e-06,0.00074408506,0.0007923352,9.183342e-06,0.00038715286,0.0002030396,0.00058295997,5.775801e-07,1.86323e-05,1.7842092e-05,0.00036754177
548671,Parasitología,0.00021389099,0.2161204,0.04657831,0.024564067,0.022374092,0.0017888654,2.8322609e-05,0.0032730834,0.0033183547,0.007998766,0.017162442,0.10871209,0.023639219,0.00034154308,0.0007328323,0.0013177547,0.04454563,0.06285208,0.00036382434,8.937789e-05,0.0006020169,2.7155658e-05,0.0013938427,0.0012938229,0.026610292,0.013317163,0.00015016895,0.00022458227,0.0010942718,0.017361788,0.0003982913,0.0032602728,0.0011861235,0.0029895979,0.00038854455,0.33956206,0.021635039,0.005475534,0.16997936,0.0062571014,0.00049524487,0.0016593551,0.3224703,0.0036324454,0.059376203,6.9946094e-05,0.0011765659,2.9907062e-05,0.00016801344,0.00051137607,0.0002636545,0.0003669062,0.0008734042,0.009593745
531916,Parasitología animal,0.00020526527,0.0013486018,0.025223466,0.006437529,0.019079395,0.0024028243,9.293344e-05,0.00034802468,0.003149772,0.011162967,0.0036364307,1.931006e-05,0.01624152,4.6515506e-05,2.072352e-06,1.4907458e-05,0.0057096477,0.008342276,0.000104033206,0.0150463395,0.0011563909,0.00034802518,0.019629369,0.00086884934,0.012430767,0.02029479,0.000522594,0.021322753,2.1179574e-05,0.0035443604,1.9686366e-05,3.8314156e-05,0.0010539216,0.00018619807,0.019940887,0.09357129,0.28619698,0.00061181776,0.003629335,0.0005085347,0.0016932315,0.00011112201,0.0022120953,0.0034495997,0.06289126,2.888446e-05,1.0629254e-05,3.0197434e-05,0.0013671272,0.0043232036,0.0010889034,0.00017863612,0.1774108,0.019330572
559784,Rheumatology,2.8204427e-06,1.5313409e-06,1.0493565e-05,3.788702e-08,0.00028223044,1.3022271e-08,4.7683807e-06,0.0001612027,2.3252655e-06,4.449204e-07,2.5046644e-05,2.9656109e-09,2.9951501e-05,6.3441514e-09,1.9670625e-07,3.6090768e-07,7.480898e-06,0.00047287717,0.000104771214,1.9326992e-05,1.3994973e-07,3.7486898e-05,0.0051845163,1.6149767e-06,1.7996224e-06,3.9380392e-09,6.8965433e-06,4.3508862e-05,4.8145967e-06,0.00011283427,3.8360024e-08,4.2675953e-07,2.0247107e-06,0.00010951254,0.01997636,2.6864686e-08,9.76038e-08,1.5561578e-06,0.0005164625,6.5747285e-05,1.303244e-07,1.701669e-06,1.4827357e-06,3.706524e-08,4.9016726e-06,3.2758518e-09,1.4032183e-06,0.98281366,3.990021e-08,3.9206093e-08,0.00046647064,9.379007e-06,1.6502802e-06,0.0003314044
555930,"Chemistry, Multidisciplinary",0.0095043685,0.07720337,0.1274199,0.078412294,0.07776917,0.01839877,0.0016963294,0.06264936,0.010376841,0.031836767,0.0795868,0.25629193,0.1129965,0.005454016,0.020044316,0.016607586,0.1638902,0.13886091,0.009634103,0.0042052777,0.0025756757,0.0023994425,0.013332873,0.010134357,0.01455802,0.00492213,0.0017598822,0.004578169,0.015796812,0.065046325,0.020712486,0.026038876,0.0093205385,0.021321604,0.026580488,0.03729427,0.009164793,0.022886947,0.18419999,0.070925884,0.0068985075,0.021863757,0.07777765,0.0048761815,0.07286329,0.002158078,0.0134209525,0.026835691,0.0017713608,0.0022598826,0.009488107,0.019263558,0.0048806076,0.053290233
554617,Cell Biology,1.428876e-05,0.0024145504,0.0018952966,0.061713956,0.00526718,0.0007936709,1.2034537e-06,6.767211e-06,0.90581536,0.00021458635,0.000594355,0.005718102,0.0025674542,8.121061e-06,0.0001775717,8.682685e-06,7.5768e-05,0.0014211906,7.329915e-07,7.551965e-05,2.559244e-06,0.00016985573,2.4735355e-05,5.1019273e-05,0.00015120087,6.885913e-05,1.1971422e-05,1.4564747e-06,0.0029243133,0.00010877434,5.271177e-06,3.6319972e-05,0.001339722,0.002647261,0.0012714228,6.3144296e-05,8.6974156e-05,0.00026814593,0.00036604775,4.688626e-05,7.0878787e-07,4.0226373e-06,0.0010007865,0.0001423436,0.00010107835,3.5855973e-07,3.4724373e-05,1.9143152e-05,2.6797704e-06,1.14615195e-05,0.00016121328,5.6998288e-05,3.2984717e-05,7.390605e-05
648381,Parasitología,3.6913305e-05,0.03691281,0.013460941,0.00997544,0.004340716,0.0002610198,2.1990309e-06,0.0003923721,7.907062e-05,0.0016835467,0.003695712,0.23027916,0.0014988792,0.00017310288,0.00013144576,0.0012868207,0.17871633,0.015495927,0.00013704118,5.7476695e-06,3.0280948e-05,2.2258648e-06,0.00021657543,0.0004798108,0.0062692547,0.0018064781,1.1591658e-05,1.8828083e-05,0.00042146537,0.003975482,0.0010264051,0.0008731125,9.5477444e-05,0.00044821942,1.1526288e-05,0.29997557,0.0036119078,0.002765186,0.06931169,0.00058907684,0.0018920421,0.0011479722,0.15198787,0.0015188451,0.03296415,1.0607421e-05,0.00037332822,1.4698871e-06,8.7915705e-06,4.916748e-05,7.182377e-06,6.6993656e-05,7.332787e-05,0.0018847908
544076,Biochemical Research Methods,0.00067827286,0.08099759,0.20790197,0.017262792,0.081278935,0.007031657,8.97965e-05,0.004267744,0.009547072,0.024627475,0.009978247,0.011129752,0.036205776,0.0004593898,0.00017919314,0.00025053145,0.046687476,0.04121716,0.0010760177,0.00079186726,0.002957172,0.0005589062,0.009842354,0.0035707958,0.0334402,0.0069380165,0.00071739167,0.0020435571,0.000799063,0.03553984,0.00034751737,0.0035320339,0.0018286897,0.0034141995,0.0034533478,0.113719925,0.1220313,0.0054342067,0.090005785,0.0057822256,0.0016988264,0.0007488061,0.105315916,0.0073840716,0.09329379,0.00010926564,0.0011749811,0.00014464566,0.0006653107,0.0013992419,0.0010668086,0.00061886763,0.004019079,0.016252603
548780,"Chemistry, Multidisciplinary",0.0010897876,0.11424173,0.017195007,0.0043736673,0.011674709,0.0005446063,4.4154996e-05,0.007487867,0.0006213215,0.0077889417,0.009910072,0.36154908,0.004624961,0.0016425569,0.0057015438,0.02520817,0.35330436,0.11627883,0.0024137017,2.6152331e-05,0.00022702951,0.00014879166,0.004114743,0.0061572106,0.015330673,0.00049656455,0.00018547726,0.00023539939,0.003941895,0.043311503,0.008982027,0.03444115,0.0005355702,0.010286651,0.0005418742,0.06975404,0.0014285621,0.008446253,0.19840857,0.01163379,0.0014975466,0.02564843,0.16997148,0.0027424933,0.029634655,0.00038133538,0.023148429,0.0010784422,0.00020893646,0.00045490268,0.00048672748,0.0022057698,0.00013319957,0.006806261
608046,Análisis cromatográfico;Plaguicidas,0.0046206713,0.40160096,0.059708446,0.020803668,0.017048368,0.0051540537,0.00079639745,0.039350726,0.017577697,0.010453879,0.05483612,0.16412106,0.038595464,0.004401053,0.019245675,0.030522576,0.09212978,0.23764028,0.005749241,0.00035365147,0.0043942425,0.0018360576,0.035012897,0.009756947,0.09738465,0.0073479023,0.0023242082,0.0014457593,0.014831739,0.0689932,0.005248236,0.070227996,0.0039636237,0.036286213,0.023797208,0.25842083,0.019895218,0.027212802,0.27365538,0.06800459,0.0024408035,0.029811775,0.47117236,0.018953491,0.044878293,0.002786026,0.039845303,0.0032203146,0.004064702,0.0093576005,0.025729483,0.013892694,0.0041537005,0.021331517
553159,Biology,0.0011192429,0.009911344,0.056143966,0.0016144186,0.08062924,0.00051169546,0.00017460725,0.0046254764,0.002423987,0.007001882,0.0035262506,0.0023451028,0.04640815,0.00019518238,0.00020916687,7.538848e-05,0.030888578,0.028046124,0.0009125407,0.0030882426,0.0005002901,0.001108729,0.0073673665,0.0027851996,0.002004264,0.00019573404,0.00054335495,0.0012316991,0.0006455924,0.031116959,0.00016186561,0.0010434621,0.0007286686,0.0032318346,0.01479469,0.0020196815,0.0027512526,0.001431867,0.030843986,0.0043997113,0.00022996428,0.00040205152,0.0069691753,0.0007933609,0.02333789,2.2304945e-05,0.00058571214,0.023826882,8.0398e-05,0.0001360999,0.0010326047,0.0008784984,0.0008161257,0.046154343
582207,Genetics & Heredity;Immunology,5.796787e-05,2.2361408e-09,1.2820536e-06,0.020986084,6.654922e-07,2.4160681e-06,1.7966633e-05,6.1088805e-08,0.00029369525,1.4645501e-07,9.4123067e-07,4.6529794e-12,1.4870114e-08,1.2892805e-05,3.7929584e-09,1.3440447e-10,4.8331124e-08,9.6819676e-08,1.9453452e-08,0.99671793,6.29244e-06,0.9782246,1.1303633e-05,2.3561506e-06,6.703255e-08,3.0801428e-10,8.6522574e-05,6.89032e-05,6.258817e-09,3.681839e-07,0.0007231944,1.4526418e-09,2.4402266e-07,9.129269e-10,4.2614134e-05,1.5350718e-08,2.2894253e-06,3.6453773e-06,2.7789129e-09,1.0182598e-07,5.9518015e-07,1.791008e-08,1.03192846e-07,2.863978e-08,8.464479e-06,3.2710357e-06,7.2694872e-09,1.0391758e-05,4.0259342e-06,2.3840701e-05,7.475153e-09,9.454872e-08,9.809584e-07,3.832671e-06
571975,Biology,0.00033700067,0.003844576,0.017004889,0.008339728,0.106423914,0.0010132013,0.00015315179,0.00095990516,0.007039996,0.023706032,0.0023509501,0.021137733,0.037496682,0.00027993458,0.00029637245,0.00011566738,0.011595413,0.010173437,0.0018366423,0.002951621,7.081321e-05,0.00029378626,0.0006624013,0.0023683761,0.000534074,0.0004506286,0.00043357356,0.00054820586,0.016878247,0.011362262,0.0006978289,0.0012702753,0.0025051679,0.006864528,0.0027576524,0.0008439227,0.00054475607,0.00080233807,0.02933525,0.0009137575,0.0003308983,0.00029798035,0.0038661666,0.0011598266,0.0054579517,2.8563367e-05,0.0006045558,0.014599774,1.8977125e-05,4.141353e-05,0.0006419834,0.0003013659,0.00013768193,0.0206395
862642,Genetics & Heredity;Immunology,0.00021830927,2.634853e-09,3.0402332e-06,0.0020038455,4.880282e-07,1.5260284e-06,1.1201089e-05,1.1722134e-07,0.0003911412,2.5857947e-08,1.2985176e-06,4.023737e-13,1.7098754e-08,5.905501e-06,3.2208842e-09,2.7066016e-10,1.4145229e-07,2.1432581e-07,4.9175448e-08,0.99088013,1.2044367e-05,0.99651164,0.000109480185,2.5384852e-06,1.3317545e-07,2.2777835e-10,0.00018362938,9.20857e-05,2.8048832e-09,5.449359e-07,0.00017583375,2.1705482e-09,1.3247205e-07,2.6577582e-09,0.00062117673,1.9650242e-08,5.8750443e-06,1.366052e-05,4.5417505e-09,1.8445901e-07,4.62352e-07,2.0478863e-08,2.2574024e-07,2.3324558e-08,1.9732754e-05,4.2038037e-06,1.5630542e-08,6.3006315e-05,2.1006625e-05,0.000112763395,2.5920313e-08,2.6507917e-07,9.679532e-06,1.0081717e-05
529277,Biochemistry & Molecular Biology;Cell Biology,1.6337938e-06,3.814981e-08,2.5958793e-06,0.99811083,1.4915798e-06,0.0057178913,9.915405e-09,1.0159077e-09,0.9063644,2.231288e-05,1.591506e-06,3.8072105e-07,5.823378e-07,1.5060003e-06,8.8935934e-08,6.456998e-10,3.691171e-09,3.2444927e-07,1.7244092e-10,0.15522179,3.9457483e-08,0.013923344,5.579602e-09,5.073311e-07,3.2538912e-07,4.041253e-08,5.5647252e-08,1.4946583e-07,5.121631e-06,9.202033e-09,0.000121577126,1.2797707e-08,6.589478e-06,6.940459e-08,9.088184e-05,1.4518115e-08,3.3446927e-06,5.1434567e-06,3.4483083e-09,6.0358104e-08,2.0626572e-08,8.5519297e-10,8.773849e-08,1.3014777e-07,2.7802983e-07,2.2481586e-06,5.996609e-09,2.223081e-09,6.9204333e-07,5.7562984e-06,1.3739542e-07,1.3991716e-07,2.4139578e-07,6.640351e-09
572097,Multidisciplinary Sciences,0.0017029379,0.006201392,0.019395333,0.019622114,0.06134145,0.0006956844,0.0006790348,0.0030340422,0.0011611786,0.05848267,0.0029401083,0.038541645,0.034504805,0.007780661,0.0014733924,0.00076700543,0.0499535,0.010370771,0.008345497,0.013300411,0.00033225253,0.0009026362,0.00060723384,0.004201282,0.0016372293,0.0009984481,0.0007718796,0.00041124565,0.09797724,0.03345223,0.025064038,0.005009995,0.00087500195,0.010511605,0.0035025794,0.0021117274,0.0012203006,0.001810591,0.058239486,0.0011479728,0.0018574215,0.0009359127,0.008058148,0.002075231,0.011244817,0.0002502762,0.0032060852,0.024837425,3.5667133e-05,4.9546186e-05,0.00052127143,0.0016695195,6.71277e-05,0.047562968
157097,Biochemistry & Molecular Biology,2.178643e-05,1.2542829e-06,9.8210876e-05,0.9984216,4.162611e-05,0.0015195388,4.2533443e-06,4.9258906e-06,5.7662426e-05,2.5254254e-05,0.000989981,0.00037866482,2.459057e-05,4.2333686e-05,3.591306e-06,1.2250938e-07,1.7807505e-06,1.1000112e-06,1.6378422e-06,0.052183088,1.4315259e-07,0.00029498048,6.219846e-08,1.2868349e-05,2.3611078e-07,6.136675e-08,5.439276e-07,2.981767e-05,3.1867643e-05,9.834549e-08,0.069756486,2.348476e-06,1.2618727e-06,8.599078e-08,1.534714e-05,1.8781352e-06,9.013755e-07,5.9566736e-07,5.747482e-07,2.4320307e-06,0.00011451122,3.1425176e-07,1.1169439e-05,1.702281e-06,8.749774e-06,4.1584604e-05,9.311996e-07,6.64972e-08,6.6284207e-07,1.0334929e-05,4.4027153e-08,5.4250686e-06,5.250869e-08,8.1965425e-07
937644,Genetics & Heredity,3.0377609e-05,4.6124573e-08,7.2789285e-06,0.0012926009,2.4436327e-05,2.5933747e-07,0.0002080909,2.2916636e-07,0.00013289218,1.6618679e-06,4.256586e-06,3.120636e-11,6.643971e-06,8.640723e-06,8.913355e-09,2.9717193e-10,1.0884437e-06,1.5253722e-06,1.1475144e-07,0.99752915,8.609943e-06,0.28070444,3.862816e-05,2.8120812e-05,6.2507854e-07,9.0001265e-08,0.00030214872,7.434303e-05,1.7779105e-07,9.222996e-06,3.3812783e-05,2.001148e-09,9.3333966e-07,2.0310003e-08,0.00091654813,3.6137297e-07,1.5223179e-05,3.986799e-06,1.2031332e-07,1.17110275e-07,3.0001952e-06,1.9056822e-08,1.1798044e-06,1.250597e-06,5.089143e-05,2.0257563e-07,1.5370935e-08,0.00019669792,1.1638394e-06,1.6364045e-05,1.510684e-07,4.3386302e-07,1.8572193e-05,0.00016684264
872276,Invertebrados,0.003934331,0.018275574,0.0026496819,0.0005208962,0.00039484914,0.00017602951,0.0001677975,0.0035327035,0.004665348,0.0010341633,0.00046597887,0.00055462314,9.626549e-05,0.00090796186,0.0015750704,0.009536834,0.007901952,0.055452295,0.00024275953,0.00012037419,0.001657758,0.01272898,0.024005791,0.0004713136,0.20746674,0.0005390648,0.00316473,0.0004467585,0.00022651016,0.17827159,0.0009306202,0.0066382755,0.0008649526,0.0065356405,0.0051050177,0.09136459,0.020704227,0.071309105,0.035729975,0.008303569,0.00017899965,0.027774174,0.00982883,0.0007323251,0.033752494,0.00066559645,0.004005426,0.0012108444,0.0134358425,0.016511984,0.0028019117,0.0016199688,0.00083181256,0.010469038
872280,Parasitología,0.0028357343,0.010302659,0.0017511983,0.0015222876,0.00014570577,0.00013159012,0.0002161525,0.0029600735,0.0024332728,0.0005199507,0.0005142566,0.00057457143,0.00010383638,0.0024812582,0.0024251149,0.017178826,0.005981416,0.02025576,7.366063e-05,0.00013557287,0.0015745921,0.00430337,0.0086703235,0.00028818933,0.24445969,0.0010217212,0.002754164,0.00020659908,0.000116620045,0.070763834,0.0019644073,0.001927031,0.00056667824,0.0026603893,0.0028297987,0.25329828,0.035739686,0.03683329,0.017326126,0.0051486823,0.00024985208,0.028822456,0.010786567,0.0006327849,0.04699975,0.0006331319,0.0013070034,0.00018888731,0.008379787,0.013239199,0.0009098713,0.0029629658,0.0012444912,0.0063706418
573385,Biochemistry & Molecular Biology,0.002127221,8.535105e-06,0.00030619084,0.8928788,5.0392322e-05,0.0005113939,0.00021106549,0.00039863086,4.8919934e-05,3.9395472e-06,0.0068348567,0.00016335797,3.0559386e-05,0.00057925354,0.00018825727,8.97436e-06,4.7958823e-05,8.44756e-06,3.2901713e-05,0.09993152,1.5212352e-05,0.037584256,1.3553737e-05,6.893193e-05,1.671575e-06,1.604838e-07,2.8793727e-05,0.00056677597,2.7260874e-05,2.9648065e-06,0.25575152,3.938903e-05,9.026615e-06,9.303457e-07,0.00017799193,1.408415e-05,3.082587e-06,8.406633e-05,7.547075e-06,8.4591506e-05,0.00031765504,3.1229567e-05,9.710948e-05,6.8635463e-06,0.00012951357,0.0009357901,2.6407404e-05,3.453188e-05,4.021881e-05,0.00022709859,5.909439e-07,0.00011994029,3.168329e-06,1.86465e-05
877457,Immunology,0.058000006,0.0021032586,0.008692369,0.029600212,0.0051747696,0.010315722,0.0037652922,0.0031447187,0.017812612,0.0038189648,0.001751481,0.00037876304,0.00013369674,0.020672664,0.0020737692,0.012621104,0.021307046,0.017495437,0.0038819052,0.09717806,0.006787308,0.79323506,0.043184463,0.004118221,0.024335347,0.00035921595,0.05523457,0.00799663,0.0014946524,0.0534856,0.22926824,0.004755457,0.0036505368,0.003169983,0.008680026,0.009808581,0.026087463,0.08920434,0.00726065,0.0069034,0.012434677,0.046247143,0.0029812257,0.0017264951,0.050884586,0.052823726,0.003120419,0.011395515,0.052090745,0.050474733,0.0007654458,0.0027196256,0.004838645,0.026014062
369671,Biochemistry & Molecular Biology,1.3391031e-05,5.923624e-07,7.742195e-05,0.99957377,4.5672397e-05,0.0026055425,3.475168e-06,2.9852285e-06,9.4711286e-05,2.7759272e-05,0.0012627443,0.0003006556,3.1673615e-05,2.1522023e-05,1.9433483e-06,3.7027583e-08,4.8091675e-07,4.2580663e-07,7.19789e-07,0.070362255,1.0559991e-07,0.000110341585,2.9073595e-08,9.922927e-06,1.1563049e-07,4.394376e-08,3.160596e-07,0.00010919586,8.831654e-06,2.6643933e-08,0.026391516,9.0003203e-07,2.198058e-06,3.941408e-08,7.842992e-06,8.179527e-07,4.9288656e-07,1.8721752e-07,1.8608773e-07,1.669902e-06,6.8803805e-05,1.17947536e-07,4.591952e-06,1.4260323e-06,6.4272213e-06,2.481323e-05,3.5729337e-07,1.5115697e-08,5.453092e-07,7.825897e-06,2.4216583e-08,3.182028e-06,4.1210225e-08,3.3565945e-07
570108,Biochemistry & Molecular Biology,1.8603907e-06,1.8008352e-05,0.002018961,0.99977565,0.0007755891,0.004397993,1.1609933e-07,4.5868887e-06,0.00013068118,4.1671545e-05,0.005385873,0.07958479,0.00072913436,6.4648606e-07,2.252032e-06,1.6617438e-08,1.8706222e-06,3.5481492e-06,6.618333e-07,0.00010105262,7.888756e-09,4.7332225e-07,7.272275e-09,1.50887745e-05,8.626018e-08,2.259961e-08,2.8307412e-08,0.00012305043,3.1166162e-06,5.399579e-08,0.0004454262,8.207085e-06,2.0689988e-06,3.800869e-08,9.9048975e-06,3.3219444e-06,1.9089185e-07,9.986601e-08,5.175193e-06,7.1758454e-06,6.989683e-05,3.0537517e-08,7.209115e-05,2.7228116e-06,8.727631e-06,1.1262937e-06,1.7424697e-06,1.3682822e-09,1.649335e-07,3.6331955e-06,1.9241892e-08,4.194565e-06,2.2867837e-08,6.748913e-08
629197,Genetics & Heredity;Immunology,0.0006485853,9.546145e-08,2.269654e-05,0.0072866045,7.062864e-06,1.5024921e-05,9.0035806e-05,1.550604e-06,0.0013425095,7.1494327e-07,1.2770436e-05,5.2857798e-11,3.9579626e-07,4.349372e-05,7.7702346e-08,9.0230685e-09,1.931641e-06,3.7079499e-06,7.917722e-07,0.98469234,7.132359e-05,0.9872566,0.0005515373,2.6050719e-05,2.2160411e-06,1.28963835e-08,0.00086375384,0.0004314262,1.0300898e-07,7.4732975e-06,0.0007663111,5.77751e-08,2.049406e-06,5.354964e-08,0.0019581832,4.6262105e-07,4.1607218e-05,7.4807045e-05,1.348278e-07,2.2781671e-06,8.033432e-06,3.5631984e-07,4.052676e-06,5.439598e-07,0.00013970266,2.8805318e-05,3.1907513e-07,0.0002820174,0.00010168198,0.0004074845,5.1496176e-07,3.5506678e-06,6.617597e-05,8.46597e-05
515527,Genetics & Heredity;Immunology,0.0015263727,2.457586e-07,3.601549e-05,0.010132814,1.0518675e-05,4.264271e-05,0.00014042319,3.5321968e-06,0.0042272774,1.3113631e-06,2.7819697e-05,2.8624567e-10,6.7143486e-07,7.307455e-05,3.0117084e-07,4.7691216e-08,4.5290894e-06,7.7166e-06,1.867462e-06,0.96378946,0.00014416278,0.98835933,0.0011089329,4.97382e-05,6.149532e-06,4.0204565e-08,0.0011810828,0.0009757241,2.737682e-07,1.1355485e-05,0.00090522313,2.1255572e-07,7.654236e-06,3.1338536e-07,0.0031510394,1.1752787e-06,8.5461084e-05,0.00022048711,2.9640668e-07,6.2054223e-06,1.0767077e-05,1.2553455e-06,8.030728e-06,1.324318e-06,0.00020280837,8.945294e-05,1.0068381e-06,0.0003495104,0.00037902902,0.0011821695,1.7061117e-06,9.1173615e-06,0.0001379391,0.00010269285
520599,Biochemistry & Molecular Biology;Genetics & Heredity,3.5035935e-06,6.3789876e-09,3.1479153e-06,0.99746746,5.9087967e-07,0.00032133487,1.4547072e-07,1.7768976e-08,0.004779153,1.0611898e-06,4.1398718e-05,2.4767466e-08,1.0464227e-06,4.429083e-06,4.485357e-08,2.1492487e-10,4.5679873e-09,3.1826147e-08,9.510154e-10,0.7913184,1.0789197e-07,0.0054268376,1.0255923e-08,5.7369397e-07,2.050106e-08,5.193049e-09,8.6298364e-08,3.3693668e-06,1.3123923e-07,2.285566e-09,0.001372178,2.0252429e-09,4.4257297e-07,8.8499263e-10,1.2391071e-05,2.1684848e-08,5.801859e-07,3.130944e-07,9.024011e-10,6.935325e-08,4.2553503e-07,1.2273907e-09,9.483408e-08,4.7918896e-08,7.9217097e-07,1.6953162e-06,1.7598536e-09,6.2189414e-09,2.476365e-07,2.3961438e-06,4.542556e-09,1.5827412e-07,1.3963057e-07,4.121549e-08
893963,Genetics & Heredity;Immunology,0.023854531,6.565068e-05,0.00146244,0.051414233,0.0011332547,0.0038449743,0.002954635,0.0005270959,0.007657504,0.00036164798,0.000644414,2.618563e-06,3.029617e-05,0.0044600107,0.000103728315,0.00012851355,0.0007227394,0.00079519436,0.00075478654,0.740428,0.0029969837,0.95610213,0.013105696,0.0007838696,0.00056725973,8.02149e-06,0.030408535,0.013730343,0.000104844265,0.0016798241,0.12624541,0.00020544951,0.000501585,8.0290876e-05,0.0074707703,0.00023606152,0.0021289364,0.005766384,0.00020827452,0.00069741474,0.0021869408,0.0012016194,0.00025823282,0.0001221387,0.006900608,0.013892504,0.00028060956,0.007174799,0.006202917,0.010866187,0.000109176806,0.00036407242,0.0011592015,0.0041169324
564769,Genetics & Heredity;Immunology,0.013370192,3.5509824e-05,0.00071318715,0.041345313,0.0005368991,0.0005003311,0.0026749508,0.00019849569,0.004575471,0.00014399654,0.00036826462,9.866732e-07,3.076923e-05,0.004600493,6.0472372e-05,1.8282208e-05,0.00028986362,0.0001818242,0.00024144404,0.90505993,0.0023373207,0.93793565,0.003048942,0.0006510784,0.00015400746,3.943449e-06,0.01199511,0.002850165,5.8453476e-05,0.0010048088,0.06829842,6.5506974e-05,0.00012036661,2.8434164e-05,0.0035416603,5.8756155e-05,0.0006377885,0.0023383296,7.070316e-05,0.00022541657,0.00035736224,0.00022083406,0.00012310628,5.8888538e-05,0.002777514,0.0025671478,0.00012549871,0.0071326853,0.00143952,0.0034762872,2.276845e-05,0.00014082853,0.00025848605,0.0027908522
625965,Genetics & Heredity;Immunology,0.0120418435,3.5833757e-06,0.0003222626,0.03769164,3.533107e-05,0.00020218534,0.00023792867,6.498478e-05,0.0007119747,2.0282832e-05,3.912987e-05,1.6540243e-07,1.6488912e-06,0.004943464,1.9240411e-05,3.56978e-06,5.2170508e-05,1.5883244e-05,3.150741e-05,0.75112003,0.0013221025,0.97240996,0.00035738645,3.867512e-05,5.037195e-05,1.9063879e-07,0.0014678927,0.00022742122,6.5200534e-06,0.00017931586,0.13679045,3.4952816e-05,9.253018e-06,4.38643e-06,0.0006754581,1.4453317e-05,0.00024149193,0.00085514196,9.729544e-06,9.137124e-05,2.6257363e-05,6.723045e-05,1.2191665e-05,4.918455e-06,0.00069012697,0.0027853742,3.011102e-05,0.00095203664,0.00039667255,0.0009239453,1.5362763e-06,4.230051e-05,1.4697155e-05,0.00051287416
887048,Enfermedades infecciosas,0.011555236,0.060702644,0.011491059,0.006015488,0.004361696,0.0008549249,0.00027766617,0.019038843,0.002268402,0.0024261847,0.004635395,0.099072486,0.0009203413,0.007861844,0.015644362,0.06711738,0.20163701,0.064416744,0.0030672406,0.00017439162,0.0017766316,0.0069052833,0.010879151,0.005444527,0.057087414,0.0005734512,0.0013845756,0.00065819983,0.0016782368,0.07469626,0.031456597,0.0291137,0.001144753,0.012831803,0.0011279854,0.08598816,0.0057865973,0.057153244,0.096991606,0.027364505,0.0011842821,0.11893968,0.10609945,0.0017703418,0.040444337,0.00397501,0.019560216,0.0034032022,0.0044603944,0.0063338894,0.00075986324,0.0055484907,0.00054256595,0.008216389
887514,Parasitología,0.0030787473,0.05648773,0.00441975,0.0022474865,0.00078217103,0.00022582053,0.00012059742,0.012571399,0.0010006174,0.00049223774,0.0033087546,0.060853455,0.00043581208,0.0032167747,0.011646643,0.08826241,0.09528602,0.03962315,0.0007857606,2.3562863e-05,0.00077454513,0.0009770036,0.008886015,0.001722184,0.090433195,0.0006263321,0.0006584399,0.0002053371,0.00070944795,0.03398269,0.00911999,0.01088743,0.0006551641,0.008324123,0.00088198547,0.23143305,0.0057534375,0.039092902,0.06760735,0.013857691,0.000700423,0.10393088,0.12578729,0.0017447094,0.024842896,0.0011659646,0.010061983,0.000516336,0.0017201505,0.0039011305,0.00095591135,0.0034250484,0.0005344597,0.0026124455
996409,Genetics & Heredity;Immunology,0.017504709,0.00016667346,0.0022985106,0.070352644,0.0018975423,0.0029884784,0.007952096,0.00065350224,0.021484088,0.00093950424,0.0009978432,4.427297e-06,0.00016832343,0.008904163,0.00017675645,8.341185e-05,0.00072124484,0.0009099868,0.00095433433,0.8862622,0.0060360967,0.92096466,0.013527979,0.0021312097,0.001168827,4.9709368e-05,0.032330617,0.010438618,0.00033881082,0.0027419142,0.056289308,0.00023804643,0.00078862987,0.00021050457,0.018780159,0.00038890142,0.003730942,0.0047164997,0.00028463596,0.00073862355,0.0016111509,0.0006685941,0.00055945775,0.00037551395,0.0065456023,0.0064682714,0.00044951547,0.010687555,0.006227194,0.010802703,0.00036109044,0.00085686875,0.0018356073,0.007216098
912200,Genetics & Heredity;Immunology,0.01183068,7.5399817e-06,0.0005599571,0.012913,0.00018526656,0.00022467501,0.0011184142,0.00010308068,0.00130264,2.7319511e-05,0.00016313461,5.9392768e-08,6.677212e-06,0.0013419363,8.816229e-06,4.7632584e-06,0.00015059757,9.1877904e-05,9.795479e-05,0.90532416,0.0016724467,0.97552276,0.0035678397,0.0002371715,6.837231e-05,5.636369e-07,0.010146008,0.0034976017,4.0511613e-06,0.0004526514,0.03114232,1.6870785e-05,2.8512095e-05,6.073775e-06,0.0021896262,2.5602767e-05,0.00057098333,0.0012080882,2.5358195e-05,0.00012326945,0.0001906984,0.000103729995,4.8932532e-05,1.6688175e-05,0.002113371,0.0015341268,3.0849264e-05,0.0035305005,0.0013373235,0.004232803,5.4220227e-06,4.843517e-05,0.00019963317,0.0017404631
926258,Immunology;Neurosciences,0.016938057,5.0944245e-06,9.938483e-05,0.02490212,3.3992936e-05,0.000121357065,0.00013924038,0.00016728946,8.88939e-05,4.781911e-06,2.773654e-05,4.7865556e-06,1.5081952e-07,0.014620073,0.00018712999,0.00036177438,0.0001752573,1.042513e-05,0.00030203984,0.029667381,0.0005624235,0.93545794,0.00014289666,2.086672e-05,2.2341284e-05,3.0617652e-08,0.0012658897,7.0945e-05,2.7952477e-05,0.000100024125,0.84083444,0.00031547516,7.383879e-06,1.1932213e-05,4.230902e-05,7.89966e-06,8.394317e-06,0.00079890154,2.253457e-05,0.00011278189,4.3275682e-05,0.0008504222,8.209214e-06,2.1905557e-06,0.00022207965,0.030926645,0.0001855342,0.0011294364,0.00018541943,0.0002486818,1.9653787e-07,5.734334e-05,1.6263537e-06,9.933112e-05
157209,Biochemistry & Molecular Biology,0.00019613214,6.771194e-06,0.0011245006,0.9921011,5.4523207e-05,0.008283783,3.0375006e-06,2.2232187e-05,0.010966122,1.6903172e-05,0.004774951,2.635769e-05,0.00042459203,2.1571419e-05,1.2654923e-05,3.8779604e-07,3.8084813e-06,2.781532e-05,5.674793e-07,0.056873865,2.6014677e-06,0.004448533,4.4879976e-06,3.1791544e-05,5.7454663e-06,8.6064256e-07,1.4071031e-06,0.000109966066,1.0170048e-05,4.904427e-07,0.0024535311,2.9835094e-06,7.5875387e-06,4.09132e-07,0.008722802,1.2311318e-05,5.227778e-05,3.6423855e-05,1.9233746e-06,4.814165e-05,5.2896656e-05,5.241988e-07,8.385064e-05,5.7040775e-06,4.3469794e-05,5.2254807e-05,1.570126e-06,1.8495413e-06,3.1468466e-05,0.00016094481,7.942855e-06,0.0001636745,6.643559e-05,2.611667e-06
157235,Genetics & Heredity;Immunology,0.0017696845,7.105204e-07,2.0054547e-05,0.099556334,1.7709002e-05,0.0002100116,0.00011956232,2.4935755e-06,0.025986934,7.094111e-06,2.6997915e-05,2.469115e-08,5.799635e-07,0.00057901535,3.5559372e-06,3.8319803e-07,3.954623e-06,5.596916e-06,1.5649027e-06,0.93529785,0.0002113972,0.9689049,0.00018090456,3.2228643e-05,8.263065e-06,1.4499109e-07,0.0008928129,0.00018857673,3.5722012e-06,1.7732476e-05,0.019159568,8.2068357e-07,3.5983972e-05,1.0724206e-06,0.0003954462,1.7911161e-06,5.6816974e-05,0.00048505317,6.599721e-07,1.0609262e-05,1.7565348e-05,6.814065e-06,4.1796907e-06,2.2159716e-06,0.00013793753,0.0005126902,1.680369e-06,9.406352e-05,0.00022873512,0.00064960355,1.4522554e-06,7.969844e-06,3.7046288e-05,4.4325436e-05
569147,Biochemistry & Molecular Biology,0.0070455605,0.00015656724,0.0026972536,0.44667768,0.0006638802,0.0006298706,0.00033437935,0.0016271763,0.00022142631,2.9763178e-05,0.010034686,0.005229574,0.0002185794,0.0021090263,0.0018339107,9.853977e-05,0.0016103328,8.0698555e-05,0.00018983777,0.02654106,0.00011348408,0.05000505,5.325013e-05,0.0005061991,1.0379794e-05,8.8592384e-07,0.0001425124,0.00067540916,0.00014451236,0.000115943556,0.24929386,0.000569149,5.238548e-05,1.6962113e-05,0.00013028376,6.645484e-05,1.0014477e-05,0.0009610696,0.00021640182,0.00055739854,0.00034205304,0.0003020741,0.000649893,4.166916e-05,0.00086236733,0.0015750905,0.00047468595,0.0006032964,8.146727e-05,0.000347216,1.5251948e-06,0.00026590886,5.8730557e-06,0.00024363928
1001158,Genetics & Heredity;Immunology,0.001185657,4.7607833e-07,6.2669125e-05,0.034260437,1.9270175e-05,4.8797672e-05,0.00022137543,5.918858e-06,0.0011348159,8.016397e-06,2.4972804e-05,2.9879301e-09,1.5987913e-06,0.00045086085,7.9771354e-07,5.7777743e-08,4.8557695e-06,5.1744328e-06,3.6153297e-06,0.9819648,0.00019309015,0.9596214,0.00021960968,4.7309342e-05,6.8068293e-06,8.190146e-08,0.0009744421,0.0003228795,1.3578517e-06,2.906295e-05,0.008662421,5.7143063e-07,5.60418e-06,2.9753699e-07,0.0009478922,1.930002e-06,9.295064e-05,0.0001166632,6.903236e-07,7.6257757e-06,1.9114477e-05,2.0462578e-06,5.682712e-06,2.300805e-06,0.00024119209,0.000103227045,1.6427948e-06,0.00037111755,8.845471e-05,0.0002985775,9.4632856e-07,7.697158e-06,2.4242883e-05,0.00019294697
555261,Rheumatology,5.1417053e-05,7.334837e-05,0.0012857978,1.337615e-05,0.001982264,2.0974217e-06,1.5671172e-05,0.0011489639,0.00014239016,2.313959e-05,0.00015241855,1.9187923e-06,0.0013644573,4.642249e-07,3.576619e-06,7.7034804e-07,9.938824e-05,0.0014380766,0.00017153539,0.00029925577,2.561715e-06,0.0004090643,0.0040759235,3.8218834e-05,2.4646399e-05,1.7604967e-07,3.162463e-05,5.513988e-05,6.296331e-05,0.00091265806,6.4587965e-07,1.749251e-05,7.128686e-06,0.00048680822,0.1113125,1.8980536e-06,9.649283e-06,1.3634622e-05,0.0015212528,0.00046219234,6.092927e-07,3.7657953e-06,6.6917746e-05,2.707875e-06,0.00010156599,5.5402083e-08,2.4357247e-05,0.6190187,7.360085e-07,1.24248e-06,0.0020630143,0.00018207298,1.5365767e-05,0.0026356145
555931,Neurosciences,0.0051268535,4.1878026e-05,0.00020053782,0.28584737,0.00013027928,0.001463496,0.00024764502,0.00051552756,0.00020819985,4.273907e-05,0.00013940112,0.00052813994,1.2581957e-06,0.024109641,0.000906751,0.006016811,0.00052701985,5.6513938e-05,0.0028270306,0.0023491748,0.00018872261,0.22072114,0.00013216554,4.5254325e-05,0.00013725695,8.25094e-07,0.0004106069,8.0552934e-05,0.0011729157,6.7908426e-05,0.8710415,0.0020810054,4.4221106e-05,0.00019682587,0.00017551916,6.8711095e-05,1.4808611e-05,0.0002907612,6.769565e-05,0.00024210794,0.0004958327,0.0020772358,3.6871053e-05,1.6184402e-05,0.00019862592,0.046877936,0.0010846385,0.00018732922,0.0002739464,0.0004021621,5.1234188e-06,0.0008325306,6.8783356e-06,6.688354e-05
554623,Biochemistry & Molecular Biology;Genetics & Heredity;Immunology,0.004230711,3.4725872e-06,0.00022751122,0.7784333,2.9684916e-05,0.003209032,0.00010261953,6.177714e-05,0.0074796285,2.7978373e-05,0.00070882833,2.399226e-06,1.3946696e-05,0.00055591133,1.9647206e-05,7.9737435e-07,1.1732703e-05,2.2090904e-05,8.105153e-06,0.71088076,0.00015334217,0.75075835,0.0001356211,0.0001100755,1.598603e-05,4.0905712e-07,0.00011918588,0.0018921565,1.1649994e-05,6.8745644e-06,0.03221346,1.3731078e-05,5.555156e-05,1.6236695e-06,0.0025926337,1.2244505e-05,0.0001191309,0.0003824011,1.9623856e-06,8.995324e-05,7.207294e-05,1.3601089e-05,3.6952013e-05,8.151096e-06,0.00020533809,0.0011278285,1.0048419e-05,8.4326864e-05,0.0003570115,0.0011524957,1.1337209e-05,8.682252e-05,6.192694e-05,4.3210694e-05
157199,Immunology;Neurosciences,0.027954852,3.923412e-05,0.0007441297,0.11598376,0.00034371248,0.004437629,0.0012330972,0.00065347116,0.0024047764,0.00010638077,0.00045758282,8.6484215e-06,7.110211e-06,0.0076120873,0.00023123159,0.00030864778,0.00040039956,0.00026930115,0.0006401687,0.35126907,0.0019045597,0.9499675,0.0029861196,0.00020857221,0.00021959524,1.8345288e-06,0.008870826,0.005044718,7.570308e-05,0.0004231471,0.45946455,0.0003571322,0.00024171053,4.4928856e-05,0.0020461124,0.00015738855,0.0005431077,0.0035558187,0.00011279384,0.00075114064,0.0011556068,0.0021469216,0.0001081778,3.518726e-05,0.0023071931,0.039678786,0.00028318458,0.002116963,0.0035171474,0.005423344,2.9362936e-05,0.00034358306,0.00025542008,0.00090772903
946121,"Biochemistry & Molecular Biology;Chemistry, Medicinal;Chemistry, Organic",1.0867585e-05,9.342597e-05,0.002900356,0.9513605,0.002097453,5.3914802e-05,1.002344e-05,2.5898482e-05,0.00014997848,2.6391735e-06,0.8835489,0.0005683995,0.52694833,4.4882886e-06,7.81497e-05,3.573237e-07,2.4243276e-05,5.683275e-05,3.9708058e-07,0.003494924,1.79367e-06,2.1393044e-08,1.5077463e-06,1.1530389e-05,5.003686e-07,0.0001728248,1.8135486e-07,0.00018302962,8.413487e-06,3.853643e-07,8.953553e-05,4.0928148e-07,4.6640187e-05,4.1047525e-07,0.0003296725,0.00013641757,1.7158236e-06,8.65611e-07,9.986687e-05,2.4546709e-05,0.0008240862,2.868735e-07,0.000756465,0.000101656,0.00010320047,3.5844144e-07,1.0825023e-07,2.5442236e-07,1.3551617e-07,1.9004353e-06,2.4476847e-07,2.714556e-05,0.00016128416,2.4858962e-05
992034,Rheumatology,2.1318055e-08,4.7548596e-09,7.80026e-08,3.9324827e-10,2.0504935e-05,3.6507325e-11,1.7560385e-08,3.8886624e-06,6.781999e-08,2.4359024e-09,6.559449e-08,9.566656e-11,2.7472674e-07,4.495422e-11,1.3233171e-08,3.0461411e-09,8.09286e-08,1.4298875e-05,1.366269e-06,1.4960374e-07,2.1607699e-10,7.82518e-07,4.487724e-06,9.5948085e-09,3.2775893e-09,1.239296e-13,6.436788e-08,1.2749777e-07,3.2624598e-08,3.867501e-06,1.9610167e-09,1.733968e-09,1.4853991e-07,1.2505875e-06,2.8146973e-05,1.1672737e-11,1.1625655e-11,2.1248393e-08,1.3634777e-05,1.4640659e-06,1.1713171e-11,5.195637e-08,1.731846e-09,1.9805037e-12,2.464382e-08,3.6655154e-12,7.7528215e-09,0.9995245,6.600162e-12,2.6004396e-12,1.3226439e-07,2.8403681e-08,2.7430436e-10,3.9087104e-06
916003,Rheumatology,1.12718155e-08,8.1185003e-10,3.998798e-08,9.788984e-11,8.503291e-06,1.2908029e-11,5.8558914e-08,3.9453454e-07,2.0101467e-08,9.075466e-10,7.735691e-08,3.4241348e-14,1.4324272e-07,1.1110974e-12,3.0600324e-11,7.948408e-11,1.0213718e-08,1.3673568e-05,1.0591029e-06,5.220191e-06,5.865597e-11,7.0908586e-06,0.0003635816,9.558933e-09,3.3469356e-09,5.8285316e-13,4.2420118e-07,2.8314732e-06,1.0969996e-08,1.0058467e-06,3.1784485e-11,6.774078e-11,7.752274e-09,1.7467097e-07,0.009103286,1.1100538e-11,2.5967992e-10,3.4379846e-09,3.1207323e-06,1.3979913e-07,1.5403474e-09,1.4192268e-09,2.0314173e-09,4.2021758e-11,4.2970612e-08,7.998128e-13,9.029641e-10,0.99280435,4.5534992e-11,8.547524e-11,6.096285e-06,3.141016e-08,3.187803e-08,8.139739e-06
348454,Genetics & Heredity,0.00043714637,0.0001945607,0.005048369,0.002867782,0.025604187,6.268802e-05,0.00054175797,0.0010135391,0.00029555784,0.0016528645,0.0012557183,5.8090056e-05,0.014914818,0.00011395481,2.9954559e-05,4.0067484e-06,0.0019169106,0.0032917787,0.00047385818,0.22900407,7.88297e-05,0.0027398367,0.00066788495,0.0012669698,5.779769e-05,2.2888818e-05,0.00058758917,0.00230258,0.00022671306,0.004242908,0.0004473911,3.4607543e-05,0.00024437538,0.000116161886,0.010295836,8.6489985e-05,0.00019229736,0.00015586388,0.002067123,0.00027115174,0.00016175592,5.7471334e-05,0.00046051305,8.2895254e-05,0.002288381,8.757329e-06,5.4721662e-05,0.13994269,7.2523967e-06,2.8056955e-05,8.2906074e-05,0.00010668899,0.0001507464,0.026215788
1033427,Rheumatology,9.0976926e-08,2.4426587e-08,1.7488559e-06,4.4621302e-08,2.2669632e-05,2.9094646e-10,2.7078952e-08,2.6603173e-05,4.629437e-07,3.7813073e-09,1.0056856e-06,2.9203018e-09,9.943247e-06,9.575236e-11,9.9829066e-08,5.366523e-10,3.83822e-08,1.9132876e-05,2.8677204e-07,1.1341642e-06,2.7408106e-10,9.272623e-07,1.0803741e-06,2.735309e-08,2.1202837e-09,6.6414154e-13,2.701653e-08,8.4910205e-08,5.6973736e-08,2.5803813e-06,3.538597e-09,4.9494426e-09,1.1942872e-07,5.047189e-07,0.0003463718,3.206299e-11,3.8520683e-11,1.4962122e-08,1.656303e-05,4.7607246e-06,2.8601796e-11,1.2327451e-08,2.4056147e-08,1.5433425e-11,3.6550436e-08,3.2616943e-12,1.1635101e-08,0.99723405,5.2624094e-12,7.452506e-12,3.6560797e-07,2.7894265e-07,6.702572e-10,6.125225e-06
944619,Microbiology,0.00023690978,9.604645e-06,0.0010686625,1.8798424e-05,0.0018840859,2.0715852e-05,9.259392e-06,0.00031002445,1.0535479e-05,2.8362127e-05,0.00012041736,2.7662264e-09,9.850515e-06,3.327231e-08,1.5105178e-08,5.3998985e-08,2.2707778e-05,0.00030361762,0.0012303682,0.00024838137,0.00014971901,0.03325284,0.07129709,0.00029494276,1.6837226e-05,1.0213759e-07,0.0010265914,0.941514,1.4707304e-08,0.00011205092,1.4860451e-07,4.0094772e-05,2.7706645e-05,2.9757832e-06,0.010597219,5.136021e-06,0.000110063964,9.400965e-06,0.0002009641,0.000108415115,0.00051411573,5.881603e-06,4.7854187e-06,9.844777e-06,0.0015352651,5.4433235e-07,1.9024765e-05,0.0023178954,0.00030119182,0.0003668079,0.00012271553,2.371537e-05,0.0011031127,0.00082701334
915997,Rheumatology,2.8437887e-08,1.7134234e-09,7.730706e-08,4.035787e-10,1.8729585e-05,2.926985e-11,1.6029917e-07,7.5524935e-07,3.250925e-08,1.865759e-09,1.6214788e-07,1.434568e-13,3.8076934e-07,5.100842e-12,1.2459223e-10,1.3701668e-10,1.7784538e-08,1.818875e-05,1.4497715e-06,2.1908441e-05,1.9183566e-10,1.2269157e-05,0.00022987003,1.8244178e-08,4.1632395e-09,1.2567832e-12,9.044332e-07,4.602233e-06,1.61801e-08,1.6836831e-06,1.5341485e-10,1.3516517e-10,1.5542515e-08,1.575828e-07,0.0062260823,2.311676e-11,2.7678393e-10,6.9208137e-09,4.8175452e-06,2.5047646e-07,2.172499e-09,3.4524412e-09,4.161287e-09,6.4618234e-11,7.5703134e-08,2.9165455e-12,1.8791482e-09,0.99378026,7.282344e-11,1.3596727e-10,3.4641623e-06,4.3125798e-08,3.6970278e-08,1.5185104e-05
887801,Parasitology,0.00060863025,0.0011769688,0.025823718,0.0031743117,0.028499175,0.00039902073,0.0002616492,0.0026502174,0.0011248206,0.0050670756,0.0017244878,9.850727e-05,0.024178956,0.00010311952,2.203355e-05,1.3106905e-05,0.0056902873,0.013553851,0.0006853313,0.042998876,0.00013053782,0.002751365,0.00770869,0.0011567852,0.0009805489,0.00019707019,0.0006524322,0.0028015745,0.00041517263,0.011363268,0.00015826485,0.00015845166,0.0002866807,0.00042419898,0.11084086,0.0011822989,0.0050451467,0.00040803105,0.0076619624,0.0012177994,0.00041543948,0.00010238553,0.0021318821,0.00041746118,0.008374298,2.2876642e-05,0.00012377075,0.02473718,9.874172e-05,0.00022176075,0.0023273393,0.00072624563,0.002302408,0.03187831
156895,Multidisciplinary Sciences,3.8005994e-05,0.00039006342,0.00049812644,0.055679396,0.0023659572,0.00010097027,3.416205e-05,3.5897396e-05,0.0002922492,0.011362391,0.0005896172,0.011200185,0.0040259855,0.0064983033,0.00015002239,0.00020727645,0.001735882,0.0003007511,0.00451236,0.00092442386,5.428407e-06,2.2755425e-05,2.0130117e-05,0.00011268676,0.00011464396,0.00050809624,2.158391e-05,3.0899423e-06,0.9106183,0.0003111004,0.042916737,0.0010455572,3.3992095e-05,0.0035319638,0.0027893903,0.00012630814,3.1810134e-05,7.512346e-05,0.005674069,9.387651e-06,0.0020571789,2.237576e-05,0.0011811745,0.0009373312,0.00015834667,8.6865904e-05,0.00027930195,0.00019886279,8.7446585e-07,7.2752044e-07,0.00035201234,0.0005042372,2.9353168e-06,0.00132376
925848,"Chemistry, Organic",8.414855e-07,0.0001868816,0.017102022,0.046379916,0.026434848,1.1200074e-05,2.5099033e-07,5.705525e-06,0.0005482947,2.0943135e-05,0.028689275,0.0025098755,0.47416997,4.634959e-07,4.680913e-06,8.164064e-09,4.9771406e-05,2.1892754e-05,1.5407942e-07,0.00020715632,1.2469385e-06,1.8102579e-08,2.477442e-07,1.0408808e-05,2.2999464e-07,1.1374463e-05,1.2534167e-07,6.0541124e-06,2.5490135e-06,5.4085176e-06,4.2653738e-07,4.2285535e-07,6.042182e-05,2.9412263e-06,1.5531763e-05,1.4860035e-05,1.827929e-06,4.99469e-07,0.0003320128,2.1909736e-05,8.784018e-07,3.7294726e-08,0.00026720445,1.7119388e-05,0.00013252572,3.6182035e-09,9.996244e-08,5.4493955e-07,3.2345824e-09,4.0080987e-08,4.6845923e-08,5.567012e-07,2.1141402e-06,7.567623e-05
616533,Plaguicidas,0.0011083467,0.21567257,0.011638151,0.0038939368,0.0044904966,0.0006248588,7.427713e-05,0.009678897,0.0021296302,0.0035695676,0.0063710883,0.12863316,0.0037719982,0.0011545776,0.0052391454,0.039802894,0.11354569,0.14369106,0.0012775487,2.5452076e-05,0.000454819,0.0002579956,0.007629148,0.002592533,0.07854237,0.002621454,0.0005312974,0.0002935046,0.0030042103,0.049270794,0.0024660386,0.017044773,0.0009938972,0.012211266,0.0022089677,0.26717758,0.0077975392,0.019649738,0.21430002,0.014256454,0.00079200836,0.036221597,0.278205,0.004145001,0.0302673,0.00067701517,0.015435353,0.00042083143,0.0010122678,0.0025165803,0.0029339504,0.0029787365,0.00090561435,0.005788397
775451,Biochemistry & Molecular Biology,0.00034759688,0.004937728,0.035200994,0.9877644,0.059782367,0.07606979,6.567993e-05,0.00044276172,0.027497033,0.006268895,0.054932103,0.2931216,0.028542925,8.077092e-05,0.00049162697,5.593008e-05,0.0010065099,0.0058509405,0.00015958748,0.002263529,1.2975882e-05,0.00018341363,3.4880788e-05,0.0027958946,0.00012855239,7.322627e-05,6.534856e-05,0.006899272,0.0006246733,0.00015692385,0.0028450196,0.0019323529,0.0015838802,7.747558e-05,0.0017464443,0.0010325109,0.00014988512,0.00027804155,0.0025392107,0.00186301,0.0031735545,9.5094736e-05,0.011550042,0.0007981547,0.0018808374,0.00031395754,0.00040694882,8.612398e-06,0.00024920498,0.0013357202,5.316215e-05,0.00061901216,0.0001115556,0.00010904695
828007,Parasitología,0.00055052707,0.09208319,0.08380281,0.0103998715,0.013376299,0.0014288893,7.606055e-05,0.0043924176,0.005598435,0.0025723507,0.045442473,0.011256676,0.031991523,0.0004359822,0.00037395442,0.0006140759,0.030430092,0.020510765,0.0005082476,0.00026633817,0.005318867,0.00013479184,0.014314621,0.00193656,0.04583023,0.018086208,0.00045845925,0.00089920516,0.00041173364,0.0076242113,0.0002010329,0.0018109349,0.0011911615,0.0030234666,0.0019038183,0.2974834,0.0748734,0.005336793,0.059387855,0.005925747,0.0019935358,0.0008360831,0.23661289,0.017366221,0.0802041,0.000104244034,0.000639194,3.911596e-05,0.0004874088,0.0018433478,0.0010851119,0.00056646625,0.007819292,0.008983183
632434,Enfermedades infecciosas,0.0035740393,0.010192411,0.03602402,0.07316193,0.080040485,0.0043960353,0.0017412264,0.0030292578,0.004735868,0.061183073,0.012202821,0.025994217,0.038945597,0.005201477,0.0010563034,0.001040537,0.10490184,0.028323902,0.0046785683,0.07600714,0.000499517,0.004600475,0.0036830818,0.010969986,0.0043488704,0.005182355,0.0024201598,0.0028588795,0.038372654,0.03415324,0.031457316,0.0037453778,0.0023656657,0.003990409,0.0128910355,0.014516549,0.010549723,0.005433132,0.052666426,0.0019548805,0.01998026,0.0019281905,0.028311785,0.009403288,0.034395147,0.0010263368,0.0031188694,0.0075576813,0.00039677977,0.0013809332,0.0017988639,0.0021457458,0.0016240496,0.04330465
636967,"Biochemistry & Molecular Biology;Chemistry, Multidisciplinary",0.00041346342,0.025217215,0.049782783,0.864409,0.04290381,0.029151775,1.8189547e-05,0.00096286694,0.011784515,0.008609962,0.029983167,0.68022585,0.022708647,0.0001655208,0.0008998879,0.00036497158,0.015444682,0.025777116,0.000519623,0.00019289675,1.32268215e-05,0.00017549106,7.606084e-05,0.0023203404,0.00044465216,0.00012327275,3.5042292e-05,0.00046795973,0.004270715,0.00137719,0.006188129,0.01341047,0.0006024988,0.00056244765,0.0014674728,0.0043094936,0.00035095116,0.0013921122,0.024779875,0.0036615354,0.0018961807,0.00038116655,0.06439947,0.0006882632,0.0038470768,0.00029473196,0.0021694356,2.1569671e-05,0.00022566237,0.00093773485,0.0001439397,0.0008617989,6.1064966e-05,0.00035030232
621205,Plaguicidas,0.00012863493,0.17817096,0.0047895154,0.0010577005,0.0009495138,5.6039153e-05,4.24464e-06,0.0035206685,0.0002781195,0.00044279,0.0034700558,0.16754489,0.0012155848,0.00021315464,0.0017845918,0.012891175,0.04890494,0.045982502,0.00022835532,9.072806e-07,8.262794e-05,9.417295e-06,0.0011639544,0.0004307356,0.03132111,0.0007242803,3.474339e-05,1.5117538e-05,0.00057843677,0.012690237,0.00044039523,0.0042354288,0.00013283746,0.0042974427,0.00016550075,0.2473653,0.0018949395,0.0038022688,0.1652493,0.005421822,0.00010011649,0.008338159,0.28102234,0.0010714082,0.010255106,4.479888e-05,0.0031930704,3.7463527e-05,5.296758e-05,0.00018590908,0.00024622135,0.00043806227,6.0568465e-05,0.0013740374
618805,Plaguicidas,0.0050271233,0.20407228,0.08461161,0.08871114,0.024428748,0.00768492,0.0005341797,0.014786769,0.015148959,0.016272804,0.014985524,0.11932589,0.02247938,0.009920497,0.009646445,0.00813499,0.08505479,0.07906021,0.0015091003,0.0012139353,0.0038053005,0.0022057393,0.0039763413,0.005114574,0.09558239,0.011532711,0.0014878178,0.00080754777,0.0067338487,0.06339789,0.010703191,0.018601881,0.00265671,0.011312582,0.0035198608,0.278695,0.056376018,0.03022692,0.17827396,0.026642486,0.0018930808,0.011950503,0.28862265,0.0057116537,0.084129214,0.001804,0.011530574,0.00048617524,0.0025401192,0.0053432994,0.0014527171,0.007951193,0.0018955258,0.01968241
631070,Análisis cromatográfico,0.0030004992,0.29389516,0.04996868,0.0028104554,0.0129689695,0.0017532151,0.00017840037,0.031979654,0.0050691725,0.009957532,0.008350778,0.052102074,0.0066974675,0.0018089595,0.0053696516,0.02243056,0.11811794,0.2130743,0.004966556,7.2411334e-05,0.0019947912,0.0012764474,0.03886843,0.0039587864,0.13980567,0.0020831868,0.0012084553,0.0007412636,0.004806389,0.15292662,0.0022830432,0.06038861,0.0012572048,0.029566402,0.0110782925,0.14813627,0.015701003,0.022795998,0.26709342,0.041990217,0.00069314946,0.033083636,0.23419295,0.0043180995,0.04966774,0.00077473733,0.046644572,0.0038822265,0.0023357733,0.003866519,0.013609654,0.0066880877,0.0012801547,0.01909218
604415,Parasitology,0.001753074,0.04314237,0.02508455,0.00012849981,0.0012494059,0.00016785495,1.6069838e-05,0.026410727,0.00087687146,0.00030734754,0.0012343816,0.00022300838,0.0010725044,3.7725527e-05,0.00035454624,0.00031118497,0.008370794,0.110215664,0.00036040315,1.219192e-05,0.00018702904,0.0032782475,0.054271214,0.0002672427,0.031806465,4.6412183e-06,0.0001933007,0.00036171783,6.629231e-05,0.07571355,3.279361e-05,0.009598879,6.756511e-05,0.0026670904,0.119288795,0.004802634,0.002838408,0.0026365514,0.043443717,0.037254024,1.7388793e-05,0.001480559,0.024968226,7.658727e-05,0.015185212,2.7567588e-05,0.006319426,0.015886065,0.00062063086,0.0008222609,0.019527199,0.0033909478,0.0003004599,0.004908032
775811,Genetics & Heredity,0.023543812,0.004044467,0.062479798,0.029789662,0.02247329,0.0020363494,0.006107181,0.00577166,0.0026211706,0.0063857846,0.007558117,0.0003135537,0.015148509,0.011822581,0.00076064124,0.00021196072,0.048083942,0.006636392,0.002585209,0.5149466,0.008746987,0.19009262,0.017640818,0.0065289014,0.0047410466,0.0006292925,0.009724686,0.005992713,0.0023597786,0.025324518,0.02811842,0.0022396294,0.00046087688,0.0010271299,0.03617201,0.0052115167,0.015235595,0.009304393,0.008859619,0.0029199133,0.005811284,0.0010579827,0.010455166,0.00325163,0.049696475,0.002130183,0.0027978148,0.017769583,0.0014949257,0.0035914793,0.0007887509,0.0033914638,0.0026031113,0.06287958
598353,"Chemistry, Multidisciplinary",0.000460963,0.10387255,0.086505644,0.028242761,0.19964723,0.003761095,5.694298e-05,0.001464159,0.0260002,0.037506297,0.010243637,0.42990413,0.041360833,0.0007066288,0.001808623,0.0009175302,0.061267436,0.03973122,0.0012067311,0.0002635992,0.000326085,0.0001625776,0.0010668925,0.0045909556,0.0041898964,0.0022591646,0.00034712415,0.00029181901,0.013744213,0.03594798,0.0013331752,0.0096568465,0.005197286,0.015421937,0.00044756813,0.014660432,0.0030903264,0.0058250995,0.15236214,0.0049398607,0.0007121263,0.001387656,0.07106523,0.0064152568,0.022141375,9.164873e-05,0.0038238023,0.0004750227,0.00010052125,0.00017469635,0.0003201359,0.0004270623,0.00013263608,0.012014412
613179,"Biochemistry & Molecular Biology;Chemistry, Multidisciplinary",0.00017000562,0.060762703,0.027257176,0.54178166,0.006699749,0.0053235586,7.648252e-06,0.0011435355,0.0042069736,0.0008963789,0.028272944,0.7746269,0.009537794,0.00014103214,0.0017596645,0.0009719904,0.015353775,0.02755557,0.00034009505,1.0575241e-05,1.182311e-05,3.288801e-05,7.281884e-05,0.00086353905,0.0008845098,0.0001125624,1.1268707e-05,3.7025453e-05,0.00397816,0.0010763684,0.0033709093,0.0117113525,0.00019736466,0.0009323251,0.00052882434,0.01829263,0.0002909648,0.0014814693,0.046567947,0.004026576,0.0005213259,0.000469061,0.14070575,0.0007486827,0.0017372072,9.590961e-05,0.0023018243,8.873283e-06,5.6163644e-05,0.00034103973,0.0001097531,0.0008073547,2.2941791e-05,0.0002781094
753844,Rheumatology,0.0030037903,0.0012963219,0.008940907,0.0014339699,0.022343965,0.0003327664,0.0017038014,0.007545106,0.0018519529,0.0012648533,0.0062202783,3.9324397e-05,0.007382014,9.153816e-05,0.00015308493,0.00010769734,0.0039462093,0.02555474,0.004316163,0.037346743,0.000231063,0.026987746,0.0680684,0.0025267368,0.000965582,7.443007e-05,0.0034521963,0.013124383,0.001387549,0.012686959,0.00029670465,0.00046748045,0.0006193002,0.0019312201,0.29163235,0.00025964744,0.0010073939,0.0014697033,0.012048348,0.0038271458,0.0017342592,0.0004895258,0.0028129767,0.00044561093,0.005897425,7.416841e-05,0.0008743239,0.45137525,0.00040934575,0.00065928284,0.011463783,0.003216478,0.003150344,0.03466226
726265,Biochemistry & Molecular Biology,4.0607858e-05,0.001261294,0.06673797,0.99635154,0.010190156,0.036794983,6.596864e-07,7.3022304e-05,0.0045375824,0.0012329005,0.023972675,0.034673177,0.024103215,1.5369153e-05,1.9953079e-05,7.095927e-07,0.00017507822,0.0005798454,6.4591554e-06,0.00036288734,1.9094825e-06,8.102641e-06,1.8029601e-06,0.00019406564,4.104387e-05,1.045765e-05,1.0120201e-06,0.00091676484,1.7494196e-05,1.2152418e-05,0.00030353747,0.000237592,3.678904e-05,3.3985723e-06,0.00061786076,0.00095614826,0.00020630224,1.9976933e-05,0.000505719,0.00031106305,0.00025314913,3.4430702e-06,0.004859596,5.3853135e-05,0.0005587704,1.1483807e-05,2.5515994e-05,8.697637e-08,1.9208603e-05,0.00017884644,2.570966e-06,6.288698e-05,1.7520893e-05,1.2222326e-05
728488,Parasitología,0.00040844316,0.18785647,0.009307114,0.0034687484,0.00090190204,0.00024513027,2.7033107e-05,0.010734212,0.0006451136,0.000431381,0.011687765,0.0767102,0.0021541794,0.0003562425,0.0021498872,0.012982821,0.038640443,0.041531414,0.00029871133,7.901439e-06,0.00040942614,4.3967713e-05,0.006399547,0.00079879386,0.075944185,0.0029556341,0.00015637388,9.519335e-05,0.00042072614,0.009697119,0.00065690675,0.0036225922,0.0002568526,0.0036197244,0.00088858383,0.5571432,0.011948318,0.008514667,0.102086335,0.011923749,0.0005109829,0.0117691,0.34299183,0.0031966856,0.03179141,0.00013821783,0.0031375636,4.6326164e-05,0.00031312887,0.0015310468,0.0012804681,0.0010799298,0.0008365453,0.0027472416
726802,"Biochemistry & Molecular Biology;Chemistry, Multidisciplinary",0.00011345042,0.0137762455,0.023632038,0.9297063,0.013926926,0.010941475,5.450583e-06,0.0002706659,0.0032151346,0.0017049327,0.025730819,0.77327704,0.009099657,0.00010232864,0.00060519023,0.0001778747,0.006877293,0.007418117,0.00020984926,3.1083175e-05,2.6828695e-06,2.0415395e-05,1.2470187e-05,0.0007147157,0.00016328276,4.159813e-05,4.9009477e-06,7.159596e-05,0.003507686,0.000271965,0.0064944415,0.0068892096,0.00012495005,0.00021305057,0.00032739856,0.0029413735,8.484057e-05,0.0003011844,0.012510695,0.0010561147,0.001398085,0.000115152114,0.044461776,0.0003878627,0.00092897017,8.408813e-05,0.0009860209,1.8628781e-06,3.2727377e-05,0.00026785056,2.2736162e-05,0.00044291033,7.592142e-06,6.7576e-05
728075,Enfermedades infecciosas,0.0004658217,0.028902806,0.008354822,5.3882162e-05,0.015514773,0.00016314285,1.768568e-05,0.005388272,0.00026317383,0.0025722235,0.0030458013,0.0014442579,0.00036867033,4.274058e-05,0.00010501647,0.0056324955,0.16661997,0.12489097,0.0027420914,2.0781805e-05,0.00017959956,0.00033568218,0.1510116,0.0008598246,0.015492241,0.0004199198,0.000302773,0.0018547166,0.00038605937,0.059517972,0.0002039982,0.005436392,0.00045715595,0.006244321,0.0022272267,0.015790578,0.0019242697,0.012101481,0.09936384,0.005886871,0.0014925956,0.019607425,0.012045175,0.0007096126,0.034968007,5.701982e-05,0.0031554366,0.005852585,0.00052518345,0.00057170267,0.0036519715,0.00041119626,0.0012939663,0.02308355
732492,"Chemistry, Organic",0.0076254457,0.079477295,0.15229875,0.056875195,0.19182463,0.006038546,0.0038078318,0.022277405,0.020476718,0.028588625,0.13453019,0.12667811,0.39812112,0.004579371,0.01324393,0.0013357654,0.052287538,0.036574185,0.0060464046,0.0224938,0.0087988535,0.0019569797,0.008474214,0.02375805,0.004993004,0.006719859,0.0034668217,0.007422711,0.012858881,0.03433215,0.004240099,0.010856392,0.0148062045,0.022506297,0.013322928,0.01473719,0.005475986,0.008558549,0.10289006,0.030156182,0.0037977577,0.0029938451,0.06810159,0.018888442,0.05632097,0.0007849954,0.005303148,0.018765878,0.00076714694,0.0011002355,0.0031021838,0.004632162,0.0024961485,0.08377053
726272,"Chemistry, Multidisciplinary",0.001300306,0.014610444,0.030037249,0.27400059,0.09210254,0.003372553,0.0002629323,0.0018332842,0.0010595673,0.029517457,0.036946066,0.53748345,0.03679926,0.002093715,0.0024344146,0.001176391,0.14940798,0.013583548,0.0019722814,0.0043156445,0.000100075355,0.00020918404,0.0002156266,0.009478234,0.000478734,0.0011989498,0.00020839926,0.0012360342,0.014693841,0.008269821,0.04867276,0.0045964806,0.0013829343,0.0013659872,0.000274701,0.006702396,0.000626168,0.0027339945,0.055288803,0.0018674966,0.0213145,0.0016928389,0.046502862,0.0031012385,0.023522653,0.00035638377,0.002399699,0.00038556175,7.7943696e-05,0.00028622054,5.2473726e-05,0.00061559485,0.000108797365,0.0074666347
726271,Biochemistry & Molecular Biology,0.0070511475,0.026725827,0.12567873,0.43884265,0.087390766,0.028683834,0.00046051393,0.011919811,0.007475322,0.040128116,0.036430985,0.2076788,0.042092033,0.0030797734,0.0028017703,0.00076392107,0.084760234,0.03050885,0.004529461,0.011071858,0.0006164972,0.0062668663,0.0021650395,0.015600694,0.0022977183,0.0007126033,0.0007423349,0.009535266,0.0065565603,0.014060367,0.0307238,0.026635675,0.0022744003,0.0023403296,0.0068097916,0.01116332,0.0039092493,0.007649703,0.041105784,0.012257527,0.009144222,0.0034008068,0.056091864,0.0027736048,0.034516245,0.0014832803,0.011239971,0.0021527654,0.0012837505,0.002869184,0.0008850405,0.003569766,0.0007548876,0.012047819
632627,Neurosciences,0.0007223282,0.0004081357,0.0004028881,0.058618832,0.0004710352,4.160785e-05,6.3962456e-05,0.0006390359,2.386026e-05,0.00014897918,0.0009693031,0.16378206,4.216181e-05,0.025523301,0.004028996,0.020110914,0.018188374,0.00013426336,0.0043840446,7.566245e-05,2.6252505e-05,0.00019577565,1.8449313e-05,0.00015759037,0.00014092325,1.8708271e-05,2.0891392e-05,7.518663e-06,0.013530786,0.00043981482,0.6964828,0.0023414565,4.4589564e-05,0.0007915764,9.866018e-06,0.00028273242,5.7288553e-06,0.0001224774,0.0021758345,0.00020358937,0.0010103461,0.0020504147,0.0006736896,9.283894e-05,0.0003146704,0.0009649837,0.0025629315,9.813141e-05,5.8100486e-06,1.0359016e-05,1.4567747e-06,0.0008925611,7.639013e-07,0.00013255328
630865,Cell Biology,0.00013439552,0.009183843,0.027765954,0.32016355,0.041133434,0.007325268,8.082721e-06,0.00030033418,0.36866158,0.0023952527,0.0072304904,0.30985844,0.034065753,6.9081696e-05,0.0027086423,0.00011019575,0.00053306064,0.006892026,4.4118246e-05,0.00011236806,1.4259031e-05,7.502059e-05,2.5373241e-05,0.0005705802,0.00018884087,0.00014578484,3.377869e-05,8.338902e-05,0.0022745898,0.00088074966,0.00017868214,0.0005775363,0.010860516,0.0024028153,0.0013997869,0.00031647706,0.00015389809,0.0005642534,0.0050428347,0.0027291558,2.7126074e-05,9.8087614e-05,0.002135595,0.00043929231,0.0007900068,8.616571e-06,0.00031482973,0.00026065198,1.7556606e-05,3.6308473e-05,0.00013090155,0.0004118341,6.5262e-05,0.0004168591
827978,"Chemistry, Multidisciplinary",0.00011658024,0.072404295,0.021986462,0.00077963277,0.047554005,0.00014995332,3.909143e-06,0.0014521715,0.0011613431,0.0067816884,0.007998514,0.29239613,0.0055572907,0.0001395755,0.0008927788,0.0018247823,0.16412508,0.06907488,0.0007732354,5.5247983e-06,6.9271555e-05,1.578631e-05,0.0021147209,0.0014912928,0.0027921172,0.00029763623,3.1084863e-05,4.4648492e-05,0.0034586983,0.04152541,0.00046259168,0.010504049,0.0008207501,0.013191705,8.013745e-05,0.007650604,0.00029028647,0.0042714127,0.2023065,0.0032056873,0.00022467565,0.0019708138,0.047837276,0.001736244,0.009327118,1.4061228e-05,0.0029988592,0.0009869895,1.6794376e-05,1.8607989e-05,0.00013427026,0.00012584552,1.985714e-05,0.007045644
636386,Patología,0.00024913868,0.10605798,0.0064945915,0.00025128885,0.008363747,0.000104524035,1.0326201e-05,0.004190286,0.0004022631,0.002922601,0.0025962442,0.09623452,0.001198641,0.00021452927,0.0014527115,0.021820333,0.20458609,0.19100212,0.0015859682,2.5106222e-06,5.5181285e-05,5.3362626e-05,0.008353139,0.001130879,0.013996399,0.00019107827,7.207638e-05,6.148667e-05,0.003071596,0.07089892,0.0009145013,0.021212755,0.00030058227,0.016068611,0.0007560106,0.027912112,0.00043366227,0.006321079,0.25748095,0.0069280234,0.00023072529,0.022802548,0.071462065,0.00089023646,0.0068489327,8.6107655e-05,0.013100534,0.002271603,9.3597e-05,0.0001450213,0.0013022624,0.00077713124,6.2746454e-05,0.0047772303
636741,Farmacología,0.0011477447,0.15160242,0.05785926,0.0103098685,0.050942652,0.0020968164,0.00016303199,0.0126859015,0.009490593,0.010726543,0.04030726,0.034844834,0.050464205,0.00052116637,0.002571667,0.002203869,0.07555185,0.20866272,0.00069739245,0.00047244917,0.0010513003,0.00030267285,0.014865506,0.0028768773,0.026855052,0.0042200135,0.0004422115,0.00123783,0.0018061986,0.05127317,0.00045509115,0.007715262,0.0033930514,0.008741842,0.008058167,0.073985144,0.009370471,0.00880503,0.14994879,0.023035271,0.0007243697,0.005079743,0.14645973,0.003066354,0.048438914,0.00014447709,0.0025266935,0.0028735525,0.0007022337,0.0010826559,0.0038930692,0.0028567694,0.002983466,0.031992678
641873,Biochemistry & Molecular Biology,0.0012448468,0.005354561,0.022731854,0.46877128,0.07853429,0.0024849973,0.001037383,0.0038081012,0.0018051974,0.0048236176,0.2175995,0.26821318,0.14042538,0.0011230016,0.0053997226,0.0004858021,0.012268034,0.004935599,0.0010554991,0.01320141,0.00019964972,8.4724874e-05,0.00020023977,0.005901651,0.000115636496,0.001353767,0.00025448957,0.006662752,0.003463435,0.0015249708,0.017628476,0.0008725991,0.005438122,0.0004886551,0.00067510875,0.0024989808,0.00016643779,0.00079542433,0.017598229,0.0028003159,0.016818756,0.00081853,0.012274218,0.0033644675,0.008635828,0.00020030297,0.0005097553,0.0010608854,4.912689e-05,0.00017848612,6.0046386e-05,0.0008951472,0.0004284238,0.005859053
655185,Biology,0.0009017818,0.013452766,0.108514816,0.022982512,0.12968339,0.0021815598,0.00010081373,0.0028335294,0.008640513,0.01584356,0.0052804654,0.05868781,0.06486476,0.0003941581,0.00053289294,5.705974e-05,0.021957023,0.012230198,0.0007033096,0.0027638397,0.00024840698,0.0007471211,0.0008219553,0.0036189144,0.0008270456,0.00021963063,0.0002568269,0.0006257549,0.0024232885,0.0196951,0.0007117572,0.0026133163,0.0012638634,0.0031464666,0.0030494465,0.0016077857,0.0016415053,0.0014569066,0.032238998,0.003663531,0.0002636505,0.0003325964,0.009693236,0.0010724083,0.013046473,3.1848835e-05,0.0011890562,0.004473123,4.33216e-05,0.000106041276,0.0003268341,0.00047740721,0.00012542779,0.019677611
655377,"Biochemistry & Molecular Biology;Chemistry, Multidisciplinary",7.2902e-05,0.0030671866,0.043995455,0.9897746,0.035865687,0.042461224,2.7094948e-06,7.4961725e-05,0.01794676,0.0044795847,0.014492249,0.45280582,0.01120579,3.0872103e-05,0.00011334846,6.9141593e-06,0.00055552035,0.0013393124,3.1878983e-05,0.00033534825,2.3096777e-06,3.0365994e-05,2.8877294e-06,0.000786445,5.0076298e-05,2.5171206e-05,7.993921e-06,0.0008585639,0.00021213661,8.036251e-05,0.0012261921,0.0009670192,0.00033534024,2.6581238e-05,0.00020962847,0.0006227758,0.00013306667,8.637229e-05,0.0018414836,0.00044001188,0.00088766025,1.8593742e-05,0.005413956,0.0002942392,0.001002161,3.3680677e-05,0.00015835301,5.365361e-07,3.1971016e-05,0.00035592215,5.51077e-06,7.284426e-05,1.0652503e-05,3.1610703e-05
655510,"Chemistry, Multidisciplinary",0.00042907445,0.0015190678,0.021114906,0.32316622,0.0031649813,0.0015383186,3.80879e-06,0.0018162982,0.00011331052,0.0006222415,0.0022117347,0.48455364,0.0014686106,0.00024250042,0.0008072435,0.00014828022,0.01358137,0.0012844141,0.00038610245,4.4241187e-05,4.413899e-06,0.00012237548,1.1702107e-05,0.00023498634,6.603634e-05,2.7534131e-06,2.3715388e-06,2.1444212e-05,0.0008285878,0.0008033101,0.027825886,0.0034430313,1.9258052e-05,0.00011730272,0.00022623238,0.00048212725,4.818556e-05,0.00021811535,0.006855244,0.0017614865,0.00018629948,0.00019999305,0.002999565,2.7202108e-05,0.0010444655,3.0970827e-05,0.0017846487,0.00015756799,4.203042e-06,2.2328972e-05,9.570176e-06,0.0005372067,1.5753244e-06,0.00025590078
649684,"Chemistry, Multidisciplinary",0.0033003208,0.01744433,0.04287271,0.21164298,0.033042517,0.0027384115,0.000763196,0.0073608244,0.0024676463,0.006827099,0.058961812,0.2533575,0.082644634,0.003355047,0.00802249,0.0010552427,0.051119205,0.012212343,0.0016368133,0.01075764,0.00036451695,0.0008889357,0.0006133447,0.0050049983,0.0008429048,0.00082566094,0.00028470298,0.0007066743,0.011260164,0.008321655,0.031826228,0.0040419316,0.00136771,0.0020933922,0.002962102,0.006022314,0.0007893487,0.003125168,0.034292657,0.007426471,0.0031683694,0.0016179457,0.03292687,0.00202037,0.012373582,0.00046077676,0.0032579307,0.0034447624,0.00012857225,0.0003285323,0.00034014162,0.0024743658,0.00019503971,0.012289697
648626,"Biochemistry & Molecular Biology;Chemistry, Multidisciplinary",0.0016306784,0.07002388,0.08508095,0.63016117,0.079106525,0.028166642,0.00030922593,0.006190282,0.030014042,0.01258717,0.16310345,0.58789206,0.10791705,0.0011111805,0.0072900024,0.0029449416,0.03324846,0.07872774,0.0024705352,0.0013345019,0.0002661298,0.00040757275,0.0014964261,0.007170996,0.001946105,0.0019997149,0.0003219147,0.0016977601,0.014445076,0.005777691,0.012012641,0.01875139,0.0039960206,0.0041005425,0.007934393,0.016713055,0.0017458157,0.0053698346,0.07417765,0.019479815,0.008544996,0.0028420114,0.1139063,0.006122126,0.011355584,0.0008904867,0.004372251,0.0006031878,0.0007850451,0.0022450904,0.0016211815,0.0050433255,0.0012793441,0.004125559
648275,"Biochemistry & Molecular Biology;Chemistry, Multidisciplinary",0.00021895759,0.0036241538,0.020618746,0.82447994,0.0080574285,0.0012441222,1.9160576e-05,0.00066159473,0.002326723,0.00022122603,0.07955789,0.6289236,0.06579953,0.00012959771,0.0033752804,3.8986396e-05,0.00092635973,0.00106995,8.241815e-05,0.0002710551,7.510436e-06,1.4893545e-05,4.4502494e-06,0.00047958767,1.7414299e-05,2.2422286e-05,4.9130404e-06,5.6499062e-05,0.0012789823,0.00014880528,0.0033673258,0.0006395562,0.00023601856,0.00014051775,0.00031937318,0.00030935335,1.3171964e-05,0.00013763363,0.004400827,0.0016749118,0.0002486354,4.4600874e-05,0.005928278,0.00024080995,0.000391747,1.4736254e-05,0.00020951178,6.240315e-05,4.240295e-06,2.6601601e-05,1.007447e-05,0.0003057655,4.486675e-06,0.00024333307
655330,"Chemistry, Medicinal",0.0006410345,0.0050391853,0.009704145,0.026429528,0.007932949,0.00014238323,0.00035366797,0.008859246,0.0013453594,0.00016889609,0.24780054,0.022657648,0.13063827,0.00013520636,0.0048583415,0.00042157146,0.0038380069,0.011159441,0.0002687628,0.0012727889,7.949717e-05,4.2944983e-05,0.0014800092,0.0005988072,0.00011767815,0.00026436913,3.694923e-05,0.00013468547,0.0036477232,0.0008046646,0.0007986652,0.0003734587,0.000496681,0.0021179204,0.023510423,0.00044056217,3.796962e-05,0.0003413627,0.018384686,0.005759927,0.0005757775,0.0002424549,0.011052379,0.00068183226,0.0009703726,1.9507701e-05,0.0001380366,0.020539586,9.53935e-06,3.22967e-05,0.0012569197,0.0037931704,0.00036792998,0.00428956
648246,"Chemistry, Medicinal",0.00064103544,0.0050391876,0.009704135,0.026429515,0.007932949,0.00014238323,0.00035366797,0.008859242,0.0013453594,0.00016889624,0.2478005,0.022657622,0.13063818,0.00013520636,0.004858337,0.00042157146,0.0038380106,0.011159436,0.00026876328,0.0012727894,7.949717e-05,4.2944983e-05,0.0014800113,0.0005988077,0.000117677926,0.00026436962,3.69493e-05,0.00013468547,0.0036477214,0.0008046642,0.0007986652,0.000373458,0.00049668126,0.0021179223,0.023510445,0.00044056197,3.796955e-05,0.00034136305,0.018384676,0.005759919,0.0005757772,0.00024245467,0.011052369,0.00068183255,0.00097037305,1.9507663e-05,0.00013803673,0.020539586,9.539368e-06,3.22967e-05,0.0012569209,0.0037931704,0.0003679305,0.004289564
639858,"Chemistry, Multidisciplinary",0.0003016102,0.0024442691,0.0113393,0.30113974,0.023808427,0.0011318318,2.557924e-05,0.00059194886,0.00038634287,0.0053011207,0.009899522,0.5689677,0.009864429,0.00043183047,0.00084880996,0.0002523036,0.024820019,0.0031982146,0.00066634826,0.00048270044,6.036321e-06,4.4993598e-05,2.6152555e-05,0.001298389,6.621997e-05,0.000119939374,1.4988797e-05,0.00010060774,0.009993609,0.0015396776,0.029264843,0.0015619925,0.00020442872,0.00037450186,0.00020911342,0.00095232745,8.0829945e-05,0.00032443003,0.020681879,0.0005759515,0.0036959737,0.00025206653,0.007451567,0.00053825177,0.0020096812,4.8967584e-05,0.00074638886,0.00018474495,6.8126224e-06,3.2518536e-05,2.3182594e-05,0.0002932266,1.2350122e-05,0.0012050926
644500,Genetics & Heredity,0.0005072743,0.00087344757,0.011685804,0.020805186,0.0814895,0.00018372903,0.00047553782,0.0006835512,0.001241535,0.002927492,0.0068843216,0.0011085654,0.05795046,0.000121171004,0.00010737791,3.36201e-06,0.0039283875,0.0023079233,0.00012393347,0.23054595,8.917417e-05,0.0007080583,0.00022102699,0.003162817,4.7176574e-05,0.000111309506,0.0003301861,0.0037610428,0.0001713987,0.0031337808,0.00041570744,5.569648e-05,0.0011760774,0.00012360986,0.0013345503,0.0003134775,0.00019892101,0.00022815706,0.0023091927,0.00044238602,0.000240143,6.6018016e-05,0.0017524867,0.00029816703,0.0052248007,9.475049e-06,8.326188e-05,0.009346622,1.0732446e-05,7.1516464e-05,2.4705041e-05,5.234448e-05,0.00014791827,0.020654233
639006,Biochemical Research Methods,0.0005040622,0.06669929,0.21102738,0.017557435,0.11769718,0.006409958,6.549618e-05,0.0026575958,0.010095824,0.025009742,0.011653144,0.012069873,0.047380395,0.00036313184,0.00014484594,0.00014638843,0.045716044,0.035106346,0.0008024532,0.0007641056,0.0022301776,0.00037067715,0.007454474,0.0036323883,0.017757976,0.005242071,0.0005051272,0.0020632383,0.00071998953,0.025458325,0.000266407,0.0031123278,0.0018749823,0.0028738605,0.002508911,0.072338745,0.07570371,0.0038058916,0.07588034,0.004139814,0.0016020164,0.00052544026,0.08178662,0.0072051887,0.078573026,7.322865e-05,0.0008492549,0.00011975366,0.00038033005,0.00085280713,0.0006280851,0.0004242605,0.0032635645,0.0154409055
655511,"Chemistry, Multidisciplinary",0.0005012342,0.018228069,0.020050723,0.19060129,0.013906929,0.0017519771,2.1223916e-05,0.0023184447,0.0008148669,0.0027788733,0.010780799,0.8480548,0.0072155176,0.0007076144,0.004584597,0.0030724986,0.07843192,0.01406991,0.0009752287,5.413164e-05,2.062848e-05,5.2919666e-05,5.8177313e-05,0.0011665995,0.000573328,0.00015759745,1.5872341e-05,3.722467e-05,0.007314676,0.005041036,0.026925454,0.008652823,0.00029959207,0.0016092085,0.00017634484,0.0048543112,0.00019819893,0.0016187092,0.05398934,0.0041620717,0.00092530734,0.0019188757,0.034972064,0.00036703178,0.0041860444,0.00011764079,0.0036196816,0.00020805717,2.3011668e-05,0.000107292864,4.4610915e-05,0.0009952019,1.2767819e-05,0.0013376285
650783,Genetics & Heredity,0.002177276,0.00043824583,0.019307503,0.089528374,0.005988718,0.00016730494,0.0009168097,0.0007348768,0.0001359085,0.002254687,0.005831286,0.00026508138,0.018984945,0.005799793,0.00024838164,7.680889e-06,0.0054190583,0.00014933076,0.00010629062,0.5588217,0.0012802345,0.0032123544,0.00010236747,0.00077434763,0.0001691796,0.00023326103,0.00026486994,0.00040165,0.00041341817,0.0021202848,0.023251228,0.000116913325,7.950696e-05,7.770532e-05,0.00041273906,0.00083694427,0.0011165974,0.00036011462,0.0010485457,0.00027115332,0.0006365625,4.3574422e-05,0.001218017,0.00038445683,0.01130742,9.659441e-05,0.00015339747,0.00042935906,2.2059852e-05,7.552584e-05,5.2015303e-06,0.0001223335,3.458214e-05,0.01277453
715447,"Biochemistry & Molecular Biology;Chemistry, Multidisciplinary",0.00022550276,0.0045177313,0.018219568,0.88387513,0.00280952,0.009026508,2.4474239e-06,0.0004580784,0.002162356,0.0006566795,0.00503761,0.906019,0.0019044381,0.00016691822,0.0010531874,0.00015460659,0.0042594117,0.0020061783,0.00034161762,8.205825e-06,2.109007e-06,6.4203596e-05,6.2392824e-06,0.00038792187,0.000105636675,7.6920805e-06,1.6830891e-06,1.2458313e-05,0.006840683,0.0002203358,0.015610179,0.010907367,6.3270694e-05,0.00043508338,0.0003533128,0.0007277588,4.2084925e-05,0.0002683055,0.0056203543,0.0010580744,0.0004728333,9.162811e-05,0.008147908,0.00020266806,0.0003002709,6.8525704e-05,0.002043588,6.204156e-06,1.34332395e-05,0.000116440366,3.701599e-05,0.0006719064,1.8542744e-06,4.386335e-05
718011,"Biochemistry & Molecular Biology;Chemistry, Multidisciplinary",0.00045477456,0.004833674,0.019563261,0.47313076,0.034519445,0.002685425,4.959989e-05,0.00052985176,0.0024953661,0.014186763,0.011602065,0.63262403,0.025764646,0.0011034333,0.001490796,0.00022751665,0.012854704,0.0031434887,0.00075343973,0.0013449744,2.126042e-05,8.634702e-05,1.910449e-05,0.002283698,0.00017201612,0.00035937948,4.087626e-05,0.00013746312,0.016262664,0.0024208876,0.022715298,0.002217183,0.0006501263,0.00091535423,0.00026222307,0.0015756531,0.00023590898,0.0003592942,0.021054976,0.0009731325,0.001879945,0.00028154458,0.00897792,0.0012445891,0.0027783462,9.915083e-05,0.00095153827,0.00016776564,1.549977e-05,8.276871e-05,3.2659726e-05,0.00033090523,1.4713901e-05,0.002036048
719201,"Chemistry, Multidisciplinary",0.00044841605,0.0058791707,0.021955471,0.21407655,0.01779421,0.0008182539,5.7163383e-05,0.0015237008,0.0017804166,0.0016211694,0.033146184,0.3483229,0.060630012,0.00034339604,0.0022043493,0.00010773689,0.0073449397,0.004097074,0.00027429638,0.0011906821,2.474215e-05,8.2652776e-05,5.965805e-05,0.0010416369,8.3508225e-05,0.00011064589,2.6462616e-05,8.4418585e-05,0.0053432155,0.0016816003,0.0053297784,0.0010881277,0.000395973,0.0005644764,0.0010330983,0.0007834537,8.175981e-05,0.00045662638,0.017247908,0.0020367322,0.00046198117,0.00016606826,0.010111797,0.0005227425,0.0017961073,3.2500895e-05,0.00048798943,0.00080814515,8.669951e-06,2.9597148e-05,7.38487e-05,0.0004565502,1.9099534e-05,0.0026341537
718772,"Biochemistry & Molecular Biology;Chemistry, Multidisciplinary",0.0021386526,0.013025515,0.035159215,0.48813564,0.021501053,0.0053708106,0.00011353019,0.0040737926,0.0015979222,0.005517028,0.027667698,0.63706064,0.018718295,0.0015888482,0.005097637,0.0009904598,0.050148763,0.009250651,0.0018902743,0.0010113425,7.026124e-05,0.00063021225,0.0001476342,0.0035565267,0.00046048692,0.00015663638,6.212753e-05,0.00031326414,0.010540783,0.0038574978,0.056865398,0.011289155,0.00044441866,0.0012844471,0.00092908216,0.003536602,0.0003062983,0.0020190128,0.030328255,0.004779958,0.0024710337,0.0013418347,0.033081416,0.0007354362,0.004961028,0.00043185023,0.005640724,0.00059996825,9.783278e-05,0.00033938317,0.00011912135,0.0016771745,3.161947e-05,0.0021396657
716398,Patología,0.00030109534,0.21468396,0.019224897,0.001693682,0.012478447,0.00030663135,1.5819209e-05,0.0068394,0.0022354608,0.0026804516,0.015810287,0.16547407,0.0070483037,0.00026700762,0.0028097872,0.0063496833,0.08034401,0.16226192,0.00081657415,8.350553e-06,0.00025675003,6.0405397e-05,0.0065066977,0.0012683934,0.016988933,0.00085438584,8.7124994e-05,9.0451365e-05,0.0022246481,0.038924452,0.00044939516,0.017247139,0.0008283608,0.013581357,0.00090903655,0.061221123,0.0013234316,0.007958169,0.23787099,0.014508357,0.00022304368,0.0064731115,0.18816608,0.0022100473,0.013057596,7.392558e-05,0.006100462,0.0009787952,0.00015782376,0.0002392517,0.0014405233,0.00088117697,0.00018654265,0.008192915
719431,Biochemistry & Molecular Biology,0.00554438,0.019631566,0.08844127,0.6481365,0.05899936,0.051740192,0.00037441798,0.009910886,0.031602453,0.018146817,0.041433394,0.39076853,0.037956573,0.0011738478,0.0046353643,0.0009714887,0.020960921,0.036112238,0.0031291917,0.004961226,0.0002602348,0.006230361,0.001150626,0.01044052,0.0014724954,0.00051730155,0.00051988807,0.005450557,0.007005589,0.007915667,0.019596875,0.017646478,0.004345302,0.002450426,0.012870942,0.006043044,0.0023367405,0.0060945316,0.030435927,0.016822178,0.004716193,0.0028997478,0.032064375,0.0022593117,0.010224462,0.0013048305,0.00707536,0.0030041733,0.0013676045,0.004044217,0.001940555,0.004201158,0.00088281446,0.004547285
608706,Parasitología,0.0014237779,0.17787027,0.019697027,0.0381705,0.006650943,0.00388851,0.00016829501,0.0045236466,0.068470225,0.007586297,0.0045130407,0.056953676,0.005407005,0.0014003929,0.0034241078,0.010464193,0.024176821,0.15869145,0.00026595374,0.00021754214,0.0005044292,0.0019485821,0.0050290395,0.0026751491,0.12113778,0.011009904,0.0011900127,0.000270844,0.008305541,0.047174856,0.002109489,0.0065701655,0.0026969304,0.011076255,0.009724824,0.2895542,0.06929211,0.0407996,0.121488385,0.006455184,0.00079050934,0.007105099,0.1906183,0.007309743,0.02181548,0.0005889199,0.0040535815,0.00017351715,0.0034046127,0.006839303,0.007315181,0.0048480933,0.0035339699,0.0066871406
633320,"Chemistry, Multidisciplinary",9.035197e-05,0.0046683163,0.013769581,0.19194023,0.002065076,0.00037971835,6.8723955e-07,0.00042982755,0.00029784313,0.00018050139,0.0048861457,0.9655951,0.0023670404,9.745754e-05,0.0020747366,0.00023153736,0.013550759,0.0016652696,0.00012808327,1.5183839e-06,1.4870462e-06,5.677328e-06,2.6598345e-06,0.0002330785,3.817993e-05,4.8995084e-06,5.9361787e-07,1.73495e-06,0.0021352172,0.00060685223,0.0062421435,0.0029289916,4.4535165e-05,0.00041438636,1.7147786e-05,0.00047475204,1.0637965e-05,0.00038862237,0.017252622,0.0012997203,0.00011896028,0.00014275136,0.007783096,9.06676e-05,0.00041451023,6.054465e-06,0.00083101325,1.8351046e-05,8.4587856e-07,5.576286e-06,3.3365209e-06,0.00016103568,3.0333098e-07,0.00013514371
633312,"Biochemistry & Molecular Biology;Chemistry, Medicinal",2.684508e-05,0.00086210814,0.0026915951,0.9765022,0.0039207414,0.00014106683,3.550671e-05,7.0136455e-05,0.0003383918,2.3096443e-05,0.48234916,0.34952244,0.12566231,5.338146e-05,0.0018885435,8.48275e-06,0.00011504489,0.00016070956,1.1818229e-05,0.0006508371,9.414901e-07,3.5214373e-07,3.1352704e-07,0.00013657572,8.963009e-07,1.482455e-05,1.1959391e-06,4.056587e-05,0.000631579,5.3286135e-06,0.0032292765,2.6898048e-05,9.5820666e-05,9.962761e-06,3.4368866e-05,8.2147446e-05,4.548207e-07,7.771124e-06,0.00073678873,0.00010227722,0.0008659632,3.8833628e-06,0.0033350184,0.0001661015,7.455567e-05,3.4097725e-06,1.0389361e-05,2.3746757e-06,2.9805267e-07,3.7294908e-06,2.753153e-07,7.454329e-05,8.708656e-07,2.7082702e-05
633296,"Chemistry, Multidisciplinary",0.00049671845,0.011533112,0.03355644,0.11033364,0.013249794,0.0006309401,9.703691e-05,0.0047696666,0.0020465,0.0006469826,0.10900641,0.18633305,0.15373215,0.0002524174,0.0035382442,0.00013628758,0.005822394,0.009864596,0.00022712759,0.0008496552,6.876641e-05,5.377826e-05,0.00022958509,0.0008558675,0.00014040565,0.00012757865,2.7028544e-05,0.000118976845,0.0025051953,0.001668944,0.0014119734,0.0010227248,0.00049098674,0.0008582608,0.0035908853,0.0011773917,9.262053e-05,0.00053833367,0.026724743,0.0072389054,0.00022809963,0.00021809975,0.021107525,0.00048220606,0.0019724143,2.6291213e-05,0.00034325043,0.0019359032,1.1018541e-05,3.20202e-05,0.00021994268,0.0010984024,6.0164577e-05,0.0040466376
633153,"Chemistry, Multidisciplinary",0.007102475,0.23740572,0.12940113,0.20066422,0.04817752,0.03169392,0.0006048691,0.026823383,0.028540628,0.02534321,0.04891708,0.45981938,0.045951333,0.004592488,0.01429837,0.011257277,0.13732865,0.202336,0.008022286,0.00096258754,0.0018881697,0.0048723044,0.0076618134,0.013897293,0.027288271,0.002633403,0.0012956447,0.0016141012,0.024037337,0.04971396,0.019320112,0.10835152,0.00353091,0.019343445,0.014734455,0.08305445,0.0110015385,0.02905977,0.21431312,0.05321262,0.003469086,0.014401003,0.32541877,0.0073141223,0.039346248,0.0037517515,0.04167895,0.0028633878,0.003441204,0.008395245,0.006831378,0.01350697,0.0014815546,0.014940263
731134,"Biochemistry & Molecular Biology;Chemistry, Multidisciplinary",4.342792e-06,0.0026684161,0.018709948,0.8254368,0.0043670447,0.00456684,9.721621e-09,6.1981536e-06,0.23417965,0.0002658579,0.0008261922,0.6444657,0.0033927131,2.026488e-06,7.212588e-05,8.015257e-07,3.0005933e-05,0.00045061484,1.9670317e-06,6.070007e-07,7.066476e-08,4.7433896e-06,2.9707115e-07,2.2543512e-05,6.326515e-06,1.1393787e-06,1.06043345e-07,4.7569438e-07,0.0011424843,2.0558115e-05,2.9191699e-05,0.0005162388,3.9845185e-05,0.000116676885,0.00037698596,2.132605e-05,1.0890993e-05,2.221608e-05,0.00076390064,8.223193e-05,1.2636972e-06,5.954129e-07,0.00043217372,5.2524538e-05,1.5442758e-05,2.0492756e-07,4.8683887e-05,3.797532e-07,4.1465606e-07,1.9094862e-06,9.332149e-06,1.991559e-05,3.0461288e-07,3.77594e-06
645528,Biology,0.00040734396,0.08144832,0.013821845,0.008437827,0.23816425,0.0011907603,0.00027367834,0.0018975893,0.041072503,0.021741083,0.031833738,0.17968294,0.03373202,0.000506892,0.0052190884,0.0056603355,0.05988532,0.08933079,0.001259302,0.00046645795,0.00027032165,9.4546616e-05,0.0047552492,0.0053292755,0.0060137487,0.013466039,0.0007771045,0.0010670784,0.02138631,0.034965787,0.00075833,0.0030828144,0.056289084,0.051938906,0.00067443546,0.018000873,0.0013622612,0.007216358,0.11503462,0.0045828847,0.0012386434,0.005473846,0.040217586,0.009641509,0.015327873,9.449361e-05,0.002029359,0.0043598865,0.0001949549,0.00032223217,0.00080369064,0.00066103693,0.0008895696,0.023469945
644441,Biochemistry & Molecular Biology,0.0041530514,0.008816883,0.02599127,0.104277626,0.089469515,0.0034743191,0.00239452,0.008212721,0.0047610635,0.018243829,0.042483382,0.012009076,0.05070004,0.0013193294,0.0014971495,0.0006747897,0.03668503,0.045282084,0.004519423,0.085006565,0.0002890966,0.0053593097,0.011182444,0.008189652,0.0012517199,0.0020043678,0.0017789216,0.011941312,0.016867435,0.014081212,0.011416085,0.003824384,0.0024909903,0.0023058567,0.057037737,0.003760864,0.001621874,0.0046810224,0.038037337,0.00458776,0.015522247,0.0020262452,0.024643298,0.003323707,0.013959478,0.00080081203,0.0031748668,0.030272437,0.00070167676,0.0013261077,0.0045704134,0.00493377,0.0034672173,0.039287835
646228,Enfermedades infecciosas,0.00046173215,0.07454446,0.014605414,0.0016225094,0.054471087,0.0002768454,4.034473e-05,0.003644172,0.0011312971,0.0075995703,0.01674285,0.12624244,0.0057354574,0.0004619602,0.0017901702,0.008096299,0.29422298,0.14206308,0.0016137409,5.1356677e-05,0.000112078174,9.435135e-05,0.011734361,0.0033283618,0.005487492,0.0006383042,0.0001315398,0.0002734634,0.0060439864,0.041349124,0.0021048326,0.012633868,0.00088518136,0.014037046,0.0007474305,0.013440779,0.0005278209,0.006289613,0.18187739,0.005554285,0.001585143,0.01038001,0.054869138,0.002605654,0.01377131,9.816341e-05,0.005547646,0.003737353,0.000113123,0.00013254797,0.0007167541,0.0008800354,0.00017508057,0.012657182
644448,Biochemistry & Molecular Biology,1.2381881e-05,0.0023895416,0.009789911,0.25687045,0.041064728,0.00046850712,6.9315165e-06,4.710249e-05,0.20144653,0.00050545397,0.045497548,0.0192756,0.17347379,5.343223e-06,0.00019886374,4.312104e-06,0.00012384393,0.0012681851,3.1283696e-06,0.0006607752,3.1446298e-06,1.644872e-06,1.691793e-05,0.00015976548,1.798218e-05,0.00039876485,6.6392467e-06,4.652673e-05,0.0006668177,6.7978275e-05,5.8343076e-06,2.3914909e-05,0.0027522773,0.0005243181,0.0015301433,7.9268255e-05,3.7704023e-05,2.207772e-05,0.001097824,0.00025476704,1.2928685e-05,3.1408115e-06,0.0018255493,0.00035928548,0.00030205367,3.2844005e-07,8.682544e-06,2.9617648e-05,1.1417391e-06,1.0145007e-05,3.5249624e-05,6.134114e-05,8.704909e-05,0.0002535721
639572,"Biochemistry & Molecular Biology;Chemistry, Medicinal",1.0117567e-06,7.9408535e-05,0.00034163002,0.9542978,0.00022252071,1.7528315e-06,4.058222e-06,1.8727531e-05,1.5508998e-05,4.0929475e-08,0.96705073,0.018124728,0.31503278,1.7285504e-06,0.00070787815,4.314554e-07,4.9877444e-06,2.6121621e-05,1.3846154e-07,0.00012096447,6.3532724e-08,6.8451406e-10,8.683895e-08,2.161561e-06,1.7749397e-08,4.0626637e-06,6.870768e-09,3.2499722e-06,1.7691616e-05,4.4421324e-08,0.00014566215,2.2395147e-07,1.0917113e-05,2.7725562e-07,2.83409e-05,1.4597769e-05,7.65591e-09,1.4597603e-07,5.432354e-05,1.323169e-05,0.000112319,1.3662125e-07,0.000500951,1.5449048e-05,2.3378127e-06,2.2773515e-08,6.5274364e-08,2.6209634e-07,2.3210802e-09,3.7580996e-08,2.628635e-08,1.4146987e-05,5.2571926e-07,3.1859452e-06
647532,Farmacología,0.00016539772,0.05875727,0.025618097,0.0012887857,0.0736665,0.00035631057,2.1423892e-05,0.0032091036,0.006726161,0.0043203062,0.021174235,0.045784056,0.011535071,5.8697973e-05,0.0010321406,0.0009872806,0.05994149,0.10445381,0.00058037153,3.6398997e-05,0.00013183829,5.7902398e-05,0.012187358,0.0012491752,0.002930844,0.00034286597,8.682475e-05,0.00017485452,0.002205559,0.024758296,8.967268e-05,0.006631666,0.0019062934,0.017754732,0.0010578523,0.0033812642,0.0003083381,0.0023114933,0.088393964,0.00882354,0.0001390525,0.0016260798,0.03795182,0.0010597743,0.007451112,1.1153537e-05,0.0022951586,0.0062560015,4.9113074e-05,8.288624e-05,0.00095169747,0.00041297774,0.00013133952,0.011206206
647536,"Chemistry, Multidisciplinary",0.00014796414,0.005735939,0.056414507,0.18378164,0.03183211,0.0023400264,2.8081422e-06,0.0007325596,0.0007278559,0.005831573,0.004646435,0.7267604,0.013573049,0.00013510749,0.00051098823,6.7381865e-05,0.01678948,0.0029645774,0.00031303157,4.7606733e-05,9.298435e-06,1.7311126e-05,1.289674e-05,0.00075457967,7.952068e-05,2.7343413e-05,4.9463256e-06,5.278887e-05,0.0012207784,0.0024690258,0.0028897298,0.0027444372,0.0001918494,0.0004184325,6.676075e-05,0.00080637325,0.000117314135,0.00032148315,0.025365852,0.0019294407,0.0001920833,0.00017451389,0.006240138,0.0001525116,0.0032170787,8.920023e-06,0.0007456608,6.813779e-05,3.61861e-06,1.2056514e-05,8.007556e-06,0.00011000121,2.952127e-06,0.0010569254
645842,"Chemistry, Multidisciplinary",3.0601055e-05,0.008279828,0.035017714,0.00083344505,0.014952795,2.7308726e-05,4.144086e-07,0.00028322937,0.00012858598,0.0022881853,0.0016908158,0.5461768,0.016339093,9.9945e-05,0.00027000558,5.7447225e-05,0.033843074,0.0018393735,0.00019282871,1.6275654e-06,2.8924094e-05,1.0507428e-06,1.7860833e-05,0.0004517656,0.00016950302,4.7070924e-05,3.0644374e-06,2.0086688e-06,0.0014429005,0.00631598,0.00024806568,0.0009019799,0.00019706698,0.0033495522,4.0220734e-06,0.00076870713,6.3025785e-05,0.0004744333,0.06899786,0.00052452635,3.4446268e-05,4.3687938e-05,0.0066607418,0.00075055676,0.00340667,1.0645468e-06,0.00015971629,7.3581374e-05,2.336114e-07,2.5554752e-07,1.8357714e-06,1.4175633e-05,4.6445828e-07,0.0021521673
645840,"Chemistry, Medicinal",0.0004185889,0.004411436,0.007880575,0.2566751,0.006992426,0.00029731402,0.00028483005,0.0025400345,0.0005593027,0.0001315679,0.60696244,0.12933071,0.12164159,0.0003260937,0.0069379215,0.0005607781,0.0067881984,0.0069310097,0.00022282919,0.0012437736,7.349385e-05,1.3293324e-05,0.0003498409,0.0008319201,6.421119e-05,0.00038838643,1.8382416e-05,0.00033938722,0.0019785443,0.00025333287,0.007396559,0.00037656163,0.00058842,0.0003180581,0.0018210165,0.0018519096,3.1643725e-05,0.00028586492,0.0138596855,0.0025343967,0.0060505327,0.00034253078,0.016988121,0.0012606881,0.0010926812,4.4869597e-05,0.00014973828,0.00058475183,9.574038e-06,4.2151838e-05,9.826043e-05,0.0015511445,0.00027010858,0.0013338216
644820,Cell Biology,3.206034e-06,0.0023097608,0.0023103508,0.0031085368,0.024449809,0.00079481065,7.00869e-07,1.2944821e-05,0.51232165,0.0012532624,6.4993146e-05,0.0059501077,0.0013841643,8.444769e-07,2.5341416e-05,1.3149861e-05,8.3280625e-05,0.0029791913,1.4031637e-05,5.6122185e-06,7.640157e-07,3.1117135e-05,8.692351e-05,2.7732865e-05,0.00021548764,1.7682272e-05,2.393791e-05,5.0703256e-06,0.0041654115,0.00045803643,7.5585893e-07,7.9974605e-05,0.0010394359,0.0077053797,0.0008419204,5.3933727e-05,4.945989e-05,0.00013272578,0.0017261014,8.653297e-05,3.7031825e-07,8.760788e-06,0.00034187015,5.926379e-05,0.00013171716,1.1478909e-07,8.1728555e-05,0.00022056595,1.7558178e-06,2.3273622e-06,0.0005309469,2.5316587e-05,9.543317e-06,0.00040857596
644422,Parasitology,0.00018295583,0.00015477266,0.0069716405,0.17023459,7.326525e-05,0.00023629368,9.319937e-06,0.0016166883,0.0007226351,1.9141782e-05,0.004197864,2.2071235e-05,0.013279446,1.2284858e-05,5.955635e-05,1.7987404e-06,1.7210405e-05,0.0014432734,7.132766e-06,0.0023297344,1.3723098e-06,0.00029619224,0.0003000431,2.1436543e-05,3.6825964e-05,2.793417e-06,2.4813467e-06,7.346114e-05,0.00011055538,2.991559e-05,0.00012758169,3.4642246e-05,4.0551695e-06,6.971977e-06,0.94529235,5.3886684e-05,0.00011502229,1.2605851e-05,0.0003354069,0.0008330818,3.7804362e-05,1.8841217e-06,0.00058176246,1.39452195e-05,4.504881e-05,7.172055e-06,3.1154967e-05,0.001143883,5.59077e-06,2.3687771e-05,0.006873005,0.011849157,0.00068506546,7.800363e-05
647533,"Chemistry, Multidisciplinary",7.5710734e-05,0.051530913,0.013716763,0.016855799,0.01283579,0.00020469341,2.5649122e-06,0.0006488323,0.0007194572,0.002117223,0.013323535,0.8708402,0.0067456695,0.0002383312,0.0023230473,0.0016771648,0.09244934,0.024430014,0.00027964573,4.430786e-06,1.3895211e-05,4.989091e-06,7.2329756e-05,0.0010696154,0.00065012876,0.00018689247,7.9233205e-06,9.073359e-06,0.0042614103,0.006470499,0.0022275564,0.0048244577,0.00037845407,0.00312813,1.7734066e-05,0.009370406,0.00011292007,0.0018741998,0.12250835,0.0021381888,0.00022170876,0.0008949413,0.080797486,0.0009880997,0.0040637967,1.6529735e-05,0.0014969842,5.423477e-05,5.557726e-06,1.3949343e-05,1.3619299e-05,0.00014884812,4.5551838e-06,0.0013675172
642096,Biology,0.001032267,0.0033401973,0.022498494,0.013528693,0.09682914,0.0009054513,0.00057269447,0.00236752,0.003458695,0.00820866,0.007157379,0.0025383113,0.041335396,0.0002025195,0.00019857177,5.844116e-05,0.015669215,0.018099623,0.00087008876,0.0476712,0.00015339645,0.001972896,0.0029448355,0.0034679226,0.0005033516,0.00042321064,0.0009086711,0.00317905,0.0015929342,0.01333358,0.00079550245,0.0004317424,0.0014815032,0.0010592403,0.011827608,0.0012867263,0.0011711011,0.0011166661,0.015282607,0.0014877887,0.0009221964,0.0003884325,0.0061774347,0.0008248943,0.011454891,5.08645e-05,0.00042390433,0.024283458,7.4659394e-05,0.0002694889,0.00062818686,0.00043088163,0.00091440714,0.03708482
642095,"Chemistry, Organic",0.00060761016,0.0033410657,0.010722525,0.07234924,0.1418722,0.0003300077,0.0010161443,0.0013895503,0.0011707853,0.0061930246,0.07990742,0.034492932,0.2268708,0.00029833507,0.0010528098,8.1808335e-05,0.015039769,0.008088013,0.00027945673,0.08581616,9.3367016e-05,6.918851e-05,0.00022874233,0.0043025976,6.975619e-05,0.0017414007,0.00033501306,0.0036812483,0.0018407791,0.003863079,0.0025240835,0.00017893875,0.004334966,0.00039561532,0.00084157655,0.001283679,0.0001105634,0.0006821592,0.015807178,0.0008440847,0.00307392,0.0003564035,0.0069236713,0.0016988094,0.010109743,3.941018e-05,0.00013697664,0.004907869,1.6349522e-05,6.510015e-05,5.334721e-05,0.00016385938,0.00038197954,0.028427158
641960,Biology,0.00068722275,0.12484047,0.043320917,0.0058831046,0.29294115,0.0048274854,0.00025791887,0.0034373882,0.039079443,0.055818968,0.0076874546,0.017380621,0.021156691,0.00021712312,0.00058414607,0.0017895534,0.09214137,0.22288437,0.0015645139,0.0013470293,0.00042096223,0.0008437836,0.028132075,0.0039996034,0.021403499,0.0076237167,0.0019175375,0.0027669366,0.0076934197,0.11187152,0.0003022406,0.0056926375,0.010032165,0.027082548,0.0065854993,0.032616463,0.010376896,0.012079718,0.15289243,0.006137929,0.0008858631,0.005076429,0.05210411,0.0035128181,0.046718165,0.00013938996,0.0041064452,0.004536394,0.0009961843,0.0017040522,0.0049813576,0.00083519606,0.0033409754,0.059488688
642210,Zoology,0.0015777985,0.007218736,0.010455319,0.00040775517,0.11936135,0.00024641416,0.00065181724,0.004222914,0.00036944472,0.0071941353,0.006824824,0.00032018533,0.008905725,0.00014289204,0.00016221464,0.0005713127,0.11177507,0.10802794,0.0018109193,0.009149262,0.00044837137,0.0015311583,0.06692702,0.0033099155,0.00333895,0.0007080586,0.0017020043,0.010369284,0.00068633625,0.05825471,0.00046743744,0.00071906246,0.0011406227,0.0019700422,0.011332764,0.0036649357,0.00173194,0.004598877,0.04502474,0.0027812475,0.0042959005,0.0043584756,0.0065110056,0.0010463403,0.051032946,8.6075226e-05,0.00058117387,0.08406383,0.0002949284,0.00040849534,0.0011542976,0.0007347154,0.003997591,0.13521352
646242,Infectious Diseases,0.0011361889,0.11702625,0.011565083,0.0001928024,0.022631755,0.00058800407,0.0004369306,0.015161811,0.008976143,0.006160668,0.011761931,0.0011119933,0.004098512,0.000115494775,0.0005618066,0.011167517,0.030612506,0.12633172,0.009259938,0.00015800822,0.0015327404,0.0013070134,0.58048517,0.0015165473,0.05166808,0.003889746,0.0028063408,0.004192755,0.0098314155,0.05237844,9.099388e-05,0.023822965,0.001490283,0.097571164,0.13729957,0.020445008,0.005924823,0.011352008,0.13312228,0.017792134,0.0010998574,0.013405644,0.037936136,0.0061841803,0.021068295,0.00018388749,0.015964717,0.022722669,0.003627661,0.004922352,0.31672743,0.004430773,0.0088062035,0.056361508
646239,"Chemistry, Multidisciplinary",8.591318e-05,0.004475453,0.007829331,0.14497283,0.009273444,0.00014576246,3.5067055e-06,0.00029305357,0.00045408212,0.0005338668,0.010348209,0.9558354,0.01621925,0.00015064797,0.0039157216,0.000139964,0.006322619,0.00089901895,0.000111652014,1.4715276e-05,3.0234087e-06,2.1293768e-06,1.4833339e-06,0.00036357745,1.7072076e-05,2.3957733e-05,1.8152094e-06,3.3398287e-06,0.005389834,0.000673913,0.0046041314,0.0009818545,0.00018556534,0.0007162672,8.674988e-06,0.00023061817,5.39887e-06,0.0001400696,0.020174615,0.0008671993,8.284065e-05,9.225235e-05,0.005724743,0.00020693147,0.000570686,4.4225203e-06,0.0003407198,6.0669972e-05,3.622031e-07,1.8896569e-06,1.7602575e-06,7.553326e-05,2.1444725e-07,0.00064734684
641939,Biology,0.0013043894,0.116472416,0.10412533,0.023747003,0.17701618,0.005593088,0.00027825875,0.0077178655,0.017443506,0.040170494,0.037268177,0.07344039,0.10898456,0.0006625005,0.002157339,0.0011104625,0.08409887,0.17066872,0.0012427435,0.0023164304,0.001190173,0.00048834423,0.0077290884,0.0068286774,0.010433975,0.005306303,0.000915958,0.0026447745,0.003584566,0.06261124,0.0008458859,0.009137995,0.007768497,0.010008762,0.0054034675,0.03654942,0.008112939,0.009843981,0.15874285,0.017595755,0.0011916187,0.0037664352,0.08666508,0.004598776,0.059284918,0.00021462397,0.0028269582,0.004147856,0.00055059005,0.00090719434,0.0018477592,0.0015701858,0.0022476052,0.052978255
646232,Enfermedades infecciosas,0.0005124156,0.11755153,0.00911678,0.001073316,0.005524801,0.00020460539,2.7734002e-05,0.007938806,0.0005481076,0.0020086581,0.012390978,0.17243679,0.002707563,0.00063408655,0.0041987672,0.03596915,0.21614566,0.13656333,0.0016563176,6.5214713e-06,0.00017168872,7.0689195e-05,0.011602251,0.0022448588,0.017464433,0.00046893425,0.00010451626,0.00012539023,0.002921484,0.029298754,0.002536624,0.025727078,0.00040898164,0.012242602,0.0011640099,0.066262886,0.0007963773,0.0075670467,0.1805957,0.011437108,0.00083497044,0.03008315,0.14092991,0.0026836072,0.011841309,0.00021391669,0.014222773,0.0013775416,0.00017714757,0.000361638,0.0015998792,0.0019268511,0.00021809892,0.0046705524
647135,"Chemistry, Multidisciplinary",0.0007246259,0.0064311787,0.04026202,0.18424438,0.042570803,0.003191075,3.574763e-05,0.0029284747,0.0014835099,0.009108053,0.011990845,0.4789783,0.022348844,0.00040073844,0.0015993668,0.00027842302,0.025768306,0.010311586,0.0009219289,0.00070190884,2.9138606e-05,0.00018515195,0.00010341295,0.0020895845,0.00018810532,0.00010620127,4.2953998e-05,0.00040314687,0.003130956,0.0057768333,0.00968226,0.0036762466,0.00072228594,0.00077662,0.0006541195,0.0013286266,0.00023562058,0.0010142665,0.034034118,0.0041211145,0.0009201308,0.0007719591,0.010372911,0.00035034673,0.0053245937,6.837642e-05,0.0016008301,0.0012837189,2.7764356e-05,7.6333614e-05,7.890866e-05,0.00053952023,3.3644563e-05,0.0039787423
642564,"Chemistry, Multidisciplinary",6.57132e-05,0.002760813,0.018054636,0.07006378,0.013329612,0.0006958409,6.226407e-06,0.0003134745,0.070793726,0.0005548031,0.0059342417,0.09293681,0.038414206,2.4704994e-05,0.0006871039,1.7490194e-05,0.00038718406,0.0032824224,1.9772917e-05,0.00014313888,4.3431196e-06,2.9749019e-05,2.993046e-05,0.00020633863,6.089005e-05,3.7046997e-05,9.412995e-06,1.2144064e-05,0.0023606285,0.0005509691,5.830428e-05,0.00020134675,0.00078585395,0.0012480548,0.003272147,9.201118e-05,4.9875038e-05,0.00011799985,0.0042197695,0.0010764503,7.983316e-06,1.7643868e-05,0.0016227661,0.00017365272,0.0002844797,1.294298e-06,8.556203e-05,0.00087833236,1.5842555e-06,6.5457407e-06,0.0001727482,0.0003388765,2.0397627e-05,0.00065210677
641975,Plaguicidas,0.00027938775,0.3251962,0.051212616,0.035260372,0.01722869,0.0010693683,3.5381883e-05,0.0034912156,0.010074759,0.0030713272,0.08013,0.35464638,0.05894417,0.00058029324,0.0036506443,0.0012795707,0.021851301,0.04505128,0.0005750724,4.8080037e-05,0.0005891942,4.012491e-05,0.0014157015,0.0018974466,0.008036476,0.0024706821,0.000113290225,6.8902154e-05,0.0057369582,0.008548726,0.0006783415,0.013396756,0.00073424116,0.010239321,0.0008097601,0.09499464,0.0029740245,0.0026285234,0.20873968,0.011818015,0.00029242033,0.0007390886,0.4382924,0.007624171,0.0121838795,9.386792e-05,0.0032757386,7.260577e-05,8.893537e-05,0.00030960707,0.0005929249,0.00066042674,0.00014115807,0.0045437533
639797,Biochemistry & Molecular Biology,0.0008401608,0.0013504771,0.05141139,0.4747655,0.010099121,0.004210245,2.7336739e-05,0.0019191507,0.0034880254,0.002170523,0.014315072,0.011981408,0.034620732,0.000132409,0.00023458408,7.430863e-06,0.0017059472,0.0036333948,0.00012611558,0.009979245,2.5619376e-05,0.0011496696,0.00013670042,0.0007055293,0.000107067404,3.1906686e-05,2.7190332e-05,0.0010943416,0.00032779924,0.00097161095,0.0016605223,0.0006465169,0.00020653605,6.7737434e-05,0.016529609,0.0005203692,0.0005078986,0.00036748673,0.0032735344,0.0023498118,0.00027791326,6.217796e-05,0.00331782,0.00012130303,0.0019331734,3.7680442e-05,0.00027543007,0.0009386784,5.155742e-05,0.00017180417,0.00020786008,0.000572826,0.00015118864,0.0016186275
643970,Genetics & Heredity,0.00023653827,3.894214e-05,0.0050551496,0.1053627,0.0039681476,4.6409386e-05,0.00047611588,9.139573e-05,9.468565e-05,0.0006139097,0.0048682787,9.189728e-06,0.026987404,0.00023639196,8.380694e-06,9.9390945e-08,0.00041162377,6.20405e-05,9.776591e-06,0.934295,6.629946e-05,0.00093286706,3.0278667e-05,0.0003060344,1.2271966e-05,8.1141174e-05,8.001611e-05,0.00082569796,3.8180733e-05,0.0002687971,0.0011510728,3.1889635e-06,4.375782e-05,3.3207155e-06,0.0011412422,0.00018795615,0.00029788233,3.1697095e-05,0.00014323705,3.2286196e-05,0.00021096147,1.9725453e-06,0.000317225,0.00012067139,0.0016675725,6.9769317e-06,5.6553777e-06,0.00019509644,3.6704942e-06,3.7795566e-05,3.3488452e-06,1.1921521e-05,5.3103533e-05,0.004093313
718177,"Chemistry, Multidisciplinary",0.00029247554,0.0008998013,0.007690318,0.013658171,0.008334091,5.6896468e-05,2.5268202e-05,0.0010807964,0.00017506337,0.0005818052,0.0034219997,0.025989728,0.015462413,0.00010579483,0.0004982753,1.9626625e-05,0.0055945264,0.0035787022,7.343088e-05,0.0022936172,7.638907e-06,0.00011170111,2.7998713e-05,0.0003564711,2.9420029e-05,8.017689e-06,1.614009e-05,3.0003272e-05,0.00072543044,0.0037221597,0.001851625,0.00015817164,8.79207e-05,0.00011681047,0.0005167252,0.000108905,2.4372071e-05,0.00027557084,0.0074620172,0.00061203237,4.4301683e-05,8.292458e-05,0.0014758826,3.5643738e-05,0.0014933364,3.5090675e-06,0.00011289681,0.014287836,7.713765e-07,2.6149194e-06,1.0169262e-05,0.00012399105,3.352923e-06,0.0072497725
633306,"Chemistry, Multidisciplinary",0.000115235816,0.23350862,0.006698023,0.0029765973,0.0016477634,7.908261e-05,7.0879987e-06,0.0026311635,0.00087532296,0.0003865346,0.015007436,0.4220882,0.0038627838,0.00034086616,0.004084455,0.008083531,0.03645394,0.037601154,0.00030897398,1.3334732e-06,9.479324e-05,9.697531e-06,0.0009735465,0.00076386135,0.010377849,0.0005034673,2.9287201e-05,1.0332889e-05,0.0024249626,0.0064069494,0.0007466001,0.009292248,0.00018524696,0.0076402035,0.00019331193,0.13714871,0.000714091,0.0024517088,0.16910324,0.0055712066,0.00013727999,0.0035089012,0.37960538,0.0029149922,0.004086511,5.078763e-05,0.0039368933,4.219455e-05,2.8853596e-05,0.00012381193,0.000273089,0.0004504006,2.8039594e-05,0.0010998275
748176,Biochemistry & Molecular Biology,1.6243685e-05,6.315664e-05,0.008524584,0.93913996,0.00015840118,0.003932444,1.764237e-08,0.00023479397,0.00019932658,3.497936e-05,0.00042713454,0.0849359,0.0003188244,6.4628136e-07,9.563999e-06,3.751665e-07,2.1606422e-05,0.0003148928,8.133873e-06,1.8519346e-06,1.2813803e-08,1.8936504e-05,3.820107e-07,5.278592e-06,1.7085997e-06,2.0049391e-08,1.4013452e-08,3.3316148e-06,2.9230005e-05,5.7200114e-06,0.00042242126,0.00030032644,7.8651016e-07,1.8260247e-06,0.004069494,1.1560338e-05,3.3159718e-06,3.5115079e-06,0.00020259773,0.00026892705,5.2963774e-06,9.1068915e-07,0.00015828674,3.7280435e-07,8.321481e-06,7.7650833e-07,3.6808164e-05,3.8074354e-06,5.8074e-07,3.7992925e-06,1.4977239e-05,0.000107724656,3.0585207e-07,1.719506e-06
642110,Farmacología,0.0015417323,0.016490009,0.01662411,0.0013742677,0.121588394,0.0005685111,0.0014669104,0.006764719,0.005864644,0.008561738,0.012288875,0.00066899875,0.024443014,0.00014609516,0.0003549483,0.0005577232,0.043002527,0.13880731,0.001463878,0.0145882,0.00046008284,0.0030066564,0.087252036,0.0035198356,0.0057852147,0.0015992312,0.00293958,0.004723493,0.0028679103,0.051327776,0.0002088572,0.0011867094,0.0027474428,0.009635017,0.056782555,0.0040032202,0.0028221176,0.0038334979,0.04275065,0.005700592,0.0014820041,0.0026104741,0.016099641,0.001815847,0.023640815,9.11795e-05,0.0008720687,0.10655809,0.00057695364,0.0012788124,0.008923175,0.0018786213,0.0057942583,0.11479957
642093,Genetics & Heredity,0.0011910048,0.0014451026,0.012642513,0.0134923905,0.0362503,0.00023683412,0.0010445989,0.001722653,0.0012045194,0.0035719685,0.011355402,0.0008199535,0.06025572,0.00041267512,0.00020023575,3.5400848e-05,0.009781617,0.0077581946,0.00072472496,0.1699668,0.00016178815,0.0020866988,0.002390256,0.002554842,0.00026148756,0.00041834754,0.0006898922,0.001457404,0.0032406915,0.005988928,0.0018710322,0.0002082771,0.00046144353,0.0005277392,0.03142503,0.00064386264,0.0006622906,0.0006430203,0.008621886,0.0005676834,0.0014609882,0.00013000863,0.004314505,0.0011635198,0.00550163,5.318558e-05,0.00021444808,0.03546535,3.4416913e-05,0.000114383314,0.0006694535,0.00062255707,0.0007558269,0.032939654
746471,"Chemistry, Multidisciplinary",0.00051875715,0.007839571,0.01491128,0.04280373,0.011727075,0.00030793622,1.9996947e-05,0.0039289896,0.0002019778,0.0012742517,0.0123768225,0.83215,0.010547339,0.0004316761,0.006486818,0.0013632806,0.05036511,0.0065303952,0.0009661181,5.6772944e-05,1.9582354e-05,3.150798e-05,3.7382262e-05,0.001160319,0.00010297811,3.3481774e-05,1.1569074e-05,3.074515e-05,0.0037208935,0.005187452,0.01757275,0.0037524267,0.00022088966,0.0012923848,7.334144e-05,0.0007677697,2.734177e-05,0.00094708975,0.059463575,0.004470605,0.00027572722,0.0011594692,0.011867825,0.00016575295,0.0025673357,3.057204e-05,0.002228312,0.0017361284,3.923627e-06,1.0187443e-05,1.6644322e-05,0.00048608278,2.8096824e-06,0.0025007455
727616,Parasitología,0.0001651459,0.14172988,0.07864769,0.035546113,0.044566453,0.002830898,2.7958473e-05,0.0018239444,0.0040604095,0.01308901,0.016688911,0.0654485,0.050737906,0.00025513288,0.00037041173,0.00044263556,0.033040073,0.048698224,0.00029177006,0.00015382413,0.0006487559,2.2497508e-05,0.0007636346,0.0015570363,0.015704079,0.012885279,0.00014783621,0.0003424186,0.0006852304,0.013786258,0.0002536906,0.0019777357,0.0015403125,0.0018499873,0.00037926974,0.24484052,0.027351638,0.0027491825,0.13684459,0.0044891005,0.0006026665,0.0006431408,0.21144386,0.003973402,0.05945677,4.3340522e-05,0.00055292697,2.1003802e-05,0.00011776829,0.00037277825,0.00014658831,0.00026749834,0.0010501546,0.008552663
725395,"Biochemistry & Molecular Biology;Chemistry, Multidisciplinary",0.00038814123,0.01746618,0.040347014,0.45378578,0.018615054,0.0039074784,9.262916e-06,0.00088664127,0.0055219615,0.0022653725,0.0140111735,0.93595123,0.013204726,0.00032403032,0.0035377396,0.00044095016,0.014976166,0.0051972223,0.0005231507,3.142396e-05,1.7479255e-05,5.142814e-05,2.1326314e-05,0.0015246854,0.00021657707,8.2357576e-05,1.4526859e-05,3.89609e-05,0.0071538114,0.0019021103,0.006703262,0.008803828,0.0005484222,0.0017437305,0.00012422857,0.0018213106,0.000122066296,0.001275367,0.030903388,0.003694011,0.00058786507,0.0003600611,0.023557607,0.0010446144,0.0020765767,6.1148756e-05,0.0023110337,5.5875116e-05,2.0806749e-05,0.00011715494,3.6410038e-05,0.00043618254,6.815423e-06,0.0005837106
725025,Patología,0.0008448859,0.21589515,0.022965593,0.0024172247,0.013902653,0.0006870643,6.7728906e-05,0.010382434,0.0024121397,0.0048477277,0.017911639,0.09958215,0.0067032846,0.0006597445,0.0028462496,0.013352383,0.13897192,0.14582653,0.0018363128,3.952011e-05,0.0006618054,0.000201189,0.022749044,0.002751361,0.038869478,0.0024064584,0.0003612641,0.0003164701,0.003623052,0.044966705,0.0012326827,0.022540657,0.00083080225,0.016328383,0.0025997977,0.13149656,0.0042344863,0.014186389,0.22153783,0.016334893,0.0009953651,0.014940817,0.21424411,0.0060969987,0.0340557,0.00028917793,0.012226592,0.0012022394,0.000542614,0.0011903719,0.0039110137,0.0018414083,0.0009076405,0.013791095
737259,"Biochemistry & Molecular Biology;Chemistry, Multidisciplinary",0.0008169148,0.005388431,0.023695853,0.59999263,0.01934032,0.0033931318,4.9432307e-05,0.001044081,0.00094600976,0.0076136696,0.010524359,0.6373981,0.010276176,0.0018725182,0.0024075108,0.00040766114,0.02493652,0.0021418708,0.0008000446,0.00073717925,2.9349412e-05,0.00014134502,2.3550281e-05,0.0019421579,0.0002686129,0.00013590734,2.731008e-05,0.00018023259,0.00706522,0.0018495207,0.056555666,0.0037608712,0.00028528937,0.00062869093,0.00018072975,0.0022225208,0.00026135196,0.00048560183,0.014355383,0.00134424,0.0024855847,0.00045975993,0.010560425,0.00063213095,0.0039165774,0.00018177724,0.0022073383,9.392074e-05,2.4046843e-05,0.00012686956,1.731296e-05,0.0007289429,9.688702e-06,0.0010516233
747288,"Chemistry, Multidisciplinary",0.0029435083,0.013690474,0.037290443,0.028712051,0.04912339,0.0016393726,0.00042416502,0.019401398,0.0018629389,0.01020668,0.013242247,0.07550065,0.039851613,0.00074817095,0.0032999462,0.000805581,0.03714929,0.051851675,0.0024419508,0.00564345,0.00022362352,0.0013177572,0.001847294,0.0037997097,0.0010565183,0.00024989498,0.00043625807,0.0013315642,0.0032981574,0.03510732,0.0058619226,0.0048476453,0.0013586534,0.0026672415,0.00842501,0.002580448,0.0006672573,0.003176526,0.06322034,0.014676048,0.00060495874,0.002823346,0.014615024,0.00047321944,0.014980014,0.00015628088,0.003429211,0.070467606,0.000117613185,0.00020402682,0.001009198,0.002520658,0.0002707281,0.038489085
737305,"Chemistry, Medicinal;Chemistry, Organic",0.000108950604,0.012185854,0.014496283,0.1400552,0.004634924,8.499848e-05,6.952648e-05,0.0013669091,0.0010443805,6.40996e-05,0.8087741,0.02241393,0.472801,0.0001272244,0.00513987,5.1265422e-05,0.0012555706,0.0037589262,2.2235177e-05,0.00056925585,0.00020918404,1.1539973e-06,0.00020349408,0.00018701637,0.00010913964,0.0005838758,5.0541485e-06,0.0001260973,0.00021482974,0.0001275205,0.00017138007,0.00014366944,0.00068363623,0.0003769028,0.0012041103,0.0031672958,5.1477247e-05,5.7892405e-05,0.009770438,0.0036094617,0.00017407778,4.994786e-05,0.024121681,0.0007502057,0.0010915934,4.616973e-06,3.2293527e-05,9.092579e-05,2.9162486e-06,1.0807062e-05,4.1966177e-05,0.00041079192,0.000119443124,0.0010510209
727615,Farmacología,0.00017600147,0.09207541,0.0094039,0.0004210102,0.02786181,0.0001840922,1.0918154e-05,0.003800271,0.00093771174,0.0053437254,0.0046638516,0.08963706,0.0026902782,0.000115254064,0.001128713,0.008530003,0.18371476,0.300045,0.0014714622,5.5255623e-06,3.424843e-05,6.248158e-05,0.008938022,0.0011984822,0.005861711,0.00016015228,6.3694526e-05,8.315826e-05,0.005605381,0.07474392,0.0005586705,0.018178761,0.0005575123,0.01804409,0.0011709381,0.0091911135,0.00024150622,0.0055492776,0.28733706,0.006687552,0.00023249944,0.009647036,0.05454049,0.00065376045,0.0049589146,4.5839035e-05,0.007960104,0.0066939783,6.9076894e-05,7.057664e-05,0.0016253638,0.00071899494,6.0485756e-05,0.007692145
746692,"Chemistry, Multidisciplinary",0.00064347254,0.009415422,0.03215092,0.12550606,0.017546311,0.0015360161,3.581974e-05,0.003376524,0.007131892,0.0029670987,0.012571007,0.43195343,0.040078986,0.00030055302,0.003407763,0.0001557364,0.004492569,0.013226419,0.00047491968,0.00049273344,3.0347292e-05,0.00023393902,9.4418676e-05,0.0012312041,0.00018721727,8.111641e-05,3.763752e-05,8.024465e-05,0.0069717895,0.0051155547,0.00271062,0.003278048,0.00081193936,0.0015653542,0.002969303,0.0005817816,0.00013668086,0.00079248624,0.027889539,0.005868999,0.00011914588,0.0003132134,0.00889549,0.00039243966,0.0014683388,3.6483998e-05,0.0011557048,0.0047349376,1.7070628e-05,4.192681e-05,0.00029889963,0.00096201827,2.2554137e-05,0.004345447
724761,"Chemistry, Multidisciplinary",0.0009907155,0.035548646,0.09012812,0.08399348,0.079108596,0.005750323,6.176188e-05,0.00418009,0.015518671,0.011104218,0.013644642,0.72140324,0.03743428,0.0007097442,0.0054563214,0.00096494984,0.03523053,0.02476075,0.0010298059,0.00023949226,0.0001486283,0.00029802436,0.00035307018,0.00349698,0.0011326142,0.00032808722,0.00014166154,0.00022288127,0.0075361594,0.018284017,0.003932184,0.009313962,0.003125697,0.0062007015,0.0008338318,0.003846984,0.00087607483,0.0041026925,0.085566096,0.013701245,0.00045763992,0.0018400336,0.022551207,0.0015448743,0.009544441,0.00010442491,0.003594767,0.0020681461,6.457841e-05,0.00014519966,0.00030349407,0.0011980422,6.259101e-05,0.006626319
761177,Enfermedades infecciosas,0.00035526775,0.08616522,0.0060017183,0.001203039,0.004006782,0.00010103585,1.9282199e-05,0.004177097,0.00034843996,0.0010585851,0.011261237,0.21639815,0.0018263151,0.00066357566,0.0035348663,0.033526585,0.22302867,0.06807411,0.0007659621,5.302164e-06,0.00012212613,3.103265e-05,0.0056997268,0.0015374691,0.016846152,0.0006958005,7.3815965e-05,6.540929e-05,0.0019846258,0.01625752,0.002519093,0.008953705,0.00032696218,0.0079933135,0.00033921143,0.0992842,0.0008345123,0.0072974185,0.14177325,0.0057381666,0.0010515141,0.022923691,0.14200763,0.0030653705,0.012618411,0.00013370783,0.0058181505,0.0004059598,8.972288e-05,0.00022285023,0.00046354582,0.0010292835,0.00016887934,0.002749725
628260,"Chemistry, Multidisciplinary",0.0028482478,0.042823292,0.06861839,0.2116582,0.014765715,0.0055311285,0.00031075653,0.016592601,0.009700224,0.0019983745,0.10678359,0.49922973,0.08688532,0.00169684,0.02004543,0.0024747364,0.02378477,0.038866565,0.0015428624,0.0006345868,0.0003705288,0.0005856847,0.0011630578,0.0030770325,0.001568262,0.00045692874,0.00013489123,0.0002945645,0.012193381,0.0063392697,0.01005402,0.01084654,0.001665686,0.006114201,0.011811178,0.0068598622,0.0007254443,0.004819943,0.067055404,0.030503916,0.0012705881,0.0023858708,0.056725785,0.0019557115,0.0051297904,0.00035972105,0.003730304,0.0039640833,0.00016763805,0.0003908249,0.0018391582,0.010173586,0.00034629586,0.0055203936
673360,"Chemistry, Organic",0.00082638586,0.0036118133,0.027382145,0.08693658,0.091123,0.0006822519,0.0021018402,0.00067360164,0.0040909923,0.0039988253,0.12131518,0.002892784,0.4409106,0.0004847109,0.00032250202,2.7715916e-05,0.007850443,0.0029039893,0.0002254533,0.25343096,0.0010521329,0.00017325362,0.0006630535,0.004702356,0.00027452243,0.011807873,0.0007797918,0.005470141,0.00086425606,0.00150383,0.0008279868,7.760106e-05,0.003821954,0.00039089404,0.0035452817,0.0057658455,0.0019001141,0.00042894276,0.008199631,0.0006983781,0.0056956587,8.1289094e-05,0.011850898,0.011894023,0.015117277,7.536649e-05,5.677073e-05,0.0004995438,5.0793296e-05,0.00045913257,0.00013793568,0.00020521184,0.0053281384,0.015876524
671054,"Chemistry, Multidisciplinary",8.1123995e-05,0.018291365,0.01801996,0.053550594,0.004065704,0.00022390064,2.0589935e-06,0.0009670085,0.002581258,0.00019401438,0.0377617,0.9585948,0.017295837,0.00011544677,0.007260825,0.00041620928,0.006120588,0.0035729627,0.00013807925,2.2437398e-06,1.2266127e-05,3.474535e-06,2.790262e-05,0.0004481197,0.000103314786,4.4957873e-05,3.047621e-06,4.8092e-06,0.0037765454,0.00089733937,0.0011118259,0.0029440585,0.0007175192,0.0032189845,4.7917176e-05,0.0014846524,1.9687981e-05,0.0009105999,0.035851624,0.0041842326,8.9977526e-05,0.00018133945,0.016134007,0.0011383268,0.0005425031,7.1686154e-06,0.00058757176,6.9271955e-05,1.8146764e-06,5.0410213e-06,2.8266702e-05,0.00020724503,2.3907023e-06,0.00051984395
938213,"Chemistry, Multidisciplinary",0.000264384,0.09503305,0.014933345,0.0011981152,0.02162736,0.00013258474,3.0217285e-05,0.0048240344,0.0021367536,0.0017518703,0.06560541,0.13817282,0.010191777,0.00035324963,0.0035981096,0.0072610555,0.09258667,0.052298572,0.0016899558,1.3807422e-05,0.0002453812,3.7189755e-05,0.015819281,0.002279738,0.0031998965,0.00044620578,7.252114e-05,9.673977e-05,0.007908904,0.011490823,0.0006844267,0.01873083,0.00070279336,0.030185845,0.0008799411,0.0068708602,0.00018282922,0.0025747106,0.13737686,0.008955805,0.00043968737,0.0032348635,0.075111076,0.0047650356,0.005072733,4.4977296e-05,0.0055825426,0.0027124344,5.2166626e-05,6.618638e-05,0.0013657698,0.0009694347,9.555705e-05,0.0072700805
842819,Biochemistry & Molecular Biology;Parasitology,0.00040344385,0.0035296853,0.08082091,0.44518074,0.00083763717,0.006687321,8.949079e-06,0.004956586,0.017466133,0.00019995299,0.012295296,0.00044954315,0.035834577,1.1055126e-05,0.00010385252,5.097822e-06,9.6132215e-05,0.008160423,2.4367075e-05,0.0004884402,2.1626189e-05,0.0007738774,0.0014241042,7.902961e-05,0.00061560835,1.0119603e-05,9.974816e-06,0.00028032478,6.1445535e-05,0.00020811273,2.9002817e-05,0.0007272773,2.9879378e-05,7.2493756e-05,0.7691983,0.0005434885,0.0012094611,8.008908e-05,0.0012860354,0.01276192,1.48162535e-05,1.0722329e-05,0.005795355,4.0145962e-05,0.00054084294,1.7734184e-05,0.00021176637,0.0002338331,0.00020098289,0.0005074789,0.013373267,0.009162181,0.0012249128,0.00017782026
749413,Genetics & Heredity,0.00027498585,3.017924e-05,0.0019703656,0.07023495,0.0024749625,1.8429791e-05,0.00027217407,3.9275154e-05,2.2621363e-05,0.0012746966,0.00034559335,5.6585497e-05,0.0014559869,0.001468638,1.9006668e-05,2.1201437e-07,0.0006008441,1.4642356e-05,1.5559186e-05,0.84630847,5.8668254e-05,0.0019781261,3.427002e-06,0.00026489314,5.671099e-06,6.8464255e-06,7.497495e-05,8.2498664e-05,9.9170786e-05,0.00059690455,0.01873749,1.0941242e-05,1.2533007e-05,4.5075744e-06,1.9576566e-05,3.335869e-05,4.8191538e-05,2.865258e-05,0.00010126445,1.3095123e-05,7.174133e-05,3.6070264e-06,6.948577e-05,4.6849967e-05,0.0014040439,8.982828e-06,2.0743251e-05,0.0001703714,7.311303e-07,4.945651e-06,1.12291595e-07,3.7175419e-06,4.4101827e-07,0.0027582175
771971,Biochemical Research Methods,0.00034650986,0.016061617,0.2022359,0.044423096,0.08293236,0.009263346,1.7345978e-05,0.0018260934,0.03648151,0.014284223,0.002218203,0.07684198,0.027154172,0.0001611111,0.00028114888,5.5619726e-05,0.010441688,0.018308276,0.00044533174,0.0003286968,7.373892e-05,0.00080217636,0.0007360322,0.0012018484,0.0016506361,8.26482e-05,0.00015132318,0.00020797884,0.0024640313,0.016111821,0.00027790928,0.0037079523,0.0008565586,0.0031386437,0.0070857517,0.0021046193,0.003082769,0.0013255943,0.0354105,0.004870338,9.318627e-05,0.00020423875,0.008536711,0.0005825279,0.0059958757,2.0890335e-05,0.0015311906,0.0010769827,5.5887478e-05,0.00011060727,0.00088411756,0.0006673384,0.00010136319,0.004599071
728486,"Chemistry, Multidisciplinary",0.00018943075,0.24445383,0.014261501,0.0011488795,0.007811766,0.00013790384,7.069286e-06,0.003578,0.0013875404,0.0023397228,0.0073420345,0.34661654,0.0045131226,0.00039875688,0.0032573612,0.007980392,0.084579244,0.090232514,0.0009732512,2.4206302e-06,0.00016069516,2.76365e-05,0.0020593228,0.0011183027,0.012564912,0.00044311365,5.2347026e-05,1.9658131e-05,0.0045895088,0.03420424,0.00069733895,0.026498238,0.00034078784,0.02008688,0.00025971702,0.04685307,0.00065282156,0.005270576,0.2933841,0.007919701,9.49389e-05,0.0050697885,0.23181267,0.0021878486,0.007674414,5.814525e-05,0.010402884,0.00040540873,4.920106e-05,9.4419214e-05,0.00047695922,0.00052028784,2.7116921e-05,0.004468821
716341,Análisis cromatográfico,0.0011013756,0.21021453,0.0884167,0.0028581754,0.16613936,0.002649155,0.00019190556,0.01324656,0.035668068,0.021507941,0.014378267,0.03864762,0.02527405,0.00034386123,0.0021547957,0.0018073381,0.05967166,0.16151261,0.0034127187,0.00024629483,0.0012919331,0.0012993317,0.045733046,0.004469992,0.020815939,0.00091841194,0.0012655082,0.00097283674,0.009113796,0.11366033,0.00024959064,0.03269145,0.0030754358,0.06303453,0.009599138,0.011330927,0.0037730292,0.009468426,0.19939071,0.023786439,0.0002754794,0.0039090305,0.09603304,0.0034452686,0.027963303,0.000108338434,0.01684534,0.017205752,0.0006995914,0.00076304394,0.011207939,0.0020007428,0.00049891026,0.043419313
728484,Parasitology,3.062193e-05,0.0011332596,0.014468167,0.0025109667,0.015241077,0.00034175883,2.9849696e-06,0.00018372538,0.013886078,0.001489343,0.00013016332,0.0008368502,0.0032857487,4.4066314e-06,8.7920735e-06,2.9069079e-06,0.0008145129,0.0042103124,6.419937e-05,0.00018524891,1.6091149e-06,0.00025926327,0.0006089363,8.281087e-05,0.00021864922,7.699765e-06,3.688899e-05,1.9133004e-05,0.0017017119,0.0023167282,6.9950265e-06,0.00017690162,5.6350716e-05,0.0011737802,0.025823725,9.420976e-05,0.00029160152,9.750755e-05,0.0038826764,0.00021796796,4.8874354e-06,7.125063e-06,0.0007264562,6.458143e-05,0.00052267226,4.6011704e-07,0.000107216474,0.0018186053,3.0568162e-06,8.173607e-06,0.0015522718,0.00014789838,2.9605306e-05,0.0017841925
716627,Plaguicidas,0.00066456455,0.3175565,0.062222056,0.014320672,0.016364211,0.001555838,5.8761703e-05,0.007864608,0.00640583,0.006124456,0.027727878,0.21056248,0.019926602,0.0011215812,0.0031039715,0.004060585,0.06350795,0.084656544,0.0015108163,6.147313e-05,0.0015015026,0.00014661459,0.005085357,0.0026369183,0.03950405,0.0047556628,0.0002918755,0.0001481348,0.004877146,0.029698417,0.001188602,0.021623015,0.0008168481,0.014216725,0.0011478995,0.19358116,0.010805042,0.009645211,0.25860357,0.01582422,0.00056559336,0.0033730967,0.4483538,0.007966679,0.035067707,0.00021209512,0.008157482,0.00022598101,0.000320342,0.0009086901,0.0012678796,0.0012942875,0.00042650272,0.010778221
728485,"Chemistry, Multidisciplinary",0.00022456021,0.11549824,0.0041631353,0.00077741966,0.0016395521,5.1729006e-05,6.3302027e-06,0.0031764128,0.00023898906,0.000749214,0.0033832234,0.36356115,0.00090877974,0.00063451816,0.0042060823,0.03756578,0.15630554,0.04484509,0.0006692953,9.4458295e-07,8.7057975e-05,1.639308e-05,0.0014459665,0.001024687,0.018070336,0.00030131708,4.3205335e-05,1.8599118e-05,0.0015092404,0.017260948,0.0021510678,0.012723246,0.00017035953,0.009199099,0.00010182384,0.1105805,0.00060250657,0.0050361906,0.1754079,0.00459249,0.00021131881,0.020935575,0.19196223,0.0014855096,0.008290152,9.488541e-05,0.009606503,0.00015278756,4.3454664e-05,0.00013382966,0.0001724166,0.0006312558,2.8415787e-05,0.0014551919
720435,Patología,0.002150905,0.2534919,0.12496245,0.013522965,0.15879284,0.006345421,0.00019417668,0.012243794,0.027630288,0.047903202,0.019411568,0.2624904,0.03195929,0.0015717638,0.005007252,0.0048127775,0.15096481,0.21277088,0.005072906,0.00039501593,0.0017636913,0.0016428931,0.01498178,0.011310187,0.024939783,0.0022804996,0.0013282857,0.0013666215,0.012393224,0.14325617,0.002662827,0.059930608,0.005271463,0.037207354,0.0035011636,0.038199723,0.008405577,0.026949119,0.3196388,0.028162813,0.0013950418,0.010412191,0.17485462,0.0073197396,0.04960952,0.0004965327,0.026404051,0.00664384,0.0010753035,0.0012406335,0.003688233,0.0024714991,0.0006005341,0.034958433
751655,"Chemistry, Multidisciplinary",0.0015705095,0.0067947377,0.007532102,0.036132425,0.0016289753,0.00015934299,3.6213343e-05,0.007820146,0.0010916603,8.881274e-05,0.016187396,0.6600816,0.006281565,0.0011142794,0.07629205,0.0050221276,0.0135933915,0.004231505,0.00020455838,2.4979017e-05,4.9339575e-05,7.957924e-05,3.380437e-05,0.0004577586,0.0001987305,1.40915e-05,9.340233e-06,1.9282768e-05,0.0014338135,0.0021934225,0.0159994,0.0033292195,0.00056630326,0.0029256765,0.00032866545,0.0005410812,1.4828495e-05,0.0025350295,0.016314264,0.00909706,6.014966e-05,0.0020358658,0.0047192043,9.658585e-05,0.0007848043,6.521167e-05,0.0019817501,0.003917584,9.221764e-06,2.0293939e-05,3.370021e-05,0.0028889864,6.0454236e-06,0.00054169964
587329,"Chemistry, Multidisciplinary",0.000332358,0.0122593,0.014144944,0.022490183,0.0721618,0.0008085234,3.474163e-05,0.0023767415,0.0013814829,0.008678023,0.0077354214,0.5624807,0.009273427,0.00023709101,0.0016582198,0.0010313321,0.04786626,0.024464007,0.001676504,0.000117112155,1.7653074e-05,5.6102617e-05,0.0004023941,0.0016007683,0.0002568487,0.00019434559,4.854782e-05,0.00015559972,0.012490135,0.012810114,0.0050521307,0.0053937514,0.0010186217,0.0033600575,0.00040285735,0.0011622893,0.00010849723,0.0010417943,0.0876634,0.0030343267,0.0008321904,0.0014171354,0.012780039,0.00072235166,0.003941375,4.1958454e-05,0.0021372724,0.003278123,1.5491747e-05,3.3434586e-05,0.0001933586,0.00046352216,2.6005e-05,0.005539499
824003,"Chemistry, Organic",0.0016040289,0.035146818,0.082254626,0.104913205,0.24359831,0.0035506494,0.0009320501,0.0022555056,0.013129609,0.021710368,0.09384671,0.027832253,0.2893777,0.001200484,0.0014675859,0.00019899993,0.04612469,0.021153126,0.0005112574,0.04380265,0.0014336191,0.0004190159,0.0019296812,0.007777618,0.0017314644,0.007896581,0.00113317,0.0070021665,0.002227658,0.011079154,0.0016763924,0.0015393236,0.007136955,0.0019165961,0.0026190174,0.01754562,0.0039479258,0.0031902578,0.038509887,0.0036005806,0.00360517,0.0008368159,0.05187036,0.0067170085,0.055447172,0.00019214982,0.00085538527,0.0008766208,0.00021357044,0.0007405667,0.00023675643,0.00063174154,0.0029425386,0.03312219
585557,Biology,0.0005191839,0.058414638,0.047488555,0.016571995,0.25295994,0.0014311806,0.000120646655,0.0012518973,0.0054936833,0.040415436,0.02044,0.19974317,0.06407769,0.00078941375,0.0012652419,0.0007514213,0.1831448,0.044852573,0.0006988864,0.0013149081,0.0002784278,8.4560306e-05,0.0015954564,0.007009594,0.002501435,0.003052179,0.00034847218,0.00072659214,0.008143563,0.032870553,0.0018788519,0.004820275,0.0034711375,0.006568818,0.00039568625,0.015188486,0.0019081198,0.0053607477,0.11543074,0.002384651,0.002106229,0.0017991858,0.054292634,0.006101207,0.051076308,7.465455e-05,0.0016397495,0.0008756549,5.6676014e-05,0.00014270688,0.00015039709,0.00033386296,0.0002805162,0.03047987
583065,Biology,0.0008198961,0.018481825,0.043344382,0.004103324,0.14177872,0.0010025369,0.00034255604,0.013680144,0.009090327,0.004956015,0.03125204,0.031316075,0.08160646,0.000111164394,0.0023725056,0.000319193,0.008571899,0.021350589,0.0033764197,0.0006254994,0.0006306106,0.00022185086,0.007972144,0.0032690396,0.000844238,0.0006201915,0.00036408004,0.0023606822,0.002613095,0.012317488,0.00010848079,0.0030313146,0.011047533,0.024964679,0.006511743,0.0009285724,0.00041682512,0.0010632772,0.046604924,0.02376155,0.00020129915,0.00090586976,0.007922886,0.0014930768,0.006582661,2.6977377e-05,0.0013286532,0.058598522,9.263564e-05,0.000118342185,0.0022364636,0.0012191689,0.00047452512,0.02666685
583005,"Chemistry, Organic",1.1774028e-05,0.0052338447,0.013248049,0.022339458,0.011593991,2.0322488e-05,2.9200166e-06,0.00021217647,0.0008912834,8.210147e-05,0.15589567,0.2756978,0.32299,2.4730618e-05,0.0016329412,9.907835e-06,0.00093128724,0.0006967537,6.951681e-06,3.0457668e-05,1.721193e-05,6.990613e-08,5.663041e-06,6.2374245e-05,1.2697948e-05,0.00012391551,6.7898225e-07,3.154274e-06,0.00040907678,0.00014855336,3.066983e-05,6.1971135e-05,0.0005283102,0.0005996536,2.907834e-05,0.00028778982,6.388234e-06,2.6661486e-05,0.010055321,0.00080373767,5.0673625e-06,7.673429e-06,0.004725152,0.00026509326,0.00037331646,2.1007617e-07,8.819407e-06,4.218051e-05,4.6656968e-08,2.214361e-07,2.372437e-06,2.5680212e-05,1.9289018e-06,0.00077808264
582276,Plaguicidas,0.00041172205,0.12994227,0.041186277,0.004780807,0.023908574,0.0006156423,6.717303e-05,0.0040086634,0.002742728,0.00496428,0.022637727,0.036961544,0.023627028,0.0004536123,0.0008288697,0.0016146954,0.068866864,0.03744869,0.00055326935,0.00017068845,0.0016473657,5.1412004e-05,0.006945301,0.0017799658,0.030140746,0.011381839,0.0002797878,0.00025891667,0.0012682365,0.01730842,0.00030018762,0.0032336554,0.00094208407,0.0074055656,0.0007528082,0.18193571,0.013848916,0.0056282585,0.12148553,0.005910593,0.00064205134,0.0018235433,0.20306428,0.008472159,0.05958559,7.459349e-05,0.0013319156,0.00017746183,0.00015197042,0.0005183845,0.0006691337,0.00047471808,0.0012633915,0.017039748
829093,"Chemistry, Multidisciplinary",0.00061142136,0.070492156,0.04829396,0.020595942,0.097469054,0.0010205718,5.647057e-05,0.0026397817,0.004392853,0.0148230195,0.035911024,0.6096513,0.03960736,0.0012812733,0.0054870984,0.0020328597,0.14594162,0.032969315,0.0011047423,0.00018459526,0.00029329702,6.5344575e-05,0.0010482965,0.0062598917,0.002013788,0.00092158286,0.00015217095,0.00027691483,0.008747538,0.021546995,0.004185923,0.012794481,0.0026854211,0.009434332,0.00022041208,0.010224983,0.00064848707,0.0055382997,0.124468304,0.0060183597,0.0013173595,0.002613397,0.065099485,0.005337279,0.023518065,9.524683e-05,0.0042210156,0.000972827,4.8350023e-05,8.092311e-05,0.0001318114,0.0005793789,7.333977e-05,0.010248091
589121,"Chemistry, Multidisciplinary",6.594258e-05,0.10550547,0.011445753,0.00178155,0.012236403,6.13673e-05,1.8697144e-06,0.0010556857,0.00072171236,0.0017238343,0.010522715,0.6546115,0.005869698,0.00017026385,0.0021489838,0.0017554807,0.083367996,0.037643325,0.00031625325,1.5999002e-06,2.9747289e-05,4.897444e-06,0.00031007588,0.0007891588,0.0014119942,0.0001303111,9.094028e-06,5.5934793e-06,0.0040920107,0.013451716,0.0006012268,0.009430153,0.00024102912,0.009127175,3.2115677e-05,0.008320786,9.27946e-05,0.0020691766,0.18872158,0.0029289606,6.0091705e-05,0.0009806445,0.09833254,0.0011488763,0.0039698407,9.931097e-06,0.0023911463,0.00021160573,5.360091e-06,8.751084e-06,4.4227476e-05,0.00013352362,3.4979246e-06,0.0025499666
588152,Biology,0.0008198961,0.018481825,0.043344382,0.004103324,0.14177872,0.0010025369,0.00034255604,0.013680144,0.009090327,0.004956015,0.03125204,0.031316075,0.08160646,0.000111164394,0.0023725056,0.000319193,0.008571899,0.021350589,0.0033764197,0.0006254994,0.0006306106,0.00022185086,0.007972144,0.0032690396,0.000844238,0.0006201915,0.00036408004,0.0023606822,0.002613095,0.012317488,0.00010848079,0.0030313146,0.011047533,0.024964679,0.006511743,0.0009285724,0.00041682512,0.0010632772,0.046604924,0.02376155,0.00020129915,0.00090586976,0.007922886,0.0014930768,0.006582661,2.6977377e-05,0.0013286532,0.058598522,9.263564e-05,0.000118342185,0.0022364636,0.0012191689,0.00047452512,0.02666685
830394,"Chemistry, Multidisciplinary",5.4801298e-05,0.05344935,0.0014150837,0.00051547645,0.0007672087,1.0234378e-05,1.9840122e-06,0.0011686437,8.904161e-05,0.00013779318,0.0066679455,0.5011408,0.0005656459,0.0002240354,0.0029488169,0.029437002,0.10934872,0.019966815,0.00024405705,1.8620791e-07,1.5954685e-05,1.7796435e-06,0.000648653,0.0004455228,0.0041858023,0.00013718239,7.259199e-06,3.8424832e-06,0.0013180353,0.0037941728,0.0012953868,0.0040962338,8.7944354e-05,0.005242432,2.6373331e-05,0.054113403,8.720112e-05,0.001904683,0.098685384,0.0017940821,0.00018382246,0.008040562,0.12618732,0.0014132971,0.0019427034,2.529704e-05,0.0024112402,4.9418777e-05,7.4290065e-06,2.4962947e-05,5.8233647e-05,0.00022392263,8.608202e-06,0.00038506128
830385,Análisis cromatográfico,0.0008263788,0.22742553,0.024122506,0.0025759048,0.015313536,0.0005637167,0.000278194,0.009969018,0.008059437,0.0022600212,0.13960147,0.05576858,0.016217792,0.0010770941,0.005300862,0.020219654,0.061978105,0.07756482,0.0052276594,6.368007e-05,0.001769827,0.00026425018,0.107853994,0.004620439,0.017302932,0.0030874177,0.0006355035,0.0004008609,0.02264004,0.011955961,0.0012109166,0.0478554,0.0009555908,0.06251201,0.011139717,0.044875845,0.0015803635,0.0055634417,0.19160992,0.017159475,0.0023154302,0.007702357,0.21857503,0.032825,0.009552958,0.00038515727,0.016737191,0.002147658,0.00045385797,0.0011956823,0.020109724,0.003942773,0.0012547763,0.011696053
828146,"Chemistry, Multidisciplinary",5.7313326e-05,0.08369853,0.0095103,0.0047713122,0.007848519,8.84812e-05,4.064741e-06,0.00079572917,0.00049735996,0.0012375738,0.02042858,0.6321639,0.005079483,0.00030173996,0.0017001678,0.004409803,0.10484714,0.022256155,0.00034843181,2.9650073e-06,5.329072e-05,2.4843514e-06,0.0003927589,0.0008988394,0.0031524296,0.0010232213,1.5789969e-05,1.1177432e-05,0.0032507835,0.005529703,0.0011378466,0.0038996448,0.0003565129,0.005155173,2.0937025e-05,0.057777345,0.00037280138,0.0023958748,0.14009622,0.0017178465,0.0005039035,0.001478604,0.16547139,0.0040163905,0.0070346543,1.7905859e-05,0.001271458,2.742761e-05,8.315888e-06,2.3463304e-05,3.262209e-05,0.00013273388,2.061835e-05,0.0017416715
585979,"Chemistry, Multidisciplinary",0.00035583277,0.016913168,0.007827708,0.0368195,0.069248535,0.0004273521,0.00014981968,0.0010711495,0.00083008176,0.01173784,0.052409995,0.69400436,0.015599932,0.0012382718,0.0037866104,0.0064354427,0.16116317,0.01890372,0.0015541132,0.00029899852,8.970209e-05,1.3251669e-05,0.00041433168,0.0071825953,0.00094579614,0.004752729,0.0001530515,0.00050356454,0.013674342,0.009629677,0.019699883,0.0023069726,0.004997391,0.0036406384,3.935696e-05,0.014267542,0.00033534088,0.0022582274,0.089581475,0.0011776318,0.02642592,0.0036116466,0.03663422,0.010125356,0.016703403,0.00013298269,0.0011130611,0.0003392842,2.5570851e-05,9.1483365e-05,3.4840836e-05,0.0003051691,0.00012502847,0.0060699494
812726,"Biochemistry & Molecular Biology;Chemistry, Medicinal;Chemistry, Organic",0.008724434,0.01655105,0.094276465,0.6535084,0.039865192,0.0052423696,0.007830186,0.012316606,0.013325699,0.0012819386,0.7165582,0.02142748,0.6876838,0.0026890598,0.013673751,0.00030556414,0.0036684966,0.0040420797,0.00143352,0.112705894,0.0065137176,0.0007328246,0.002085873,0.006772938,0.0007541671,0.008012842,0.000907308,0.015999632,0.0019067852,0.0009325832,0.0040437737,0.0008345727,0.008335314,0.0014110075,0.026925605,0.00764472,0.0013643872,0.0009577158,0.01174178,0.016302103,0.0063297795,0.00045079857,0.039122008,0.009487505,0.010641377,0.0006065696,0.0006082646,0.0017273484,0.0006196521,0.0015621433,0.0009689619,0.005949313,0.006973447,0.010661772
587426,"Chemistry, Multidisciplinary",5.0380357e-05,0.0275233,0.0017046973,0.00020753373,0.0030444118,9.261194e-06,1.0528612e-06,0.001136283,5.5495486e-05,0.00051456696,0.0030558477,0.29951483,0.00051219534,0.00011291975,0.0013620243,0.013269053,0.18509407,0.043642864,0.000391075,2.430261e-07,5.5266796e-06,2.6229543e-06,0.0006341799,0.00044226038,0.0012897442,2.7545724e-05,3.957419e-06,6.101508e-06,0.0013642481,0.012268345,0.0010743513,0.0061565945,8.725345e-05,0.005287282,3.230064e-05,0.0052537853,2.0906698e-05,0.0011946993,0.12403078,0.0016828543,8.0019694e-05,0.006231974,0.030959623,0.00024378844,0.0012966939,1.3820425e-05,0.0028596923,0.00047209873,5.4511083e-06,6.595086e-06,4.4768465e-05,0.00018144114,2.8215024e-06,0.0007791392
583053,"Chemistry, Medicinal",0.0006151271,0.046070095,0.017032115,0.0908261,0.004576168,0.0004446617,0.00030184665,0.004961042,0.009153775,0.0002109987,0.69726455,0.14998044,0.06508946,0.00097531464,0.016748361,0.0038424088,0.012395413,0.0168345,0.00040984145,0.0002434319,0.00064685405,5.730928e-05,0.007602671,0.0020705194,0.0016603081,0.0016383693,7.728955e-05,0.00022738652,0.005166565,0.0006728609,0.002978163,0.0037543771,0.0013382056,0.007949707,0.0047322367,0.015680693,0.00045990263,0.0011314717,0.029865716,0.00924284,0.0039935014,0.0014436487,0.09804697,0.011480632,0.0020796075,0.00011898002,0.0010266154,0.00037325156,8.102557e-05,0.0003487324,0.0014987735,0.003813184,0.0006924955,0.0012706601
583044,"Chemistry, Multidisciplinary",6.752898e-05,0.04027723,0.03439952,0.046244957,0.04233702,0.00044674592,3.7491507e-06,0.00027811894,0.011603864,0.0030696879,0.020180916,0.849891,0.04675378,0.00020445407,0.0023747154,0.00016052654,0.007689904,0.004227013,0.00012882358,1.2835146e-05,4.1818163e-05,4.0043033e-06,3.0186724e-05,0.0008776266,0.00031190077,0.0005364474,1.42076815e-05,1.6018932e-05,0.0070546335,0.002813255,0.0004640772,0.0023914864,0.0025838409,0.0049307225,2.888154e-05,0.0031471637,0.00015616482,0.0008620625,0.06366871,0.0016310107,0.000117316595,0.00013217235,0.027255066,0.0034044576,0.0024502957,7.2086114e-06,0.00045331448,2.9045386e-05,3.2656278e-06,8.1031285e-06,1.5660356e-05,8.0447e-05,5.581176e-06,0.0014678207
582309,"Biochemistry & Molecular Biology;Chemistry, Medicinal",2.6274934e-06,4.106372e-05,0.00014224714,0.99452,0.00067654497,6.657691e-06,4.7100693e-05,1.0306486e-05,1.987906e-05,1.867489e-07,0.9659114,0.0073373932,0.18248029,4.4827702e-06,0.00039636108,9.606317e-07,3.7174639e-06,1.8876897e-05,4.1360155e-07,0.0017102298,8.611158e-08,3.0991074e-09,1.0548778e-07,9.067771e-06,1.9107887e-08,1.1486698e-05,7.741108e-08,4.679861e-05,2.9919527e-05,3.6621053e-08,0.0013193635,1.353644e-07,1.9622283e-05,7.487342e-08,1.7665925e-05,1.3690047e-05,8.549879e-09,1.3003302e-07,2.3710214e-05,4.5686834e-06,0.0026371432,2.0964207e-07,0.00034829,5.871459e-05,6.2061204e-06,2.7100066e-07,6.3305194e-08,1.4960943e-07,1.6471272e-08,2.8010518e-07,1.3675548e-08,2.1172911e-05,2.4573849e-06,1.9748945e-06
587244,Biology,0.00024938228,0.0365948,0.090754904,0.0069393707,0.39664733,0.0030045602,3.9438528e-05,0.0010661803,0.018859232,0.043115888,0.0022650438,0.044042118,0.023725921,0.00013255984,0.00018750383,8.269976e-05,0.046427686,0.03441995,0.00075513223,0.00054534315,0.0001430296,0.00034631864,0.0024048048,0.0037610987,0.0017179232,0.00030887857,0.00027269588,0.00063102035,0.0032645867,0.03964484,0.00017908704,0.003730226,0.0024038681,0.0088082105,0.0009423179,0.0022711297,0.0020062001,0.0020651096,0.056328677,0.0023646364,0.00015943295,0.00065623684,0.017074525,0.000832631,0.01724517,1.601988e-05,0.0016829744,0.0019180131,4.9665392e-05,8.6126296e-05,0.00023130568,0.00015793984,9.478222e-05,0.01889718
587321,Enfermedades infecciosas,0.0006155176,0.08857418,0.04047099,0.00093642506,0.23363814,0.0014531197,5.9411537e-05,0.0040568165,0.005335565,0.036094684,0.004706451,0.023240369,0.006703104,0.00017771481,0.00052464684,0.0024866906,0.24803916,0.19750892,0.0022631038,0.00018192238,0.00029881505,0.00043433288,0.03204501,0.0036426315,0.014140131,0.0012182659,0.00055611716,0.0014193855,0.0036266427,0.14836329,0.00044243707,0.011466738,0.0033372683,0.025458975,0.0015006777,0.013737615,0.0030199876,0.013494473,0.1822863,0.0064875777,0.00077774463,0.009322048,0.03329913,0.0015185269,0.045501262,7.3331445e-05,0.007056521,0.008497074,0.00033329247,0.00037746498,0.0016264027,0.0004522546,0.0006037462,0.04629944
587551,"Chemistry, Multidisciplinary",6.874339e-05,0.029543454,0.0010156666,0.00035547576,0.0011048896,8.018063e-06,2.063678e-06,0.0013239358,4.402318e-05,0.00026082847,0.0035768882,0.44562602,0.00040844452,0.00027202928,0.0029827198,0.046628088,0.18192936,0.028383926,0.0003951736,2.0088228e-07,7.856497e-06,2.0245388e-06,0.00051114825,0.0005947035,0.0027817502,6.637891e-05,5.9580025e-06,6.2091044e-06,0.001392675,0.0070367893,0.002373333,0.0046042474,9.709799e-05,0.0049278466,2.8136641e-05,0.021220854,4.1198764e-05,0.0014844044,0.101043165,0.00163797,0.00017503416,0.014631013,0.058402665,0.00056000846,0.001500655,3.2500026e-05,0.003168014,0.00016291342,8.499326e-06,1.6398757e-05,4.2424206e-05,0.0003199162,5.580511e-06,0.00042743783
589944,Biology,0.0005823544,0.08918209,0.030537788,0.00092829735,0.111028485,0.0009928491,0.00023498364,0.009488052,0.0232846,0.007994258,0.030973218,0.014025416,0.018773202,0.00012395829,0.0013587065,0.002911143,0.028374739,0.081280135,0.0043608723,0.00014839266,0.0019366734,0.00029208095,0.09789403,0.0031822308,0.016295949,0.006384444,0.0009634772,0.0024948276,0.0037603695,0.03566774,7.536606e-05,0.0072763055,0.015003237,0.08363276,0.0061123297,0.015397695,0.0037114362,0.0053229295,0.09199869,0.018482381,0.00073547935,0.003933124,0.034710154,0.008428636,0.017528385,6.730621e-05,0.004262341,0.012187863,0.00075425114,0.0010880657,0.012756219,0.00097015727,0.0034678795,0.033564575
585956,"Chemistry, Multidisciplinary",0.00035464272,0.003280146,0.0017147271,0.0662212,0.009569169,0.00013402684,0.00021759314,0.00080269104,0.00013100944,0.00046584295,0.10927646,0.27737743,0.0024526946,0.0015699009,0.0037767033,0.022904329,0.10387816,0.008914673,0.0008736665,0.00028306822,3.6420137e-05,1.8944813e-05,0.000591427,0.0022163168,0.00034247115,0.0010674002,7.915314e-05,0.00040279116,0.0039750705,0.0009729503,0.12063783,0.0005401907,0.0007636892,0.00036880004,7.0419665e-05,0.007962062,9.0342575e-05,0.0008740632,0.018723885,0.00048312228,0.17353886,0.004936819,0.013775053,0.004599259,0.004303624,0.00022457905,0.00054541224,0.00016950432,2.0004501e-05,8.18763e-05,1.7724225e-05,0.0010044082,0.0002862776,0.00088676845
586372,"Chemistry, Organic",0.0016788673,0.034985874,0.065712936,0.2228778,0.19622223,0.003358011,0.0010981708,0.0027993692,0.009262576,0.013067106,0.19175303,0.10638871,0.2706316,0.0020108712,0.0048809894,0.0005331447,0.045090314,0.016189743,0.0006499014,0.023466432,0.0011651164,0.00021991604,0.0010211513,0.008384468,0.0011337245,0.0064945244,0.0008814486,0.0056081135,0.0040903375,0.0066596246,0.0056827376,0.0021037154,0.007600922,0.0016261734,0.001148028,0.015873859,0.0015551101,0.003394892,0.039701097,0.0038380383,0.0077659213,0.0012542338,0.05722939,0.008321419,0.039331064,0.00025810505,0.0011721104,0.0007509854,0.00015255915,0.00045118283,0.00013091628,0.00090592547,0.0012824392,0.020219725
847881,Biochemistry & Molecular Biology,0.00017721292,0.00021058225,0.008634551,0.95903784,0.00035878128,0.002485039,2.807676e-06,0.0008298437,0.00039176157,2.7460064e-05,0.01549179,0.026915325,0.0036177489,2.7324539e-05,0.00023653398,5.250977e-06,8.564253e-05,0.00036352823,3.194392e-05,0.00016321414,5.280709e-07,0.00010761265,5.4003635e-06,3.6884772e-05,6.5030194e-06,6.2916934e-07,3.928027e-07,3.923603e-05,0.00022420741,9.377986e-06,0.005231725,0.00030128603,6.4370975e-06,5.5138294e-06,0.019320872,6.882401e-05,1.0058343e-05,2.6335254e-05,0.00022812051,0.0005287731,0.000168426,5.091792e-06,0.0007009559,9.844918e-06,4.6653266e-05,1.5015496e-05,9.085403e-05,3.1764393e-05,5.6723434e-06,2.514865e-05,4.0295323e-05,0.0013532863,1.0166072e-05,1.0323e-05
585957,"Chemistry, Medicinal",0.0020001258,0.021223173,0.020112555,0.0724276,0.017777441,0.0012455134,0.00091083546,0.006169685,0.0014612386,0.0013562895,0.47942606,0.05187992,0.028799882,0.0024644616,0.0061890204,0.011664935,0.10394484,0.034284998,0.0019292259,0.0019078965,0.0010330909,0.0003174907,0.020634247,0.007714251,0.0025435805,0.0025381206,0.00059699954,0.0056207506,0.0027540226,0.0022602396,0.021548862,0.0038344846,0.001889214,0.0016364604,0.002903092,0.030048914,0.0013330203,0.0038692828,0.03132281,0.006816348,0.09079062,0.008418075,0.06252471,0.016296742,0.024154564,0.0006872801,0.0017628276,0.0007863535,0.00049983535,0.0011052075,0.00068592525,0.005088624,0.00530584,0.0061685215
842818,Parasitology,0.00068210653,0.00022861085,0.024150355,0.20606211,0.00026546684,0.00079868734,2.0876634e-05,0.0042028064,0.00088549854,3.2909247e-05,0.00907697,2.9258925e-05,0.022741878,1.8014982e-05,6.4789e-05,1.3504828e-06,3.9305276e-05,0.0011654887,2.9301813e-05,0.0048367535,1.1841672e-05,0.0015481492,0.0009280205,5.1480733e-05,5.8835325e-05,2.7166127e-06,7.928989e-06,0.0006185035,3.484346e-05,6.193226e-05,0.00011147511,7.710279e-05,9.507815e-06,9.257564e-06,0.8866684,8.1192484e-05,0.0003163217,2.9329127e-05,0.00047494145,0.0033366878,5.9039627e-05,4.0268287e-06,0.0007066406,1.9507534e-05,0.00021035489,1.5727315e-05,5.9839236e-05,0.0017771467,3.1772055e-05,7.700382e-05,0.0046749418,0.009163736,0.0013334526,0.00021726
806491,Biology,2.6251155e-05,0.0019764774,0.015581569,0.0022539317,0.193965,7.6514705e-05,1.9920262e-05,0.00013900398,0.008975413,0.0018025709,0.0020422584,0.0073532546,0.112775035,7.84969e-06,5.2009964e-05,9.645948e-07,0.00086510304,0.00091748004,3.0606454e-05,0.0011823976,2.455762e-05,1.157149e-05,7.3211544e-05,0.0005980639,2.6546328e-05,6.535467e-05,3.763781e-05,0.00014638284,0.00023919101,0.001167266,3.5481864e-06,4.0479303e-05,0.0017623333,0.0013611341,0.0002566022,6.3762884e-05,5.765924e-05,4.7974514e-05,0.003250989,0.00035925582,4.4334615e-06,9.815127e-06,0.00076734833,0.00019606129,0.0015029552,2.6840647e-07,2.1106725e-05,0.0013379236,7.655678e-07,3.0677563e-06,1.67712e-05,1.2227853e-05,1.4514866e-05,0.006800207
589948,Biology,0.00032127203,0.08419618,0.04031384,0.0017874422,0.26010767,0.0012736063,8.31869e-05,0.0041409545,0.020973623,0.016893977,0.010858081,0.038819075,0.025624482,9.867404e-05,0.00094062113,0.00087518536,0.035282314,0.09065912,0.0018238757,0.00015384189,0.00048751288,0.0001409066,0.014042432,0.0029971574,0.006123904,0.0025138885,0.00039058618,0.0010067419,0.003389274,0.04909105,8.338886e-05,0.004933379,0.011488,0.043854248,0.001611645,0.007896085,0.0020808626,0.0031858708,0.114171736,0.010206868,0.00020912399,0.0021838145,0.028837904,0.002748521,0.014725791,2.8982466e-05,0.0026326745,0.007590815,0.00017220795,0.00025196298,0.0017531643,0.00040090067,0.0006151482,0.03266555
787675,Parasitology,0.00013853886,0.00089018216,0.006964573,0.0004692303,0.0048434576,4.4055265e-05,6.837662e-05,0.0029255664,0.0021994147,0.00016293749,0.003114231,2.2662887e-05,0.020798722,1.8223349e-06,1.5583615e-05,5.2178016e-06,0.00020951038,0.005460111,0.0001326309,0.001177842,2.4764811e-05,0.00026523686,0.016563378,0.000115740084,0.00020835515,4.09895e-05,8.525678e-05,0.0003215417,0.00019776438,0.0009382984,1.2516172e-06,6.6609595e-05,6.200206e-05,0.0012536289,0.46875775,7.59078e-05,0.00022853783,4.7372323e-05,0.003402234,0.0019678045,1.3895953e-05,1.1129493e-05,0.0008391047,0.00016007105,0.0005236419,9.731658e-07,4.1221207e-05,0.035178963,2.1085038e-05,5.6043427e-05,0.029643888,0.0010210916,0.0012625855,0.0055182083
787676,"Chemistry, Medicinal;Chemistry, Organic",8.29895e-06,9.6213094e-05,0.0031468691,0.045443438,0.00499136,1.569115e-05,6.871352e-05,0.00011452072,0.0006539297,6.311064e-06,0.84803617,2.7438284e-05,0.57184243,2.2675483e-06,5.1690593e-05,1.5773207e-06,5.5900007e-05,0.00027640315,1.4636009e-06,0.0062301396,5.9356094e-05,7.409715e-08,0.00014642347,6.054092e-05,5.658523e-06,0.00450299,2.4881474e-06,0.00044017553,6.632804e-06,2.4166904e-06,2.987282e-06,1.12655e-07,0.0008782984,1.4881818e-05,0.0020722405,0.00032165975,3.5933943e-05,1.7369764e-06,0.00024591215,9.343933e-05,0.000525783,7.227006e-07,0.0005752443,0.0009783155,0.0002232407,1.8676653e-07,4.6939924e-08,2.9033283e-05,3.081633e-07,3.4968505e-06,7.1942027e-06,6.6684464e-05,0.008786222,0.00026580138
704660,Biochemistry & Molecular Biology,3.056621e-06,4.9982547e-05,0.012358842,0.99904525,0.0032070132,0.009863925,9.002427e-08,9.3347035e-06,0.00026310282,0.0002978017,0.005833608,0.02055229,0.0024451434,1.3852815e-06,1.2979506e-06,2.3083222e-08,1.2303418e-05,1.6116093e-05,8.7901356e-07,0.00026876535,6.522185e-08,8.63045e-07,4.6185754e-08,3.3679233e-05,6.614541e-07,2.3395029e-07,7.574762e-08,0.00045994646,1.6759518e-06,4.2651624e-07,0.00023791777,1.5459174e-05,4.923857e-06,7.541533e-08,1.988033e-05,2.3314622e-05,4.66105e-06,5.5625065e-07,1.944444e-05,1.613615e-05,0.00012040772,1.2579217e-07,0.00024868964,5.0163094e-06,7.380182e-05,1.0921922e-06,2.0599302e-06,3.5757908e-09,6.1274005e-07,8.634472e-06,4.5979903e-08,3.829306e-06,3.150674e-07,6.1770254e-07
808692,"Chemistry, Organic",4.243489e-05,9.3404495e-05,0.0042660986,0.006701748,0.0111822495,5.8694554e-06,0.00045075855,0.0001722086,0.00013621741,5.3529802e-05,0.08661353,4.225468e-06,0.60054225,1.0841034e-05,8.216381e-06,3.29679e-07,0.00018813973,0.00031724345,7.1711183e-06,0.3300338,0.00011938505,4.65298e-06,0.00015805267,0.00012304714,9.245441e-06,0.0010518407,4.3210115e-05,0.0007549749,1.3883464e-05,6.1776904e-05,1.0458448e-05,2.4871386e-07,0.00013319387,1.03256e-05,0.010912523,0.0001895836,9.1710295e-05,6.043752e-06,0.00060144946,4.6933226e-05,0.00018190884,1.0237765e-06,0.0005104817,0.0002734353,0.00090834167,5.6160815e-07,1.993671e-07,0.0005692947,6.1866115e-07,5.1501374e-06,1.8525512e-05,4.1247866e-05,0.0029558574,0.004772159
587333,Infectious Diseases,0.0002019805,0.00137998,0.0034483445,0.00015550076,0.016242495,0.0001378807,0.00043971254,0.00033824038,0.0028350332,0.001482143,0.004847022,5.5250775e-06,0.005492636,2.0412397e-05,8.649643e-06,0.00012988434,0.006451518,0.01843974,0.0001712414,0.0068217083,0.00096633716,0.00039457675,0.14558199,0.0008338346,0.009127698,0.012477201,0.0018814077,0.007417254,0.00010570942,0.005023128,6.4286987e-06,2.4836903e-05,0.002097439,0.00157825,0.035499066,0.015512006,0.020209389,0.0015601766,0.0030154958,0.0005393729,0.0023569916,0.00048010043,0.0010161187,0.0039078738,0.024750676,1.3706821e-05,1.0343715e-05,0.0013036417,0.0009024015,0.0022790364,0.0032265424,0.00038867272,0.12712401,0.055606853
794372,"Chemistry, Organic",0.0014190517,0.011619898,0.045778792,0.0058280663,0.097053625,0.00060013187,0.00042517285,0.010582141,0.0024536478,0.004459619,0.02708053,0.008311548,0.09809756,0.00019770481,0.00091095397,0.00015851013,0.019999634,0.022641234,0.0015412655,0.0042348877,0.0004963585,0.00052475487,0.0073928176,0.002858258,0.00066215394,0.00036552385,0.0004220779,0.0021794813,0.0015714826,0.013306664,0.00034322095,0.0018785193,0.0014804491,0.0042151697,0.015316736,0.0011136867,0.00053877174,0.0013040707,0.03865349,0.008776287,0.0005426531,0.0005737221,0.010435698,0.0011375817,0.012982827,3.8160855e-05,0.0009115826,0.03924053,7.675961e-05,0.0001306241,0.001531283,0.0014072573,0.0007817478,0.037977118
583787,"Chemistry, Multidisciplinary",0.001009395,0.14474559,0.087452166,0.013098622,0.07699458,0.0015128917,0.0001034535,0.005221676,0.012013535,0.011824165,0.072331436,0.25315052,0.05381359,0.0015676379,0.0047564544,0.0024445076,0.122386485,0.052144174,0.0017456522,0.00021761743,0.0016877988,0.00017913828,0.008449628,0.0066900584,0.0099806255,0.0029628135,0.00033565031,0.00050202105,0.008892027,0.026575137,0.001804766,0.023241855,0.002997692,0.021098718,0.0011344255,0.029739048,0.0034838049,0.008372468,0.15255184,0.009937677,0.0016980359,0.002794094,0.16450585,0.014803006,0.033222843,0.00015114942,0.0063811876,0.0011234707,0.00017473917,0.00032546752,0.00092644617,0.0011568288,0.0004328484,0.01615075
583845,"Chemistry, Multidisciplinary",0.00034624484,0.09904342,0.016106773,0.00939074,0.024111878,0.00033224968,3.3053395e-05,0.002045972,0.0019681193,0.004892528,0.030759858,0.636647,0.009666942,0.0012636376,0.0052907392,0.010504937,0.19061354,0.050774068,0.0012672446,2.9079032e-05,0.00014869818,3.152334e-05,0.0015114984,0.0035166813,0.0055033485,0.0019145338,9.172909e-05,6.556472e-05,0.013644263,0.017223613,0.004972646,0.010705847,0.0013796673,0.0140150795,0.00012955755,0.040465523,0.00074341596,0.00650413,0.17004468,0.004023938,0.0018578591,0.0047474634,0.14964645,0.009362473,0.012178307,0.000118858,0.004571106,0.00032957818,5.6974106e-05,0.00011522801,0.00018056267,0.0006323536,8.148856e-05,0.004764712
586919,"Chemistry, Multidisciplinary",0.00014518583,0.038956158,0.0039707967,0.0022017604,0.004868681,5.0397604e-05,7.546204e-06,0.0018562541,0.00015582956,0.0010626282,0.016379753,0.5857824,0.0020117979,0.0004982394,0.00359164,0.024883827,0.22537374,0.03734921,0.00083823485,2.4743472e-06,2.4712346e-05,5.492642e-06,0.0008503995,0.0014723194,0.0028232117,0.00036305253,1.5723987e-05,2.1681843e-05,0.004048218,0.008591323,0.0045028618,0.005484965,0.00029479348,0.006581906,5.336293e-05,0.025117498,0.00013369891,0.0026595858,0.1298377,0.0027273486,0.0010183258,0.0082094995,0.07650926,0.001970466,0.004344155,5.5397828e-05,0.0030832274,0.00024667438,1.8297837e-05,3.387718e-05,7.384596e-05,0.00048701084,2.263852e-05,0.0014297196
586937,Enfermedades infecciosas,3.700096e-05,0.0077123498,0.003946265,0.00038583606,0.0064424104,6.9839216e-06,2.1068851e-07,0.0003140617,1.7207121e-05,0.00070066174,0.0032480329,0.37269288,0.00045257743,0.00010505454,0.00032691107,0.0015110538,0.46343493,0.010251211,0.000126738,5.384301e-07,2.3141404e-06,1.3632988e-06,0.00016664439,0.00040829545,0.0001714283,8.613729e-06,1.1665174e-06,3.8008072e-06,0.0005785417,0.005159022,0.002521711,0.0028854022,2.7344926e-05,0.0008678767,2.477634e-06,0.0008791855,8.188213e-06,0.0005151191,0.043055307,0.00035327507,0.00017935826,0.0010642806,0.009630309,0.00013352769,0.0031222915,2.6711082e-06,0.0009645734,0.00010677794,6.138057e-07,8.6420135e-07,1.6402415e-06,3.4818313e-05,6.631304e-07,0.0006320264
797576,"Chemistry, Multidisciplinary",0.00057204446,0.0032460634,0.03782759,0.016881697,0.018361565,0.0007583358,1.4997606e-05,0.0028556543,0.00026960147,0.006912851,0.0006643489,0.20246515,0.0034422623,0.0007920337,0.0007352025,0.00017185397,0.022405017,0.00288823,0.0034821762,0.00016786647,4.318437e-05,0.0004433528,7.8769124e-05,0.00079833274,0.0001838987,7.949667e-06,3.49908e-05,3.872978e-05,0.0064783855,0.0128064845,0.013012562,0.006731148,9.280123e-05,0.0016406405,0.00033965296,0.00027008334,0.00012857678,0.0006118675,0.03614707,0.0019247395,0.00010041835,0.0003320964,0.002469741,0.00010700483,0.0024754286,2.6900332e-05,0.003769797,0.0066130175,3.5828016e-06,5.241062e-06,4.090379e-05,0.0003187417,1.5940823e-06,0.0037430283
797585,"Chemistry, Multidisciplinary",0.0007696196,0.004414944,0.052631974,0.039587677,0.023475297,0.0012007286,1.6838447e-05,0.0031278133,0.00032340846,0.0091774585,0.0014283813,0.37242523,0.0046963454,0.0011193415,0.0011697531,0.00020412565,0.02943144,0.002134685,0.0035639731,0.00018767873,6.6787245e-05,0.00033444853,6.0883605e-05,0.0012768522,0.00018387153,1.591343e-05,3.03932e-05,7.877296e-05,0.0056302124,0.009748359,0.018433813,0.010077079,0.00015687943,0.0016041273,0.00015838473,0.00038719384,0.00014206128,0.00063344085,0.03196264,0.002333984,0.00018552112,0.00042518481,0.0038621526,0.0001728751,0.0035130505,3.8021368e-05,0.005612905,0.0022448087,5.8302417e-06,9.314214e-06,2.5078361e-05,0.00031987228,1.7996807e-06,0.0032399506
797577,"Chemistry, Medicinal",9.354721e-05,0.023759702,0.02250156,0.032813944,0.050157536,0.0005382508,0.00016381049,0.0009487624,0.02889481,0.0012839921,0.28935495,0.0111986,0.2506546,7.164596e-05,0.0007494101,0.00016873013,0.00557133,0.015125215,6.779836e-05,0.0015476047,0.00023100045,8.655402e-06,0.003435804,0.00076598476,0.0009915616,0.010903426,8.698146e-05,0.0002032984,0.0024458729,0.0008486923,4.6478788e-05,0.00022387483,0.0031452852,0.005222573,0.005229899,0.007647481,0.001051466,0.00025323144,0.018310783,0.002331231,0.00038589843,0.000110858266,0.042684663,0.0069969236,0.004109258,9.86458e-06,6.122432e-05,0.0002596299,2.1446194e-05,0.00014672059,0.0009545193,0.0005056773,0.002312634,0.0047852173
794325,"Chemistry, Multidisciplinary",5.3787084e-05,0.0006867189,0.00038320044,0.109820165,0.0012918125,3.335767e-05,2.576941e-05,0.00017898087,2.2940501e-05,3.580338e-05,0.043066632,0.5271908,0.0001868141,0.0004843523,0.0018609778,0.011600309,0.024711706,0.0011560929,0.00032961593,1.8754467e-05,2.8481234e-06,1.9978804e-06,2.777246e-05,0.000339127,2.8985865e-05,6.6918255e-05,5.9279637e-06,3.807191e-05,0.0011724136,0.000112068126,0.15957579,0.0001931034,0.00012416473,5.2686075e-05,2.0850011e-06,0.0009148508,3.1188192e-06,9.1755595e-05,0.0038719154,8.291003e-05,0.037662398,0.0012071236,0.0028434603,0.00070053485,0.0004377734,5.046292e-05,0.00021496578,1.0388379e-05,1.0897992e-06,9.2702685e-06,5.098377e-07,0.00019057209,7.190238e-06,6.437636e-05
938590,Biology,0.00049617287,0.07916992,0.0936687,0.017320145,0.2549013,0.003582101,0.000116393974,0.0021160638,0.02156298,0.033668473,0.017535841,0.03874048,0.08113449,0.00036917112,0.00055324193,0.0002879965,0.07119164,0.064538434,0.00063472165,0.0015504477,0.0005589464,0.00022424846,0.0058385944,0.0039582956,0.005496737,0.0036888148,0.000452714,0.0011826042,0.003795375,0.030985942,0.00030385045,0.00453612,0.0037724895,0.008092116,0.0028442282,0.017538307,0.005873505,0.0037360876,0.08510247,0.004364515,0.0006015446,0.0010537363,0.06000809,0.0038797893,0.041443117,5.8265086e-05,0.0015224926,0.0009756279,0.00016355672,0.00035937622,0.0007366852,0.0005673892,0.0011674465,0.03363607
582543,"Chemistry, Multidisciplinary",0.00016502786,0.071733266,0.0069894237,0.0014352171,0.007019013,5.7646044e-05,7.266534e-06,0.0021026223,0.0003445553,0.0013011472,0.015157968,0.5009593,0.0024352286,0.0005643051,0.0033415598,0.014948519,0.20645656,0.040447354,0.0008666999,2.6328837e-06,5.799286e-05,9.276327e-06,0.0016546476,0.0013547642,0.0046908963,0.00041599828,2.2026847e-05,1.7284716e-05,0.0049300375,0.012925685,0.0025448885,0.0096990615,0.00027853425,0.011128035,7.2151335e-05,0.026554048,0.00021496619,0.0032754533,0.15607335,0.0032775775,0.0005592352,0.0060079196,0.10482582,0.0028947352,0.0055281767,4.3928612e-05,0.004459209,0.00032269978,1.979501e-05,3.6336878e-05,0.000120419885,0.00042472564,2.195324e-05,0.002304193
587434,Enfermedades infecciosas,8.527557e-05,0.016637266,0.006508754,3.83124e-05,0.059683017,3.2689266e-05,4.1968133e-06,0.0010955825,0.00038560107,0.0025842795,0.0019835192,0.0024439276,0.00055113353,2.4582761e-05,7.1662085e-05,0.000862489,0.19656436,0.051114347,0.0012249005,8.226872e-06,2.517255e-05,7.114934e-05,0.04084194,0.0006817108,0.0010599949,3.4598466e-05,4.592322e-05,0.000114913324,0.0024142026,0.026584644,8.3834006e-05,0.005823302,0.0001572699,0.015871214,0.0003710056,0.00037151042,5.2610165e-05,0.0010962678,0.07319099,0.0010422157,0.0001123188,0.0014979644,0.00842672,0.00020498461,0.0034821334,4.6222817e-06,0.0028517751,0.01070512,1.250222e-05,1.2083864e-05,0.0004029914,0.000105152954,1.9150346e-05,0.011221804
587332,"Chemistry, Multidisciplinary",0.00011499126,0.11982468,0.054484997,0.04063058,0.07497289,0.0018947221,2.7055854e-05,0.0010333405,0.05246412,0.005369527,0.036892176,0.25078937,0.092286885,0.00014826494,0.0010588715,0.00029332697,0.011356762,0.030015705,0.00025072618,0.00010950586,0.000111484245,2.6541316e-05,0.0009963086,0.00092635443,0.0019413077,0.00201622,8.896532e-05,6.0827082e-05,0.010959023,0.005675977,0.00014702337,0.003557355,0.0013609364,0.01049226,0.0018707607,0.012027766,0.0012588253,0.0009909879,0.107104175,0.0033932193,0.00010684038,0.00020483181,0.09691334,0.0052072043,0.0051870234,1.9174633e-05,0.000988928,0.00012998284,3.0707317e-05,0.000118170225,0.0008548329,0.0004238991,0.00017619964,0.004963232
806373,"Chemistry, Multidisciplinary",0.0011223967,0.12589951,0.057468053,0.01334491,0.09344167,0.0021581992,0.00015291321,0.0045645596,0.0130077,0.017613148,0.05111612,0.29902735,0.028187422,0.0015667104,0.0046132053,0.006927338,0.23088863,0.10253675,0.0023872175,0.00029520807,0.00081345264,0.00031001825,0.011257977,0.008690589,0.013029873,0.0044391733,0.00056159805,0.0006624238,0.014553199,0.04194127,0.0036222015,0.020509128,0.004865743,0.02446152,0.0012368284,0.044678524,0.0040732166,0.015935013,0.17656918,0.008207092,0.004107219,0.006733498,0.14598577,0.01640765,0.03622335,0.00026231108,0.008097333,0.0017816966,0.00032126223,0.0006469659,0.0012835648,0.0014445586,0.00083496846,0.017423747
583074,Biology,0.000992702,0.06129308,0.025460027,0.0029970605,0.38104236,0.0014405082,0.0006213307,0.0050088344,0.0094918525,0.05437868,0.015071666,0.0794857,0.03128034,0.00072399393,0.0029014705,0.0048338077,0.12858859,0.08744356,0.0051895063,0.0013549512,0.00087053946,0.00026095807,0.012751957,0.010017265,0.0069762375,0.008619035,0.0016581842,0.003767835,0.013369354,0.09039204,0.001423559,0.006375195,0.025229115,0.052390963,0.0011454124,0.013097722,0.0022956575,0.007540644,0.150297,0.0064620627,0.00232844,0.011465772,0.022867396,0.006072513,0.03767919,0.0001596365,0.0042836317,0.02143432,0.00026787096,0.00040504968,0.0011158728,0.00071004056,0.00093300577,0.08848703
583138,Biochemistry & Molecular Biology,0.0023753615,0.008925169,0.0895679,0.21842253,0.020118289,0.003657799,0.00019665404,0.009836732,0.0017790332,0.0018829862,0.0565129,0.084927745,0.072208636,0.0005835064,0.0021805302,0.00012237932,0.010381033,0.0049632955,0.0010418851,0.0045532403,0.0003786038,0.00084293657,0.0005942791,0.002105079,0.0002950446,0.00013329717,0.000119481745,0.0012136723,0.0010797939,0.0029024405,0.005070219,0.002890275,0.00046901632,0.0005358191,0.0048053954,0.0020235367,0.0005082229,0.0012341458,0.018181931,0.01040854,0.0008282081,0.0003965247,0.014679717,0.00063886866,0.007540925,0.00012291205,0.0015853688,0.0020978914,7.875463e-05,0.00020927041,0.0002678245,0.0013558342,0.00018516059,0.0058321813
806453,Parasitology,5.847477e-05,0.00019147967,0.0048499526,0.034070317,0.00019659872,6.1930135e-05,8.100416e-06,0.0008615485,0.0005065135,1.5211018e-05,0.0062798453,6.494635e-06,0.018941378,2.7387944e-06,1.940306e-05,1.2976858e-06,3.1641885e-05,0.0032468936,2.185879e-06,0.0018027072,1.081044e-06,5.5478296e-05,0.00043087217,1.4671122e-05,3.6756464e-05,5.174892e-06,2.6157102e-06,5.926922e-05,2.4383458e-05,4.239024e-05,1.3303495e-05,7.720552e-06,5.280284e-06,6.4265714e-06,0.7962245,6.885191e-05,6.716272e-05,8.356353e-06,0.00042543904,0.00059391983,1.85933e-05,1.7616716e-06,0.0006788197,1.0399867e-05,8.238978e-05,1.2961768e-06,6.1113033e-06,0.00094871485,3.0179842e-06,1.4920514e-05,0.0020108004,0.0036510918,0.0011447911,0.0001404406
582795,Biology,0.0004649431,0.11480892,0.033420745,0.0008184669,0.14432094,0.00082328834,7.0473616e-05,0.00519324,0.020359624,0.010194206,0.01181793,0.019594131,0.0063402397,0.00012846294,0.00089096115,0.0024151008,0.086234,0.106878914,0.0031225053,7.738838e-05,0.00045726186,0.00059729355,0.077303305,0.0028145474,0.009246487,0.0006338095,0.00057967356,0.00061208365,0.008418608,0.053718623,0.00016260475,0.021174902,0.0024422933,0.07470261,0.0031736647,0.0039136764,0.0010191747,0.0053951535,0.122534454,0.009313016,0.00030636459,0.003520259,0.04994134,0.0024579968,0.012957406,4.562747e-05,0.013392659,0.012160291,0.0003003683,0.00038056253,0.005678951,0.00074289436,0.00032410416,0.022345493
586746,Rheumatology,0.0015728327,0.0072263842,0.025658848,0.0034509674,0.05817559,0.0004086436,0.00020367054,0.008781868,0.0020664267,0.002528651,0.010563734,0.01844155,0.025174458,0.0002224649,0.0016775386,0.00037864692,0.028525919,0.021953024,0.0014152675,0.0013324008,0.00020097043,0.00091719767,0.0038024564,0.0020765776,0.00052690506,5.72302e-05,0.00026527402,0.00056749384,0.0019763254,0.019513823,0.0009272608,0.00202819,0.0008974061,0.004869344,0.006399847,0.00044239912,0.00020550968,0.0016588072,0.036908112,0.0071477112,0.00018692386,0.0010271877,0.00528974,0.00032086068,0.0067978883,3.2114607e-05,0.0014317055,0.11046333,3.683113e-05,5.5213077e-05,0.0006992125,0.0012358858,0.00012836033,0.020972325
588027,"Chemistry, Multidisciplinary",0.00013956818,0.059013307,0.055582073,0.030352063,0.23038234,0.0014847353,2.0026779e-05,0.00042369665,0.008753563,0.028682664,0.010157258,0.2933806,0.06401954,0.00022566237,0.0005793764,0.00015006718,0.049685825,0.026716255,0.00018933683,0.00037970828,8.213389e-05,2.5228639e-05,0.00020830528,0.002450318,0.000936807,0.0012441109,9.7492026e-05,0.00020255003,0.0035299337,0.016743729,0.0004820486,0.0025733958,0.002407089,0.002857428,0.00013492083,0.00803703,0.0010156502,0.002158276,0.09565218,0.0017783,0.0003010253,0.00044770897,0.039244495,0.0020048954,0.02118606,1.99676e-05,0.0007201515,0.00013497075,1.7989625e-05,4.580561e-05,3.782755e-05,0.00010352051,5.6654502e-05,0.009904715
587792,"Chemistry, Multidisciplinary",0.0011701866,0.12574251,0.0851464,0.032205414,0.16216148,0.0039304704,0.00018147659,0.0038894685,0.016770246,0.03491201,0.04405822,0.40388307,0.063428275,0.0018391869,0.004695652,0.0030918196,0.16163261,0.07387284,0.002195259,0.0007255238,0.00087721494,0.00027112412,0.004175933,0.010172783,0.0072551626,0.0044647967,0.00060566515,0.00086356996,0.015693799,0.039903715,0.0038725021,0.018869713,0.005929445,0.01798381,0.0010896972,0.030502597,0.0039353063,0.011794298,0.17665449,0.00919859,0.0026646333,0.0042425,0.11883825,0.013418301,0.042083688,0.00027595888,0.006731036,0.0013602219,0.00024997885,0.0004563701,0.0007295826,0.0012112284,0.00054147973,0.021804119
857914,"Chemistry, Multidisciplinary",8.792548e-05,0.026653796,0.027142467,0.10965027,0.10732755,0.00089380826,2.0059444e-05,0.00043917756,0.011417867,0.004862362,0.09950686,0.73962295,0.100486964,0.00028468776,0.003741956,0.0003944323,0.022700215,0.011840445,0.00013334077,0.00013931448,4.2775933e-05,4.068433e-06,8.874899e-05,0.0015992288,0.00024152713,0.0014628649,2.9529594e-05,0.00013561528,0.005070712,0.0024615994,0.0009859533,0.0015026439,0.008089669,0.0025226094,6.791342e-05,0.004075799,0.00014324347,0.00091461284,0.041034263,0.0018789559,0.0006279534,0.0004194925,0.028781207,0.0031445678,0.005400263,1.3913962e-05,0.0003386805,8.668982e-05,7.0585543e-06,2.161116e-05,2.1289208e-05,0.00016141727,5.3962274e-05,0.0024117115
582574,Enfermedades infecciosas,0.0011252406,0.0076343636,0.05213879,0.02818053,0.059780538,0.0017233946,9.370354e-05,0.0041335793,0.0005894276,0.015920572,0.0065306085,0.062058374,0.021933278,0.0009662562,0.0006795479,0.00030916554,0.0796183,0.0120582655,0.0026083214,0.0020968374,0.0001449627,0.00042632932,0.0010236712,0.002178675,0.0006461834,0.00020520517,0.0001289375,0.00062809495,0.005310926,0.01563156,0.008095212,0.004572881,0.00041358802,0.0016534863,0.0021175675,0.0022268835,0.0008285523,0.0016596556,0.04650143,0.0027103184,0.0012419476,0.00079491327,0.010037936,0.0006760523,0.015247254,8.909828e-05,0.0024080777,0.0040287105,3.4248496e-05,5.379211e-05,0.00021142985,0.0008294809,0.000107226784,0.014438106
659420,Cell Biology,1.3585481e-05,0.0029074168,0.0153120775,0.0048591164,0.10685142,0.0006814058,6.2095305e-06,9.615907e-05,0.1629112,0.001311252,0.00064296735,0.003752327,0.015605806,2.5270697e-06,4.9864193e-05,4.92777e-06,0.00040335942,0.0039461637,1.6114296e-05,0.00015387799,7.3548113e-06,4.529936e-05,0.00015365424,0.00022038602,0.00014332912,5.0003047e-05,4.1288444e-05,5.5809618e-05,0.00024088507,0.00089417456,1.5204415e-06,4.2686774e-05,0.0037789142,0.002759006,0.0008809436,0.00012335504,0.00017674752,8.838566e-05,0.0021449744,0.0005961538,1.7657757e-06,1.4661654e-05,0.0008595911,9.029331e-05,0.0005745183,3.4736334e-07,4.4217184e-05,0.00072249246,3.272755e-06,9.930028e-06,0.00010920606,3.8690832e-05,5.3604996e-05,0.0009742949
692955,"Chemistry, Multidisciplinary",0.00067914644,0.0051684887,0.016878825,0.07088579,0.031870775,0.0004821445,6.0761224e-05,0.0018524756,0.0003429678,0.0072158277,0.007255033,0.50524557,0.013493799,0.0010763074,0.0021348614,0.0003279218,0.058200613,0.0041368995,0.0011478147,0.0011974312,2.7908767e-05,0.00016500881,6.5889704e-05,0.0022399852,0.0001036085,7.320638e-05,3.9189476e-05,8.910914e-05,0.013222186,0.006639627,0.031178914,0.0034708485,0.00023244892,0.0010898436,0.00019443476,0.0006472561,7.227901e-05,0.00082763773,0.03353569,0.0011778257,0.00083127024,0.0004985525,0.009130838,0.00042489835,0.0036013965,5.7316607e-05,0.0023690558,0.0022189904,6.509398e-06,1.7549708e-05,2.8585111e-05,0.00033585535,4.600298e-06,0.0055533154
692958,"Biochemistry & Molecular Biology;Chemistry, Multidisciplinary",4.6926918e-05,0.0016851823,0.0025969446,0.42017856,0.016750095,0.00026404238,5.1061465e-06,3.904239e-05,0.00033428596,0.002565174,0.0057678604,0.94183123,0.0037017304,0.00016097764,0.00070904684,0.00011305626,0.010219545,0.0007231613,9.696956e-05,6.132255e-05,1.0391005e-06,2.059076e-06,8.3038844e-07,0.00063327263,1.3651795e-05,8.159469e-05,3.0059002e-06,1.1064609e-05,0.0072187767,0.00043787918,0.01595889,0.00041484865,0.00022435455,0.00017734832,2.0617365e-06,0.0002900679,7.666114e-06,6.233708e-05,0.011174422,0.00010750701,0.0019288101,6.424255e-05,0.004588298,0.00060097786,0.00074825576,1.2126624e-05,0.00015959692,4.783913e-06,5.3851176e-07,6.993599e-06,5.322791e-07,2.8894048e-05,4.249304e-07,0.00021388283
691165,"Chemistry, Multidisciplinary",0.002517294,0.13636912,0.06168399,0.08741224,0.07704626,0.008634641,0.00039855333,0.008258751,0.004103221,0.044586197,0.041128486,0.46977618,0.029801635,0.003808402,0.0055273636,0.013980048,0.32890904,0.1379302,0.0064082644,0.0010361845,0.00071500795,0.00055494433,0.0042864,0.017201599,0.015390563,0.0070074177,0.00094460836,0.0016774356,0.01665533,0.04711541,0.023941286,0.025934808,0.0029113148,0.009974116,0.0013659351,0.12611815,0.009335158,0.017807882,0.23243609,0.013972808,0.015747312,0.0146552855,0.2583142,0.011280669,0.08563927,0.0012674424,0.013308124,0.0008486219,0.0009591144,0.0023735925,0.0007993718,0.0032777474,0.0013169706,0.022549389
659336,Rheumatology,0.0038190559,0.0013188288,0.0017565648,0.0020360094,0.022846578,0.00011903743,0.0011448675,0.009210736,0.00012713466,0.0011255884,0.0025890616,0.0018979162,0.0011015402,0.0006042004,0.0014731826,0.002730708,0.029183758,0.025572222,0.0075402977,0.009342601,0.00010439574,0.008989548,0.002985201,0.0021462964,0.00019523749,1.0453203e-05,0.0013473328,0.0019619174,0.0016544334,0.025600169,0.03326902,0.0014054853,0.00033617442,0.0009340379,0.0029176057,0.00015619342,3.173711e-05,0.0019318425,0.025550291,0.00241094,0.00077083806,0.006877166,0.0013043042,4.7087808e-05,0.003943625,0.00028273754,0.002828519,0.6603466,5.5617656e-05,7.2967174e-05,0.00017022199,0.00089137896,5.601933e-05,0.025517937
659256,"Chemistry, Multidisciplinary",0.0019489801,0.008922508,0.0070690745,0.013558322,0.021947311,0.0001517402,0.00025719177,0.007879651,0.00015793773,0.0022174802,0.01419753,0.52876925,0.0052776383,0.0024350213,0.016314043,0.015425538,0.13846402,0.00563441,0.0034420397,0.00043145005,0.00017317238,0.00011687241,0.00024326371,0.003462938,0.0003395874,0.00014804894,0.00016760163,0.00022130345,0.0033302165,0.012347021,0.07909251,0.003811987,0.00080028485,0.003237532,4.519895e-05,0.0014063087,4.1135285e-05,0.0017076989,0.054390527,0.0043342747,0.0012599733,0.007880375,0.0103945,0.00049352413,0.007891824,0.000237515,0.0044193096,0.007734938,2.2047318e-05,3.781886e-05,1.7983912e-05,0.0007234446,1.080328e-05,0.0061394074
828141,Enfermedades infecciosas,0.001166328,0.08515305,0.036733728,0.0011837882,0.22518097,0.001211108,0.00013065762,0.0070069954,0.0068351678,0.02555152,0.009916254,0.01570345,0.006540231,0.0003191318,0.0010416827,0.0031121667,0.23930272,0.17922449,0.0040575103,0.00036753895,0.0005211738,0.0013345128,0.07321894,0.0058297743,0.008215091,0.00062652107,0.00097081135,0.0027069177,0.0057218745,0.09213527,0.0007494187,0.02657234,0.0027414712,0.03465388,0.0030626785,0.004573386,0.0012710062,0.009464164,0.13758183,0.010233223,0.0011440514,0.0109668765,0.037333723,0.0016009154,0.031983383,0.00013427627,0.015989006,0.027336039,0.0004950572,0.0005198655,0.0028627291,0.0011531304,0.0005009257,0.051949672
830549,Biochemistry & Molecular Biology,0.0001250423,0.0011790246,0.029868007,0.9846579,0.039474886,0.007719831,4.862709e-05,9.896268e-05,0.0055379476,0.0021135432,0.23274554,0.017834572,0.15077916,0.0001834887,0.0001709471,5.003266e-06,0.0006266976,0.0005217986,2.4546709e-05,0.02908498,2.2674778e-05,1.3291627e-05,1.0467389e-05,0.00061936065,2.946293e-05,0.00044312738,1.5843274e-05,0.003595167,0.00021221348,3.895466e-05,0.0026469047,9.526591e-05,0.00065575296,1.1347421e-05,0.00039702927,0.0008973898,0.00015191824,5.011834e-05,0.0007798226,0.00021193565,0.0044111703,1.41927985e-05,0.005816507,0.0008116988,0.0016855602,4.268828e-05,2.5812624e-05,1.6149258e-06,2.1863985e-05,0.00018777075,4.3467285e-06,9.206911e-05,0.00015503426,0.00011855791
663040,"Chemistry, Multidisciplinary",0.00068983797,0.0085699735,0.047657825,0.12313046,0.015556839,0.0009089131,1.574145e-05,0.0023097794,0.00037373687,0.001760814,0.016845925,0.84666765,0.008222437,0.0010332322,0.004169836,0.00093196315,0.05902887,0.0019632035,0.001330659,5.054484e-05,6.46624e-05,3.7796395e-05,4.1974905e-05,0.002346883,0.00022380886,6.211871e-05,1.9830513e-05,0.00011247601,0.002380719,0.0027613635,0.020387698,0.0074299416,0.00034184015,0.001336459,2.3610799e-05,0.0018697922,9.301209e-05,0.0012364822,0.028571581,0.0029494832,0.0012729684,0.0008928202,0.01489961,0.0008199203,0.005466764,4.781999e-05,0.0039174,0.00011318709,8.583634e-06,2.7156202e-05,7.154171e-06,0.00032734926,4.2354854e-06,0.0012496893
669073,Genetics & Heredity,0.00049138995,0.0011642427,0.0077505037,0.24711491,0.09353114,0.00041919705,0.0018721698,0.00037380046,0.0013502938,0.00902325,0.03021245,0.010805811,0.10878326,0.0006088864,0.00043727164,1.1763085e-05,0.0036522592,0.0011653473,0.00014142483,0.57670885,9.856608e-05,0.00017585739,5.3688746e-05,0.0045606163,3.582117e-05,0.000985188,0.0004480125,0.005535067,0.00095118117,0.0015480246,0.004731837,7.284412e-05,0.0030010457,9.178308e-05,0.00037663287,0.0006951986,0.000118247204,0.00016142818,0.0028625806,0.00031692846,0.0023257977,9.094253e-05,0.0022161165,0.0017650005,0.0049631074,5.4657718e-05,0.00010846941,0.0011107365,9.917421e-06,9.561594e-05,1.3608732e-05,6.487202e-05,0.00011091197,0.01075452
699113,"Chemistry, Multidisciplinary",0.0006649624,0.08862437,0.067696586,0.014572283,0.16238245,0.0024270725,7.91924e-05,0.0025328107,0.0048532933,0.048430465,0.013962359,0.3498743,0.032322828,0.0008994533,0.0018318973,0.002109153,0.22309597,0.08193661,0.0016752754,0.00042190956,0.0003719524,0.00015109553,0.0019743163,0.0074672317,0.005385812,0.0024025568,0.00041008316,0.00052507006,0.00880926,0.06365042,0.0032385157,0.011717216,0.00354299,0.010415664,0.00035166717,0.026249874,0.0030049575,0.01163398,0.20080195,0.005311163,0.0020469946,0.0036510935,0.075907506,0.0056941416,0.053710062,0.0001375246,0.004297996,0.0012181737,0.00011111396,0.0001974264,0.00023358485,0.00044534064,0.00021468027,0.02369137
699970,Biology,0.0011145895,0.022905465,0.026005263,0.0034510575,0.13673732,0.0010215597,0.00085864484,0.003620521,0.011535798,0.0140847415,0.011820726,0.0016394826,0.046039958,0.00016115427,0.00021744572,0.00026066293,0.04035178,0.083002895,0.00095886085,0.015529909,0.00048069778,0.0017464559,0.045177743,0.0035323629,0.0058085383,0.00387978,0.002016592,0.0030618925,0.0034671281,0.034091022,0.00016507003,0.0012527056,0.0023960846,0.008711788,0.040198475,0.008333224,0.0058234734,0.0030608287,0.040904436,0.0036700813,0.0011940871,0.0012078695,0.023279697,0.0037195857,0.028784327,8.0416015e-05,0.0007155297,0.017667131,0.00049012684,0.0015402656,0.007648012,0.0011534365,0.0067422744,0.093732305
661611,"Chemistry, Multidisciplinary",7.985785e-05,0.006304953,0.023130834,0.1278744,0.015941033,0.00035794138,1.8220586e-06,0.0001958681,0.00067822734,0.002024787,0.0054072076,0.90357584,0.017486079,0.00020657899,0.0011811565,5.770165e-05,0.011870509,0.0009600483,0.00013443078,1.8132307e-05,6.1166793e-06,3.93957e-06,2.6834964e-06,0.00040508556,3.7610327e-05,3.11204e-05,2.1661629e-06,4.19922e-06,0.005820476,0.0012414948,0.0031473343,0.002029969,0.00015234227,0.000761151,1.2829357e-05,0.00038190742,2.3462097e-05,0.00020794453,0.02343384,0.0007074681,9.630929e-05,5.5169443e-05,0.007466801,0.00030444053,0.001246387,5.0590093e-06,0.00045797398,2.2487662e-05,5.6386534e-07,2.389631e-06,2.2800104e-06,5.2651965e-05,3.3700692e-07,0.00065424416
666240,Patología,0.0008067525,0.10366674,0.054988086,0.0013891356,0.03447796,0.00041876195,4.7883463e-05,0.008769478,0.003525056,0.0054468615,0.023315119,0.15038688,0.018123044,0.00069894176,0.0034703272,0.0045610643,0.12082885,0.053601198,0.0022866596,4.3902903e-05,0.0013799734,0.000112969065,0.011560738,0.003045393,0.016059408,0.0019743275,0.00019720681,0.00017585455,0.0044795107,0.04425452,0.00072534964,0.015875014,0.0018359841,0.036722243,0.00087957014,0.026555164,0.0026628105,0.009103222,0.18087989,0.013002449,0.0005383018,0.0041152905,0.09307297,0.007378716,0.02275199,7.499955e-05,0.0056683337,0.0035521425,0.00010765987,0.00016334819,0.001295931,0.0008743956,0.0002560511,0.01987448
663215,"Chemistry, Multidisciplinary",0.001319513,0.018802267,0.047417965,0.017371781,0.009996078,0.00043486277,1.4229228e-05,0.007565575,0.0006586906,0.0012678179,0.011933472,0.7942456,0.0059909923,0.0011375047,0.009963726,0.002605943,0.090808354,0.0058864076,0.0016063511,2.2203181e-05,0.00016420033,0.00014740518,0.00022166605,0.002074297,0.0006155502,3.157599e-05,3.349321e-05,4.960254e-05,0.0019944848,0.0122853,0.014291805,0.016966498,0.0003527275,0.004508356,7.293921e-05,0.0017263242,0.00010032435,0.0041123987,0.0677568,0.010164619,0.00022740106,0.002500637,0.015694903,0.000491836,0.005711091,7.3295225e-05,0.008481997,0.001742767,1.955216e-05,2.8193419e-05,3.3223885e-05,0.0006312546,4.494727e-06,0.0023940804
794324,Enfermedades infecciosas,0.0008273787,0.059820168,0.0351243,0.0005195153,0.13040747,0.00076403754,6.512976e-05,0.005991367,0.0030363542,0.014920443,0.0071681314,0.018522859,0.0039699594,0.00027749364,0.0006694529,0.004645756,0.26586273,0.12034434,0.005606434,0.00010817749,0.00041576615,0.000550188,0.059108652,0.003837205,0.010467715,0.00070399727,0.00050409394,0.0011493552,0.0052350885,0.0983806,0.0007448232,0.017687302,0.0018815768,0.034660965,0.0017200343,0.006703571,0.0015814872,0.008765941,0.15791681,0.0067747,0.0010052151,0.010202846,0.028524866,0.0018527348,0.025566066,8.514231e-05,0.011004386,0.015643341,0.00025069987,0.0002756397,0.0021157495,0.00066672714,0.00039662284,0.032976
699163,Immunology;Parasitology,0.00039079547,2.2674583e-05,0.00869663,0.00017896909,3.708475e-05,0.00020280373,1.9476009e-07,0.00026668297,0.0012922863,4.447415e-06,8.361909e-06,3.5978967e-08,7.770257e-06,3.8987228e-08,1.2979959e-07,1.6723e-08,9.664275e-06,0.0004474645,6.5126396e-06,1.8144727e-05,2.63062e-06,0.44433045,0.009201703,5.6641593e-06,0.00029699164,4.0161674e-10,3.327532e-05,0.00041929216,7.655417e-08,0.00034830993,1.7178346e-07,4.0474053e-05,7.5803683e-07,7.0418528e-06,0.5186741,2.3549803e-06,0.0009664753,1.6390066e-05,4.884674e-05,0.00064360263,3.0268657e-07,2.3212834e-07,2.593763e-05,6.313795e-07,0.0006597175,3.009779e-07,7.908931e-05,0.0010183835,0.00016161423,0.00024551948,0.0033507734,0.00011845056,3.359586e-05,1.6184478e-05
699164,Biochemistry & Molecular Biology,0.00076039915,0.0025417604,0.09855996,0.11860457,0.0374288,0.003609364,4.711943e-05,0.0028345522,0.005316987,0.0037821452,0.00929525,0.0152705405,0.046707846,0.00013776348,0.00024346022,1.1146137e-05,0.0037151428,0.0048362263,0.0002467892,0.0054900474,9.033017e-05,0.0009338431,0.00036015516,0.0012321192,0.00021003523,5.738437e-05,9.138684e-05,0.0018473583,0.00028087266,0.0032866485,0.00055857067,0.00079119747,0.0006801569,0.00023386141,0.007681979,0.00080395676,0.0009758849,0.0005518239,0.008072564,0.0035834408,0.00024855073,0.000121416895,0.0034442523,0.00024759804,0.005054694,2.082537e-05,0.00037558933,0.0021079027,4.0109266e-05,0.00012385657,0.0002148748,0.00045909057,0.0002218037,0.00500144
698944,"Biochemistry & Molecular Biology;Chemistry, Multidisciplinary",0.00013600988,0.00068290497,0.054855205,0.72859854,0.012479987,0.0072046397,8.7036415e-07,0.00018641872,0.0013013907,0.009434743,0.0005585813,0.42341086,0.0030222852,0.00011386802,7.4461444e-05,3.1843808e-06,0.0015878796,0.0002506148,0.000106895604,0.0002453503,3.09632e-06,0.00012601845,1.2685451e-06,0.00036579082,3.3817396e-05,4.498037e-06,2.8028794e-06,4.614667e-05,0.00061087986,0.0005663928,0.0052026464,0.0012376457,5.0827504e-05,7.7878394e-05,7.2331204e-05,0.00014797231,0.00016860952,7.373864e-05,0.0025897021,0.00035950885,8.811896e-05,2.1393536e-05,0.00077129767,4.733159e-05,0.0008382234,1.0571238e-05,0.00037827896,1.5945909e-05,2.9960236e-06,2.064208e-05,3.2816117e-06,3.0230973e-05,4.4957034e-07,0.00019950225
698945,"Biochemistry & Molecular Biology;Chemistry, Multidisciplinary",0.00024176261,0.0033814025,0.047011856,0.7316625,0.010866638,0.0047562947,4.2251213e-06,0.0009331991,0.003475539,0.0012592659,0.012185222,0.6988925,0.019157043,9.480337e-05,0.00093777955,2.9167712e-05,0.0016134758,0.0019319694,0.00019582886,9.380573e-05,5.442589e-06,5.605503e-05,8.6687105e-06,0.0005185357,3.9636547e-05,1.0835917e-05,4.0328473e-06,5.8263366e-05,0.0013325227,0.00048120433,0.003015004,0.0027190517,0.00014783537,0.00022633465,0.00067012734,0.00029356533,5.0150797e-05,0.00016579882,0.0073893126,0.002524948,0.00013446117,6.196812e-05,0.003945347,0.00014064509,0.00052579655,1.672707e-05,0.0006341636,8.7800225e-05,8.826939e-06,4.1231862e-05,3.270124e-05,0.00031625686,4.041718e-06,0.0002722226
699642,Biology,0.0008398595,0.11069824,0.10343544,0.012866411,0.2533474,0.008713789,0.0001950888,0.009501501,0.02221336,0.045591913,0.015789932,0.07048658,0.043064363,0.00023887743,0.001337373,0.0014588308,0.057460345,0.2117017,0.002647281,0.0007400647,0.00081105053,0.0005550883,0.011365337,0.006544973,0.011065683,0.0031435124,0.0009945784,0.0040930756,0.002254198,0.08879695,0.0004552966,0.0088042235,0.014564562,0.014573885,0.003903438,0.027147755,0.009283732,0.008897181,0.17363088,0.028592777,0.0009261995,0.00534296,0.05784602,0.0025484776,0.041002568,0.00014663457,0.004154142,0.0063142055,0.00080600835,0.0010315522,0.002571712,0.0011013587,0.0018695529,0.03340718
699653,Patología,0.000566961,0.1543742,0.059502605,0.0029289958,0.09654924,0.0027829343,5.8079917e-05,0.0066579697,0.019123618,0.017646974,0.011225116,0.037779238,0.012382507,0.00013309762,0.0006723109,0.0025591543,0.07452949,0.19916114,0.002012783,0.000101784426,0.00047975208,0.0004560765,0.031878572,0.0025577133,0.026225498,0.002662033,0.0007064743,0.000972879,0.0036962389,0.09008402,0.00022831654,0.011572715,0.0035634467,0.02511212,0.0046893586,0.03795814,0.007978082,0.0127089815,0.22626397,0.012799981,0.00067890994,0.004080879,0.08522549,0.0039282083,0.031996217,9.930337e-05,0.0061280616,0.002612382,0.0008412816,0.00117895,0.0076836036,0.00084078434,0.0016975024,0.022471901
763421,Patología,0.0002480406,0.12451895,0.008829071,0.00030079897,0.010948887,9.9872486e-05,1.4886019e-05,0.0051834052,0.00069828395,0.0020927857,0.009097279,0.08547199,0.0022845685,0.00026558558,0.0018428611,0.016913865,0.16163447,0.14750421,0.0017535398,3.604186e-06,0.000117697906,4.5698973e-05,0.018431963,0.0011363676,0.012115963,0.00037928694,7.1876166e-05,6.43458e-05,0.005192434,0.040263653,0.0007211713,0.024536973,0.00033562843,0.023726925,0.0011976919,0.023604803,0.00037365025,0.0052684164,0.23651724,0.0072630835,0.00035048623,0.013383488,0.07991012,0.002201056,0.005752464,7.7555786e-05,0.011219116,0.002784111,8.3281106e-05,0.0001244854,0.0023298054,0.0009112148,0.000103300015,0.0067760665
827950,"Chemistry, Multidisciplinary",9.1276226e-05,0.041410316,0.0010214949,0.00024265726,0.0008723239,9.818056e-06,2.6842974e-06,0.0017849699,4.8103328e-05,0.00028533206,0.0022689523,0.34332225,0.0003289858,0.00028122877,0.0031075296,0.06961987,0.19085902,0.04250146,0.00045980027,1.9058263e-07,1.15150715e-05,3.5168696e-06,0.00083462487,0.00062936917,0.005605256,7.438501e-05,1.0291272e-05,8.561461e-06,0.0011354487,0.010510796,0.0020002907,0.006405489,9.442867e-05,0.005706803,5.557551e-05,0.03690882,7.481133e-05,0.0021952537,0.12138005,0.0022203655,0.00015539746,0.025919268,0.070742406,0.00056743436,0.0020501553,4.9141607e-05,0.005235173,0.0002095,1.4996647e-05,3.480792e-05,8.6183805e-05,0.00045103452,9.881602e-06,0.00049650617
789494,Genetics & Heredity,0.0016280084,0.0015098376,0.019285263,0.044458523,0.018322134,0.0005517263,0.000986848,0.0035518543,0.00060877413,0.0017480404,0.03752581,0.00049463793,0.07446625,0.0003867097,0.00022791854,4.2513104e-05,0.010018597,0.013465342,0.0004629011,0.18103008,0.00021148875,0.0019642194,0.0030689456,0.0017387565,0.0003799961,0.00041698987,0.00047488126,0.004115927,0.0007778462,0.0040543494,0.0024432694,0.00017280898,0.00038115765,0.000119014854,0.048555266,0.0018790979,0.0010922585,0.0011527214,0.008743863,0.0014906392,0.0030798684,0.0002246041,0.008039638,0.0005996864,0.009717255,0.00012094371,0.00015648545,0.015627678,9.015273e-05,0.0002656785,0.000536156,0.0012238731,0.0024814955,0.024788827
696610,"Chemistry, Multidisciplinary",0.00054533326,0.11701361,0.09251799,0.027911516,0.18822892,0.0041760765,6.43104e-05,0.0017927754,0.02541539,0.040311404,0.010185006,0.43694863,0.03880043,0.0008220991,0.0020051464,0.0012075526,0.07141909,0.049052145,0.0014383704,0.0002722628,0.00038631007,0.00020728356,0.001271539,0.0050143446,0.0055229226,0.0025357723,0.0004175073,0.00031668652,0.01438191,0.044287995,0.0016177499,0.0116057675,0.005158425,0.016722266,0.0005121832,0.018815055,0.0039480575,0.007422402,0.17657983,0.005709028,0.0008299081,0.0017779471,0.08206987,0.0068840967,0.025114216,0.000117103235,0.004701832,0.00055790687,0.000129382,0.00022280989,0.00039244938,0.00050858397,0.0001551014,0.0132449195
720465,Enfermedades infecciosas,0.0034900745,0.12689371,0.02812946,0.00062533305,0.008873526,0.0006086607,0.00013306097,0.026236286,0.0017342417,0.002565151,0.0099507505,0.009191878,0.0020724563,0.0007897757,0.002100931,0.01907593,0.14936194,0.13854481,0.0037076524,6.840395e-05,0.0015003035,0.0016761178,0.13435361,0.0024553358,0.08917801,0.0010099674,0.0009209759,0.0012661148,0.0014436131,0.08363603,0.0013112839,0.029350378,0.00063989183,0.016899522,0.010075366,0.066306315,0.0073087052,0.019575562,0.11928192,0.02865659,0.0011612548,0.043111183,0.09057819,0.003189939,0.048257504,0.0004592188,0.020848095,0.0056729387,0.0022974384,0.0033668254,0.012111768,0.004361812,0.0022217138,0.021122506
774053,"Chemistry, Multidisciplinary",0.0006686396,0.02330329,0.071099095,0.05886067,0.043324903,0.00090374297,6.5298475e-05,0.003284865,0.0031868203,0.0032867577,0.06606844,0.77866596,0.15636256,0.00094772014,0.00998721,0.0004024731,0.016893169,0.0032714237,0.0010393141,0.00024247731,0.000438765,2.9359268e-05,0.00013137396,0.0028816443,0.0003076521,0.0005108687,6.961903e-05,0.00013966496,0.007630813,0.0044567008,0.0029327648,0.0044300477,0.0030294447,0.0068113846,0.00017426463,0.0022351693,0.00018289722,0.0017489158,0.06072149,0.007813636,0.00045894462,0.0004102716,0.018673165,0.0042400705,0.006703612,4.51871e-05,0.0012825468,0.0007030214,9.961061e-06,1.7193343e-05,6.099658e-05,0.0003655329,2.0084999e-05,0.0067787785
641337,"Chemistry, Multidisciplinary",0.003130001,0.009916189,0.047193013,0.09492367,0.0010189645,0.0033147312,6.2896984e-06,0.016527232,0.0007357415,0.00046284733,0.002955266,0.53281724,0.0011899814,0.0013228009,0.008212156,0.0010091474,0.01702881,0.0066102645,0.0033377616,7.2939306e-06,7.318397e-05,0.0021321918,0.00023947262,0.0003415276,0.0007794274,2.9917524e-06,5.664105e-06,1.5775206e-05,0.005122966,0.0034668532,0.031117944,0.092502035,4.9191207e-05,0.003161523,0.0046665487,0.00076049386,0.00011261177,0.0013751063,0.030227793,0.018015618,4.84909e-05,0.001116154,0.009280372,5.7664845e-05,0.0007023528,0.00022532672,0.030837012,0.0022265404,3.2095715e-05,5.9865262e-05,0.00044809896,0.0073258746,4.168322e-06,0.00041899394
716565,Plaguicidas,0.00037411117,0.213183,0.03166152,0.010327116,0.010053759,0.0007037756,5.117555e-05,0.007116117,0.0031228883,0.0021844679,0.044367556,0.068119116,0.02200428,0.0003850554,0.0016372614,0.0022084443,0.03301682,0.05273491,0.00047131025,6.3958185e-05,0.0011222108,3.908795e-05,0.005520718,0.0012110308,0.030278359,0.008656412,0.00014519067,0.00019393522,0.0011455476,0.011267584,0.00031041927,0.0044791363,0.0008074574,0.0059766807,0.0011645987,0.25783613,0.01082606,0.004100056,0.14052686,0.012190227,0.0004285251,0.0022919613,0.34842438,0.0050388672,0.031775963,8.5993765e-05,0.0015230168,0.000109804605,0.0002077097,0.0007224274,0.0010018516,0.00076835556,0.0010419481,0.009165269
759075,Infectious Diseases,0.003852806,0.08428656,0.029935623,0.001079044,0.08763583,0.0018078259,0.0005269254,0.030013109,0.0084946435,0.0124932695,0.018693956,0.002848815,0.005735422,0.00035613836,0.0019170347,0.0069501605,0.122564256,0.24760507,0.009342341,0.000745862,0.0015007028,0.007845416,0.2846587,0.006070766,0.019158967,0.0006913013,0.003033441,0.012059191,0.004192605,0.10074328,0.0006625993,0.03489131,0.004554658,0.04027884,0.030346315,0.006081816,0.0027598038,0.016397417,0.11809773,0.0427188,0.0017953815,0.018949484,0.042833794,0.0016962043,0.042843524,0.00042502047,0.023429295,0.10879097,0.00364082,0.0029586765,0.028195145,0.0060433587,0.0033076366,0.068066955
685936,Parasitología animal,0.00019220477,0.007333226,0.15772186,0.014768477,0.03367955,0.004790484,1.5688396e-05,0.0005763362,0.0026047584,0.026894975,0.0012723993,0.00044459052,0.01080785,0.00017689705,5.2135388e-06,1.115923e-05,0.009971855,0.003951016,0.00021399543,0.0011422884,0.0016232985,0.0003749057,0.0022148064,0.0011215289,0.01756419,0.0039846334,0.00024132781,0.0028454321,6.275022e-05,0.007552107,8.765993e-05,0.00029817072,0.00039482754,0.00043368706,0.0014752861,0.086245306,0.4109638,0.00073428324,0.014127634,0.00071021274,0.0012223393,8.119226e-05,0.011588638,0.0027516624,0.069059424,2.4079452e-05,7.594972e-05,5.222058e-06,0.0003631133,0.00091150275,0.0001555779,0.0001087789,0.0038898457,0.0052689444
682360,Rheumatology,0.00019502203,0.00016655178,0.00075977057,0.0003379171,0.010531736,4.5463826e-06,0.000151274,0.0028947352,8.041379e-05,6.8417845e-05,0.0037477466,0.00034187434,0.005674841,7.5317603e-06,0.0003893256,2.589542e-05,0.00083565497,0.005512585,0.00018509582,0.0026895227,6.982743e-06,0.00018370102,0.00030253266,0.0002333814,8.514944e-06,1.0733353e-06,7.8961064e-05,0.00023076445,0.00012607012,0.0023755298,0.00018649195,3.154171e-05,0.00023087912,0.00018907923,0.001713695,6.4245187e-06,1.0783061e-06,0.00012012525,0.0056376946,0.00084474054,1.3579031e-05,0.00012968053,0.00019265726,4.217754e-06,0.00029890105,1.4805638e-06,4.1347823e-05,0.8509783,8.129639e-07,1.219034e-06,3.6215763e-05,0.00011751757,6.731135e-06,0.0080286935
667943,Biochemistry & Molecular Biology,0.0024710372,0.012704996,0.06546541,0.40814322,0.022479823,0.006254742,0.0013089916,0.009533015,0.05409804,0.00089924294,0.30081856,0.014129326,0.25317702,0.00034095536,0.004546137,0.00026874457,0.002148536,0.013304448,0.00044272482,0.018550964,0.0007248725,0.00097411027,0.00391617,0.0021309522,0.0007476247,0.0015530334,0.00038711945,0.0027501239,0.0018702166,0.0009531462,0.00072290946,0.0008962892,0.0033246626,0.0019635847,0.09877417,0.002648418,0.0011737177,0.0010981287,0.00833441,0.015833132,0.0012412884,0.0002754823,0.02585598,0.0027228221,0.0041116197,0.00014648463,0.0005668765,0.0035522897,0.00036401147,0.0012936553,0.0040754722,0.008528836,0.0068604983,0.004200422
775790,Enfermedades infecciosas,0.0026823515,0.026722087,0.029881543,0.017479582,0.11835448,0.0033951432,0.0005056204,0.0064945244,0.0006734094,0.05193774,0.010749245,0.09892694,0.007614844,0.001816286,0.0012764796,0.009129712,0.44708303,0.111310884,0.00652507,0.0032562495,0.00042641506,0.0011418435,0.006447351,0.012981598,0.006231117,0.00251948,0.0014861102,0.0049789525,0.005198655,0.08001825,0.030986458,0.006978712,0.0024272166,0.0034467112,0.0006160585,0.030885486,0.0053634895,0.013627884,0.124399304,0.004977958,0.032921545,0.022326333,0.046104416,0.0032080468,0.12044489,0.0007497,0.0053638434,0.004718069,0.0005694176,0.001059581,0.00027869153,0.0012104927,0.0010688228,0.04717657
667667,Parasitology,0.00089075614,0.00010419524,0.014179757,0.04879444,9.8406614e-05,0.00069873163,9.644789e-07,0.0025778315,0.00035220702,1.1424394e-05,0.00047195787,0.0004465747,0.00026668116,2.0874963e-05,0.00011472872,2.713187e-06,0.00011439804,0.0012043306,6.740288e-05,7.420392e-05,1.7136977e-06,0.015413782,0.000109856854,2.197647e-05,2.710937e-05,1.51473e-08,1.6741163e-06,1.8090303e-05,8.228983e-05,0.00023508047,0.0012276003,0.00036034404,2.7459866e-06,1.330234e-05,0.18455818,8.880564e-06,3.4507062e-05,0.00013484739,0.000664599,0.0019779087,8.831839e-06,9.513956e-06,0.00019205456,1.2132789e-06,6.85975e-05,7.977441e-06,0.0002684465,0.010472674,4.3988844e-06,6.822648e-06,0.000319116,0.0025476958,7.9548845e-06,5.9446615e-05
671875,"Chemistry, Medicinal",0.0012045779,0.12272137,0.0700706,0.1445163,0.012780648,0.004112637,0.00016358105,0.01170407,0.015337419,0.0014425488,0.29382694,0.29258367,0.07612483,0.0009668694,0.010367194,0.0028896774,0.030149268,0.067784876,0.00095279666,0.00020956153,0.0008423565,0.00025536382,0.005903447,0.00262148,0.005430589,0.001139606,0.00014055487,0.00038934362,0.004268056,0.004440853,0.0028357776,0.018751668,0.001351164,0.0066132178,0.008532802,0.039499115,0.0020885365,0.003991296,0.07955485,0.031937845,0.001826854,0.0022546041,0.23125663,0.005568613,0.008791876,0.00033209546,0.0040652854,0.00055476377,0.00037348238,0.0013193578,0.0031386556,0.005183481,0.0010375293,0.0033664508
689247,Parasitology,6.412118e-05,7.1323784e-06,0.003210202,0.37238175,2.8444007e-05,9.42235e-05,1.2556234e-06,0.0004364548,4.6517856e-05,1.199113e-06,0.007309798,3.0016693e-06,0.004024173,1.946004e-06,6.317068e-06,1.00184614e-07,4.8850357e-06,0.00019232393,1.2436275e-06,0.0032857894,2.0329965e-07,8.6831045e-05,3.389893e-05,2.55829e-06,1.864659e-06,2.1818504e-07,1.4626727e-07,4.7544705e-05,3.250555e-06,2.192901e-06,0.000104336425,1.5302402e-06,4.0776672e-07,8.670192e-08,0.6469332,9.184305e-06,1.526502e-05,2.4205792e-06,3.776163e-05,0.00020777667,2.6881457e-05,2.8306823e-07,0.0001019132,8.120821e-07,1.8672283e-05,1.0114122e-06,1.0428034e-06,0.00029010442,6.3945225e-07,3.913649e-06,9.201759e-05,0.0014305158,0.00023932722,1.8214074e-05
681719,Biology,0.001679908,0.010772579,0.03364025,0.03577843,0.09770194,0.0014772445,0.00040679213,0.0034864943,0.0026854735,0.017153492,0.0127357645,0.07834816,0.039698217,0.0011549707,0.0014239977,0.00044830385,0.07046878,0.021355089,0.001882962,0.009673313,0.00015956939,0.0010553453,0.0015206721,0.005045637,0.0007489878,0.00049774844,0.0004913822,0.00097724,0.012630079,0.022303948,0.009202779,0.0034398867,0.0013124947,0.0027069242,0.0037143452,0.0025360354,0.000866968,0.0030487785,0.047515668,0.002437012,0.0025594686,0.0011756658,0.015318706,0.0017260514,0.015526104,0.00013972836,0.0022342324,0.011897022,6.446083e-05,0.00014921192,0.00045111988,0.0010249887,0.00020732703,0.027063645
681716,"Chemistry, Organic",0.0009398078,0.002900665,0.020311926,0.007692433,0.025643313,0.00014524176,0.00023488821,0.011961291,0.0006599372,0.00067846983,0.042582326,0.008639732,0.10991187,0.00011301702,0.0018028147,8.62199e-05,0.005173898,0.011146285,0.0003881405,0.0034486623,0.00018116902,0.00016730574,0.00090511265,0.0010709377,0.00013245484,6.766589e-05,9.9975776e-05,0.00088092475,0.00034682747,0.0048939046,0.00042959242,0.00036888017,0.0008994378,0.00077937497,0.0075759212,0.00028349817,7.8702535e-05,0.00055550976,0.017480753,0.0070440327,0.0001489086,0.00032812948,0.0029261438,0.0001706554,0.0040083015,1.1593117e-05,0.00020790985,0.08911222,1.3103393e-05,1.9831856e-05,0.0002702111,0.0010291963,0.00017123518,0.017247729
668219,Genetics & Heredity,0.0039606183,0.00093571516,0.09595284,0.019908562,0.032969926,0.0025691264,0.00078582694,0.003490139,0.0013807287,0.008955479,0.004940395,1.4063628e-05,0.021630827,0.0005443865,1.5965112e-05,6.256705e-06,0.012738086,0.00553898,0.0006333774,0.47646594,0.003465333,0.048892047,0.017580003,0.006488555,0.0015421713,0.00025140436,0.0027657237,0.14068641,3.06691e-05,0.0059048133,0.00053242384,0.00030424932,0.0004514163,9.039644e-05,0.05158111,0.0028705597,0.029762814,0.0013441613,0.0017837331,0.00159841,0.003069332,0.0001859942,0.0027630578,0.000880446,0.05008263,0.00019644115,0.00022521439,0.003423781,0.0014929523,0.0030863555,0.0004142286,0.0008182033,0.015899953,0.038594417
674800,"Chemistry, Multidisciplinary",0.00021452333,0.011000313,0.039188314,0.041492328,0.023378212,0.0019056259,9.012602e-06,0.00248703,0.033232573,0.0018190815,0.005889274,0.6213795,0.025664456,7.6639e-05,0.0040021897,0.00013028935,0.0021424834,0.011247128,0.00024042845,3.064308e-05,2.3444672e-05,8.4258136e-05,7.123067e-05,0.0006309139,0.00017315784,2.4271407e-05,1.8275286e-05,3.014573e-05,0.0039527067,0.004282659,0.00033538436,0.0035000555,0.0022927923,0.004725374,0.00079500803,0.00023784427,6.8307476e-05,0.0008262201,0.024918057,0.009258342,1.0303793e-05,0.00025934758,0.0046992623,0.0001900194,0.0008362492,7.6227943e-06,0.0008544558,0.005921631,6.3715875e-06,1.1065042e-05,0.00021836549,0.00049498765,7.093509e-06,0.0018696784
674826,"Chemistry, Multidisciplinary",0.0023178302,0.011946681,0.03296364,0.084298834,0.029993042,0.0020770826,0.00022180348,0.0075926394,0.0024055338,0.0038200335,0.025949689,0.37076452,0.02746822,0.0013834026,0.00775557,0.0014921381,0.045736272,0.019562837,0.0017656392,0.0013720609,0.00012714557,0.00069343124,0.0006464208,0.0032975913,0.0005192863,0.00020983764,0.0001422912,0.0003325257,0.010064419,0.009759081,0.020389099,0.005184167,0.0011369012,0.0024040812,0.0027249998,0.0020279884,0.00032978566,0.0031663238,0.04597617,0.007982132,0.0014740436,0.0022315376,0.017129704,0.00093805575,0.006365929,0.00019437897,0.003064786,0.010759045,5.1855448e-05,0.00011699529,0.0003426893,0.0026374392,0.00010946954,0.008153482
674783,Farmacología,0.0018404339,0.14229855,0.073924944,0.009155081,0.2202148,0.005002256,0.0005226153,0.009633398,0.024076186,0.049516167,0.02097811,0.022950122,0.057861853,0.00059649756,0.0015280145,0.0019624392,0.11505158,0.24304032,0.0018512213,0.0029924177,0.0014021918,0.0012769811,0.031879738,0.007894605,0.02673143,0.008233524,0.0022353162,0.0044433563,0.0049558547,0.11599693,0.0006344737,0.0089168465,0.009263631,0.021386715,0.011952351,0.051663153,0.016199619,0.014884484,0.16682301,0.015614708,0.001570638,0.006607907,0.08298148,0.005770305,0.07758123,0.00029007453,0.0042967857,0.009234347,0.0014750678,0.002272752,0.0062111826,0.0021643136,0.0056842742,0.093014225
661240,Genetics & Heredity,0.0066200127,0.0026854482,0.1211993,0.024885753,0.06524392,0.0033070787,0.0023268315,0.010214612,0.0012089147,0.0124094775,0.016614556,6.461007e-05,0.05525641,0.0010460778,7.619281e-05,3.297217e-05,0.026182437,0.013434357,0.0017864208,0.41586027,0.0076894923,0.025440149,0.023511123,0.013074038,0.0023366404,0.00081531156,0.005655257,0.28736743,6.0862647e-05,0.010194693,0.0011593373,0.00078818743,0.0014021464,0.00020269568,0.044427324,0.0073741907,0.026120454,0.0025180231,0.0054113897,0.0036449598,0.011730966,0.0006819983,0.0069168187,0.0021969539,0.08683084,0.00039714607,0.0005206004,0.008194627,0.002041208,0.0041867187,0.00063704257,0.001811746,0.030542564,0.075602874
720792,Rheumatology,0.001116078,0.0005910528,0.005139236,0.0018739125,0.016073082,6.5716085e-05,0.00048157052,0.005767141,0.00026613663,0.00034303646,0.0092465365,0.0001925913,0.012636397,4.400081e-05,0.0002719541,4.5594938e-05,0.0031630008,0.016235275,0.0006340361,0.020493554,6.178462e-05,0.0022884104,0.0032784515,0.001038489,8.882672e-05,1.3568778e-05,0.0003550133,0.0018171716,0.00023032482,0.005831463,0.00044000518,0.00010748845,0.00028045097,0.00024518755,0.026176138,8.331407e-05,6.119946e-05,0.0004895597,0.00780432,0.0021461432,0.00022595623,0.0002634854,0.0012585603,5.6822177e-05,0.0025913247,1.2957727e-05,0.00016482624,0.5019354,1.6531374e-05,3.460761e-05,0.0002920854,0.0007033321,0.00025745967,0.022460515
720789,Rheumatology,0.00031805082,0.00015562269,0.0016789008,8.744719e-05,0.016245568,1.088797e-05,0.00028369666,0.0012533655,7.770858e-05,0.0003684574,0.000821268,4.5515926e-06,0.0034151732,1.1106347e-05,1.1536769e-05,7.169662e-06,0.0019909418,0.009074144,0.0006790128,0.024154993,2.7136424e-05,0.0021663452,0.007990322,0.00046471227,8.0101076e-05,7.650032e-06,0.000437605,0.0021221158,0.00013411748,0.0068566077,4.5389905e-05,2.5683641e-05,9.388286e-05,0.00020099708,0.03577761,3.1202e-05,7.6749646e-05,0.00016254769,0.0040568667,0.0003465518,0.000101687896,8.6326516e-05,0.00028688117,2.65144e-05,0.001806435,2.6359412e-06,4.8054044e-05,0.574647,8.467571e-06,1.6936605e-05,0.00033309744,0.00016169775,0.00021538229,0.037260994
754933,Genetics & Heredity,0.0001008697,0.00016210516,0.0026036573,0.0035078574,0.009200316,2.7283528e-05,4.562512e-05,0.0001994644,0.00021930692,0.0011953082,0.0012967275,0.00010301367,0.009884101,4.5496774e-05,1.0204019e-05,1.583692e-06,0.0015241986,0.0014037866,0.00020390934,0.027660547,6.679963e-06,0.00030941056,0.00046494554,0.00025987427,2.8102932e-05,2.0545884e-05,4.3954467e-05,0.0001249591,0.0026262854,0.0011759268,0.00026745605,5.21346e-05,2.9760793e-05,0.00012696856,0.015208249,3.894812e-05,6.279254e-05,5.8447848e-05,0.002301371,4.6567297e-05,0.0001160918,7.2641715e-06,0.0006545529,9.930005e-05,0.00063665863,2.1606975e-06,3.332956e-05,0.0152894445,1.1811755e-06,3.751211e-06,0.00015142786,7.805705e-05,3.0533138e-05,0.008769361
754784,Multidisciplinary Sciences,0.00011123216,0.007501984,0.007218527,0.010462549,0.049643286,0.0002572273,3.400639e-05,0.00059232366,0.00035185178,0.016019229,0.0041853827,0.12964822,0.011774658,0.00031023467,0.00025070275,0.00026837352,0.03362015,0.01304021,0.0039858595,0.00022432032,1.28008705e-05,2.7118422e-05,0.0004286528,0.000833345,0.00020967987,0.00029215723,4.1977506e-05,4.134041e-05,0.15700588,0.00934223,0.003704904,0.0050587575,0.0001762539,0.0049267546,0.00079079,0.0006416155,6.828103e-05,0.0004088193,0.10921421,0.00042759557,0.0010095764,0.00016481619,0.014505038,0.0013270666,0.001727072,3.749766e-05,0.0011607568,0.001594495,4.4256212e-06,7.152138e-06,0.00032640033,0.00020082045,8.4426865e-06,0.009808835
681771,"Chemistry, Multidisciplinary",0.0017324266,0.0058801463,0.03651339,0.03989593,0.04029614,0.001197673,0.00019108884,0.0058338186,0.0059545147,0.003034829,0.015128093,0.06984634,0.056484368,0.0003023934,0.002364526,0.00013656933,0.009837443,0.015226225,0.00051752717,0.0049721412,0.000119696815,0.0010082513,0.00050405983,0.0024066463,0.0003027029,0.00010583065,0.00021773469,0.00059963187,0.0019459939,0.011365562,0.0017237959,0.0012899087,0.0017373344,0.0014214783,0.0044689057,0.000696094,0.0003070087,0.0017861987,0.020557927,0.006182387,0.00021380046,0.0005972252,0.006398635,0.0003939519,0.0061497972,3.83257e-05,0.000845678,0.032581203,3.309089e-05,8.291675e-05,0.0003278918,0.00090917596,0.00012213626,0.01769625
701297,"Chemistry, Multidisciplinary",0.0013882502,0.016728412,0.08543991,0.081086405,0.123040155,0.005142936,0.00011248856,0.0058337804,0.0068418426,0.018208021,0.015611996,0.27580112,0.051525004,0.00049029273,0.0019294876,0.00025060572,0.032006048,0.022468222,0.0013810772,0.0021464517,0.00016794763,0.00066573155,0.0006924324,0.0048205242,0.0005029423,0.00022666744,0.00023403249,0.0017635333,0.0029551706,0.017875163,0.003348561,0.0065270984,0.0027635794,0.0023446064,0.0019271466,0.0020793066,0.0007026748,0.0029835566,0.053005137,0.008978645,0.0007867856,0.0012706323,0.014367695,0.00090851786,0.013644841,9.274825e-05,0.0029204662,0.0054355026,8.733444e-05,0.00016472679,0.00032792805,0.0007655396,0.0001471785,0.013918686
729561,Rheumatology,0.00024612065,0.0008365589,0.0021004064,0.0004612652,0.010201551,5.0503495e-05,6.622136e-05,0.0058762534,0.0005036139,0.00062919024,0.001188111,0.0011503333,0.002974071,2.0150035e-05,0.0002968736,0.00014688732,0.002500086,0.020143999,0.0020256687,0.00025760234,6.6312987e-06,0.00047336766,0.0018330005,0.00026660695,9.196258e-05,2.832921e-06,8.827211e-05,7.288554e-05,0.006403463,0.0066507957,0.00029551273,0.0010750596,0.000115264724,0.002991112,0.01476464,1.898701e-05,6.9090115e-06,0.00029334848,0.030432887,0.001814223,1.7226115e-05,0.00027419676,0.0010398775,1.3369174e-05,0.00033859818,5.7358748e-06,0.0006107364,0.8288857,2.7075187e-06,3.11001e-06,0.0020137038,0.0007654648,1.1387748e-05,0.0083234655
729811,Genetics & Heredity,0.00030004824,0.00027743937,0.0037913136,0.04219134,0.017633202,5.3358046e-05,0.00019665029,0.00015437148,4.954113e-05,0.007292591,0.0014747632,0.003101418,0.008157881,0.00096131867,0.0001010611,7.979693e-06,0.010092431,0.00038743828,9.62253e-05,0.19889612,3.2128235e-05,0.000214975,1.4082324e-05,0.00087215804,3.6447138e-05,0.00011691556,8.7787084e-05,0.00013951628,0.001176135,0.0037672373,0.017487561,6.383869e-05,8.711319e-05,5.779907e-05,5.9048074e-05,0.0003162451,0.00011153135,0.00016850697,0.0029800183,4.7643516e-05,0.00062108086,3.875472e-05,0.0006943181,0.00024154349,0.004924286,1.6613307e-05,9.303303e-05,0.00081389025,1.6657252e-06,9.087387e-06,1.4646049e-06,1.8969075e-05,4.321845e-06,0.009378301
730564,Genetics & Heredity,0.000367903,6.5535154e-05,0.0051697735,0.0500668,0.006917428,6.695215e-05,0.00037996206,0.00012982207,7.473646e-05,0.0029748927,0.0010132022,2.9254348e-05,0.007633821,0.00061566813,1.2295079e-05,4.4808118e-07,0.0014390417,0.0001930817,3.3099917e-05,0.8596474,6.7884735e-05,0.002105564,4.0015508e-05,0.00052378763,3.4122917e-05,6.4187625e-05,0.00015282867,0.0006157937,0.00010580139,0.0015538668,0.0042556818,1.38040905e-05,4.394818e-05,9.831886e-06,0.0006176253,0.00023768832,0.0005107944,8.046226e-05,0.00041231848,4.3417967e-05,0.00027678758,9.867882e-06,0.00029848242,0.00012158884,0.0033033027,1.4606569e-05,2.3226208e-05,0.00067082926,5.5068713e-06,3.932286e-05,3.4242282e-06,1.659193e-05,2.58207e-05,0.009163571
730621,"Chemistry, Multidisciplinary",0.001449591,0.0043612574,0.025082378,0.23105374,0.034038696,0.0024435322,0.00014219247,0.0029562188,0.0006513657,0.012756111,0.012284881,0.25108373,0.016609525,0.0011049296,0.0014707589,0.00036585017,0.044248294,0.008483859,0.001429729,0.0055427845,4.5274654e-05,0.0006711909,0.00013975022,0.0037986308,0.00024097785,0.00017592162,0.00011287248,0.0007869697,0.005479828,0.0061712964,0.03869232,0.0029866262,0.00050061085,0.00055061374,0.00084183726,0.0021250844,0.00035979637,0.0014153194,0.025363017,0.002295404,0.0037687838,0.0008877842,0.01380056,0.0005517295,0.0077917576,0.000216388,0.0021543764,0.0018636105,5.2283016e-05,0.00017840651,7.686149e-05,0.0007085436,5.4058186e-05,0.005899285
730794,"Chemistry, Multidisciplinary",0.00050762447,0.0062115146,0.009691648,0.09393271,0.019272946,0.00045144552,3.7549507e-05,0.001988551,0.0002784814,0.002982374,0.017117113,0.8744151,0.0107394885,0.0005925055,0.005310744,0.0018724995,0.061189014,0.006611702,0.0011259161,0.00013796252,1.654448e-05,2.882865e-05,3.199972e-05,0.0019745363,0.000114566814,0.0001490889,1.978965e-05,6.9058384e-05,0.0077789356,0.0044671367,0.03234198,0.0026811298,0.00050245697,0.0012761501,4.715386e-05,0.0012850957,4.1567837e-05,0.00086367363,0.05571834,0.0021608695,0.0015343115,0.0012563039,0.014585724,0.00048326506,0.0033261764,6.325929e-05,0.0017497976,0.0007018032,6.9363437e-06,2.4481975e-05,1.5539377e-05,0.00039734752,6.5604017e-06,0.0026907697
747443,Genetics & Heredity,0.019429144,0.0033005956,0.033037562,0.003943331,0.045847718,0.0009635804,0.008347283,0.016383734,0.0003652457,0.01110969,0.009077459,0.0001250764,0.011992522,0.004960628,0.0005316589,0.0011823919,0.08353897,0.025715282,0.011330537,0.21595918,0.009018383,0.049262047,0.046062276,0.013638202,0.0057685436,0.0010035583,0.017662827,0.09383394,0.000850827,0.04520343,0.013708412,0.0022215808,0.0011112186,0.0014236743,0.026728773,0.005880771,0.010551774,0.008435259,0.022373183,0.0040406385,0.026123935,0.007117027,0.005809926,0.002307519,0.10085555,0.0013447062,0.0023859479,0.11453866,0.0019298788,0.0025701579,0.00093888864,0.0055651255,0.008862712,0.18955983
750883,Biochemistry & Molecular Biology,0.0023412358,0.0034391396,0.015083924,0.34118852,0.014111429,0.0021823726,0.00023015052,0.007384729,0.00041058578,0.0027495942,0.032385677,0.29990688,0.012528904,0.0011038686,0.004225401,0.00093490427,0.026430689,0.0073983525,0.0020506566,0.0028656775,4.9511993e-05,0.0007302153,0.00015872034,0.0029070117,0.000161497,7.82136e-05,7.973854e-05,0.00087653694,0.0041263173,0.0025659846,0.06945304,0.003351323,0.000415674,0.0004202259,0.0010977711,0.0013916806,0.00012230188,0.001229533,0.017544081,0.0042443834,0.0033216097,0.0013554759,0.013721706,0.0003364171,0.0042702514,0.00038625908,0.0025564865,0.003543121,5.904171e-05,0.00019548542,8.182674e-05,0.0018883699,5.2944048e-05,0.0028026032
747243,"Biochemistry & Molecular Biology;Chemistry, Multidisciplinary",0.0001839329,0.00095312437,0.012850674,0.74002564,0.008408575,0.0014389205,5.9643357e-06,0.00032604454,0.00040491414,0.0021369196,0.0058289585,0.5230993,0.007220048,0.00015672662,0.0004054064,1.9214465e-05,0.0028078388,0.00061206316,0.00013556007,0.0004432294,2.0474583e-06,4.517503e-05,2.1739068e-06,0.00050314557,1.7287783e-05,9.508241e-06,3.6924514e-06,5.7983576e-05,0.0013285695,0.0003258143,0.012803687,0.00071233674,6.559049e-05,6.446237e-05,9.141665e-05,0.0002216576,2.540954e-05,6.969741e-05,0.0035005962,0.00043114604,0.00035970664,3.93325e-05,0.002526964,8.2766106e-05,0.0006694466,2.0508045e-05,0.0003246986,3.7354897e-05,3.2339815e-06,2.2010636e-05,3.5524222e-06,0.0001108312,1.1433485e-06,0.00023870506
747281,Biochemistry & Molecular Biology,0.0006886005,0.0015031635,0.018974302,0.18649714,0.021894451,0.0006740495,7.148046e-05,0.0011480766,0.00033739724,0.007027147,0.007273106,0.077567115,0.01965981,0.0008224556,0.000635049,3.749555e-05,0.014145583,0.0019391682,0.00033181792,0.012340888,2.7875067e-05,0.0003116826,3.4125096e-05,0.001584105,7.473881e-05,7.086927e-05,4.2270745e-05,0.0004052804,0.0019785282,0.0028675816,0.016140375,0.0007431365,0.00025656156,0.00016432644,0.00042043006,0.0006981595,0.00015445643,0.00039543342,0.0077248947,0.00075667945,0.00081910583,0.00016597596,0.003972892,0.00023459482,0.0038963307,4.8182665e-05,0.0006244739,0.0011348659,9.752983e-06,3.4500943e-05,1.5819676e-05,0.00021294803,1.3841305e-05,0.0046675876
756142,Biology,0.00020862094,0.040025976,0.028114583,0.0007428558,0.27272722,0.00076358917,5.4100314e-05,0.0030296405,0.0115135275,0.01594618,0.002020125,0.010446556,0.0072090714,3.1085634e-05,0.0003455734,0.000327182,0.03559552,0.13438678,0.0010070931,0.0001631693,5.9723567e-05,0.00039735812,0.012155344,0.0015690834,0.0024883128,0.00013363098,0.00040338712,0.00054715347,0.0029351672,0.07990035,4.753745e-05,0.0042382027,0.002980704,0.024177702,0.0026874396,0.001157118,0.000399258,0.0023426595,0.08498498,0.0065399366,6.0603998e-05,0.0017912007,0.011383864,0.0002576055,0.007866384,1.0885354e-05,0.0025924267,0.04040934,8.1105274e-05,9.900326e-05,0.0013687811,0.0003653808,8.970526e-05,0.03165013
756168,Parasitology,0.016551964,0.01177694,0.059037153,0.0014608692,0.027012076,0.0016126372,0.001689811,0.04138081,0.0029944484,0.0046677226,0.0071096513,0.000113497284,0.013920838,0.0005629939,0.00042030145,0.00038581397,0.017197335,0.04134331,0.013065262,0.011220332,0.004958854,0.06443328,0.17825514,0.008961419,0.012776834,0.00017217314,0.008153098,0.061241355,0.00041049285,0.051764816,0.000384013,0.005093416,0.0011601334,0.005475526,0.2824377,0.0030638452,0.012887266,0.0040857587,0.030845782,0.03169978,0.0011563078,0.0022435149,0.007872571,0.0011946982,0.05261265,0.00037131607,0.006753822,0.18487692,0.0056394488,0.0039790827,0.025087917,0.012764618,0.010470792,0.060823377
769738,Enfermedades infecciosas,0.0012815357,0.013770171,0.029716907,0.009743349,0.12638226,0.0004617403,0.00046607794,0.004519621,0.0006741883,0.017445408,0.02071701,0.06757658,0.08764775,0.0010151633,0.0016944876,0.0006323192,0.13122156,0.024579389,0.0019921549,0.0057566105,0.00031074823,0.00022242272,0.0013926405,0.0060194125,0.00063826464,0.0007006941,0.00045034802,0.00094655785,0.00855382,0.027853576,0.0055082706,0.0025198478,0.001319403,0.0037604498,0.0013506076,0.0024169914,0.0004315356,0.0031641799,0.082829565,0.0022532553,0.0027639973,0.0012164101,0.018116876,0.001958137,0.029986076,7.9719146e-05,0.0013539722,0.015125139,2.9765193e-05,4.6994766e-05,0.00020449715,0.00069264305,0.00016783878,0.050190452
769773,Rheumatology,0.000963339,0.003278665,0.029576087,0.01715871,0.028885249,0.00085360784,9.5135e-05,0.002763821,0.0075473017,0.0036756652,0.0025300537,0.013253081,0.019507831,0.00023036412,0.00050526124,4.249531e-05,0.0058762874,0.010434412,0.000659698,0.0043344926,5.0702365e-05,0.0028938628,0.00083937385,0.001237387,0.0003307113,3.1365133e-05,0.0002242508,0.00017606225,0.0059209093,0.0100163175,0.0010078057,0.0015676597,0.0003811337,0.0020591677,0.017312154,0.00025083855,0.0003289137,0.0009116443,0.014104441,0.0019463988,0.000102058606,0.00015031666,0.0037470525,0.00026333318,0.0025748916,2.3195309e-05,0.0009724809,0.048473828,1.8718443e-05,4.481999e-05,0.0010130137,0.0008975595,6.3068226e-05,0.01211667
775709,Plaguicidas,0.0003841692,0.17512478,0.0047378927,0.00034388763,0.0016258243,7.466722e-05,1.7557677e-05,0.009202055,0.000763092,0.00041316974,0.007184619,0.07822115,0.0013376584,0.00029428524,0.004102907,0.035293177,0.057644542,0.0623061,0.00077467615,1.8883599e-06,0.00029539078,4.7975063e-05,0.012593366,0.00062673487,0.040507156,0.0007356468,0.00011194146,5.8303387e-05,0.0010728278,0.021843607,0.0004624636,0.013338243,0.0004333294,0.01605842,0.00096840865,0.14418936,0.0011531909,0.00963015,0.14417386,0.0136537,0.00013018628,0.023233436,0.17660502,0.0024190466,0.009517948,0.00015359344,0.008816162,0.0005049774,0.00023455232,0.0005399781,0.002713927,0.000949574,0.0002644417,0.002917686
775703,Plaguicidas,0.00018459598,0.2842895,0.015043435,0.007336705,0.0018003843,0.00025793829,1.7111815e-05,0.0059347427,0.0013712059,0.00046918486,0.03365963,0.11214519,0.0070978357,0.00024360746,0.0019238,0.0032349913,0.020052077,0.043685067,0.00020663769,7.914607e-06,0.0003917946,2.0402354e-05,0.0032829328,0.0006361882,0.027849326,0.0021158021,7.098108e-05,4.537809e-05,0.00055498566,0.005540117,0.00032205868,0.004971764,0.00020112915,0.0033387071,0.0007230483,0.38732183,0.005063817,0.0026976243,0.12911823,0.011280212,0.0002320085,0.0023930818,0.47625127,0.0033558314,0.015731143,6.7459914e-05,0.0020711084,2.6956957e-05,0.000115493785,0.00061038637,0.0007193393,0.0006029618,0.00030769026,0.0021791009
775675,Enfermedades infecciosas,0.001228964,0.11760095,0.07001855,0.0034692495,0.21791515,0.002489732,9.5488555e-05,0.0050515365,0.008702852,0.07670449,0.0032363536,0.13438761,0.011431605,0.00083744567,0.0015754161,0.0034472144,0.29508594,0.22834486,0.0036522716,0.00031203104,0.00030897663,0.0012750913,0.008646556,0.0065769535,0.01236347,0.00062433403,0.0008173562,0.00054306316,0.014512607,0.24341716,0.002532976,0.029603692,0.0025990438,0.03284392,0.0017695078,0.010721352,0.003066411,0.017426807,0.28209493,0.008838493,0.00076602155,0.00870581,0.05179222,0.0017662016,0.037948504,0.00018913872,0.016042434,0.014155614,0.0003108905,0.00030126394,0.0012800938,0.0011915982,0.00015126562,0.040540993
775699,"Chemistry, Multidisciplinary",0.0003589106,0.1418875,0.08414082,0.024852762,0.21310309,0.006006912,5.4909688e-05,0.001703375,0.055143733,0.04178735,0.0068719373,0.2877164,0.03205813,0.0004063261,0.0013405215,0.0009845862,0.05309199,0.10145461,0.0010180265,0.0002513382,0.00021890247,0.00031917472,0.0017314925,0.0036473349,0.00760605,0.001848916,0.000534586,0.00029872783,0.014574728,0.056817222,0.0006947662,0.010574041,0.004519635,0.017844131,0.0010613878,0.019838817,0.00445095,0.0076032174,0.19668536,0.0050281873,0.0003368173,0.001754196,0.089430094,0.0038530075,0.019753266,7.7813136e-05,0.0050289365,0.00087511784,0.00015720045,0.00028417932,0.00081407104,0.0005429765,0.00018204939,0.015538394
695701,Farmacología,0.00082022476,0.09749262,0.0715893,0.0054419506,0.1568044,0.0054494943,0.00013210949,0.011036919,0.029015705,0.023266915,0.009262593,0.012880705,0.01807587,7.133121e-05,0.0005281994,0.0008012975,0.034562983,0.21186666,0.0018312905,0.00050741475,0.00041753598,0.001188322,0.039196555,0.0028072512,0.012934047,0.0010637976,0.0008878379,0.0032320311,0.0015792947,0.08466563,0.00010818131,0.008768326,0.0045859003,0.01587645,0.015275797,0.011178216,0.0063686827,0.0059809596,0.11831306,0.029404208,0.00028389608,0.003270962,0.044798747,0.0010833133,0.029066032,7.465882e-05,0.005109186,0.009862378,0.0013203942,0.0016595434,0.010656287,0.001371648,0.0020040628,0.030472253
700724,Biology,0.0011881018,0.0105941845,0.031984266,0.015130437,0.09737757,0.0013127603,0.0003177241,0.0045489366,0.009999692,0.014236065,0.0070739263,0.046898704,0.04727996,0.00050810253,0.0012651727,0.00031947275,0.019409545,0.024704747,0.0024472114,0.0040788683,0.0001291025,0.0009947597,0.002346528,0.0031682176,0.00093689136,0.00042870975,0.0005776857,0.000510059,0.02398123,0.0222828,0.0016609778,0.003707038,0.0017436848,0.009996506,0.012880705,0.0010754188,0.0006766669,0.0016666044,0.05339678,0.003441139,0.00046354116,0.00064077275,0.010310734,0.0015162722,0.0064100954,7.0443784e-05,0.0020292655,0.04528371,5.103256e-05,0.00010421691,0.0023637612,0.0014914024,0.00022240913,0.03132328
720801,Parasitology,0.00016199346,0.00071124424,0.0069937175,0.01734468,0.009283705,0.00019095077,4.9079736e-05,0.0006458703,0.0020424847,0.0010105545,0.003056618,0.001404155,0.023265429,3.3835237e-05,5.144628e-05,7.3041565e-06,0.001125595,0.004728055,0.00015605007,0.008891279,6.6674884e-06,0.00032580495,0.0003129925,0.0003309523,6.5343884e-05,5.2195788e-05,4.9833674e-05,6.504348e-05,0.0023770367,0.0015458431,0.00024700293,9.183464e-05,0.000100263525,0.0002746413,0.02914355,0.0001366363,0.00013389744,9.404253e-05,0.0046484577,0.00034636565,7.131631e-05,1.8167046e-05,0.0019437568,0.00013887534,0.0006892324,4.373185e-06,6.236943e-05,0.009405723,3.974283e-06,1.7774346e-05,0.0006453885,0.00026065248,0.000101234335,0.0046030786
732006,Biochemistry & Molecular Biology,0.00148275,0.004299267,0.040599804,0.92580795,0.013859834,0.028634502,6.97143e-05,0.0026396227,0.010636151,0.0047034947,0.030203152,0.29777277,0.02256881,0.0003737664,0.0013375457,9.314035e-05,0.0022813743,0.0050760773,0.00068780297,0.0024932865,3.0542196e-05,0.0013027692,8.942282e-05,0.002429929,0.0002219685,7.029266e-05,5.202311e-05,0.001445073,0.003214514,0.0006365813,0.013061511,0.005088629,0.0006410076,0.00031702002,0.008074478,0.0011268654,0.00035240437,0.00061589235,0.005104236,0.003639286,0.001611303,0.00019305112,0.009581573,0.00058319507,0.0015613827,0.00041580264,0.0016107186,0.00022519058,0.00025657332,0.00094368175,0.00037170266,0.0016907507,9.149287e-05,0.000492647
746780,Biology,0.0005285945,0.0012080888,0.014229434,0.021898553,0.052833963,0.00024209479,0.00017198085,0.0010664099,0.0004455145,0.006622487,0.0053578764,0.005592399,0.039246343,0.00025777012,0.00018050328,1.6844791e-05,0.011677157,0.004684347,0.00026695977,0.046451196,5.0124458e-05,0.00033913364,0.00017622986,0.0018112727,9.629487e-05,0.0001495512,0.0001449768,0.0011187668,0.00080143724,0.006594614,0.001936386,0.000199684,0.0005493186,0.00021300306,0.0013366842,0.0005329687,0.00026545092,0.00042486042,0.008591978,0.00049327814,0.0005268794,0.00014699437,0.0023482183,0.00028752486,0.0067012184,1.7984581e-05,0.00017017053,0.008090217,8.714591e-06,3.159789e-05,3.8278908e-05,0.00011748182,7.588768e-05,0.022288384
753909,Genetics & Heredity,0.001421831,0.00088773266,0.040989153,0.23787257,0.028357452,0.002543503,0.000269238,0.001242744,0.0007409783,0.023794362,0.0042224727,0.00220885,0.020412412,0.0011363989,0.000116903626,9.591702e-06,0.009593854,0.0019957286,0.00029705817,0.37068754,0.00018635952,0.003899643,0.000146221,0.0025373613,0.00025545445,0.0001986244,0.000316878,0.0043801065,0.00039390248,0.005557209,0.010323164,0.00043372114,0.00039506287,8.254887e-05,0.0016293359,0.0016682338,0.0021647844,0.00070812105,0.00314449,0.0007495233,0.0011989686,0.0001412049,0.0026709808,0.00035537747,0.01378838,0.00013220993,0.0004703207,0.0011836264,7.741222e-05,0.00033559065,3.885886e-05,0.00014418243,0.00013941654,0.012049636
753891,"Chemistry, Multidisciplinary",0.00026080388,0.019725025,0.028774945,0.044395942,0.024307279,0.0015637358,1.9364203e-05,0.0017018861,0.01364418,0.004418541,0.008423912,0.38734722,0.021349128,0.00025550043,0.0018168852,0.00029524046,0.009785608,0.020880504,0.0007644592,9.148877e-05,2.2539256e-05,0.00015810212,0.00041331584,0.0009570486,0.00045058655,9.3475785e-05,3.8355935e-05,2.897144e-05,0.041295543,0.0053510144,0.001397486,0.008235938,0.00041598736,0.0075873705,0.0039482596,0.00081530417,0.00017099454,0.0010288658,0.058615718,0.002846355,0.00010998306,0.00024052888,0.020811882,0.0009975348,0.0012351549,3.0902236e-05,0.0021508907,0.0022989297,1.387064e-05,2.6545797e-05,0.0009913765,0.0011770278,1.9925354e-05,0.0033537399
692934,Biology,0.0017650166,0.10369455,0.14561228,0.15471177,0.32664242,0.053623628,0.000441418,0.0067182872,0.03484759,0.1317226,0.03429309,0.297597,0.05183948,0.0011722093,0.0023289232,0.0046622716,0.14359216,0.20238352,0.004795627,0.0024589323,0.00089174724,0.0011009526,0.006054084,0.019926904,0.0136184,0.010617716,0.0022483626,0.014300125,0.006328121,0.063468084,0.006042374,0.015446617,0.027887965,0.009242177,0.0027577493,0.097834624,0.02526872,0.021427775,0.18682513,0.018527942,0.017984591,0.012199826,0.10187476,0.010015018,0.084988914,0.0009738174,0.0069442354,0.0012832457,0.0024262273,0.0045595164,0.0016913004,0.0019282125,0.005693175,0.022639796
699974,Ophthalmology,0.00029356728,0.031991694,0.007886237,7.7865174e-05,0.05226371,0.000120737226,0.00011393927,0.008015872,0.0066048843,0.0023929088,0.008799585,0.0056191552,0.0035140167,5.6944773e-05,0.0010890766,0.004980507,0.023756644,0.0650628,0.0035539016,3.0835086e-05,0.0006211373,0.00018169719,0.08195788,0.0015771232,0.009133816,0.0009720711,0.00052088127,0.0009100587,0.0018974068,0.045961868,4.05289e-05,0.0027747233,0.010770917,0.10903201,0.0026491536,0.0036617336,0.0006432144,0.0036964144,0.06492252,0.011233042,0.00015327684,0.0068576634,0.0076704244,0.0012422908,0.004918465,2.0414811e-05,0.0020446992,0.06945023,0.00026801453,0.00023519235,0.005763853,0.00052858493,0.00051709276,0.02509882
731750,"Chemistry, Multidisciplinary",0.00029110874,0.11365206,0.0058793663,0.000895765,0.003206454,0.000104989034,1.0926268e-05,0.0040213168,0.00028606833,0.0016705808,0.0046827514,0.26854956,0.0014158229,0.00053133996,0.0028999066,0.034514878,0.21281752,0.09160739,0.0011395023,2.4720757e-06,8.3921266e-05,2.934306e-05,0.0031952928,0.0015049288,0.017528303,0.00043541382,6.2042745e-05,4.0049294e-05,0.0024779323,0.027105976,0.0022482546,0.01608621,0.00021772119,0.009646873,0.00029725366,0.0910405,0.00073860143,0.0060670786,0.2093243,0.0059769186,0.0004235412,0.022646083,0.1672389,0.0018453898,0.01063141,0.00013120659,0.011214738,0.0003842194,7.7885525e-05,0.0002099535,0.0004471168,0.0009388014,7.2141775e-05,0.0027792552
731877,Rheumatology,0.00016527146,8.527061e-05,0.00087799923,0.00019044457,0.009416058,6.4663227e-06,0.0002452612,0.0011978665,5.9650483e-05,0.00020416692,0.0012491703,1.2160277e-05,0.004670677,8.1232765e-06,2.238765e-05,6.3523185e-06,0.0008504769,0.006477121,0.0004171861,0.01933164,8.701428e-06,0.0005843649,0.0018670746,0.00026819424,2.2664444e-05,4.8027287e-06,0.00018983976,0.0006688901,0.00026823438,0.002556107,7.311241e-05,1.9145598e-05,8.697623e-05,0.00011649823,0.017765014,1.3402121e-05,1.2115896e-05,9.40908e-05,0.0032422075,0.00024060273,6.1527506e-05,4.9510483e-05,0.00024708724,1.5558207e-05,0.000609766,1.6119377e-06,2.5701795e-05,0.72558826,1.7482906e-06,3.859303e-06,0.00018301672,0.00013160743,6.661506e-05,0.023062387
753863,Rheumatology,0.00020303688,0.00502798,0.0051031685,0.00018509758,0.027269373,9.767013e-05,4.116154e-05,0.0033990599,0.0007156345,0.0032378186,0.0016184988,0.0030048657,0.002789771,2.6728698e-05,0.00016033502,0.0009350874,0.032040127,0.06938776,0.0024444223,5.444729e-05,1.2755806e-05,0.00017978993,0.0144275185,0.0005563404,0.0009417851,4.529193e-05,0.000121369914,9.627742e-05,0.016781248,0.021723988,0.00015307355,0.0029505435,0.00014696928,0.015986912,0.01651802,0.0002731015,7.6341625e-05,0.001292023,0.1247188,0.0021736945,0.00014548391,0.0008310924,0.0058472003,0.00017542648,0.0016159619,1.0695806e-05,0.0011458844,0.2002521,1.5118691e-05,1.9291763e-05,0.007339987,0.0012561819,6.7663306e-05,0.01299611
754937,Multidisciplinary Sciences,7.3123076e-05,0.002648456,0.004931137,0.024490615,0.015076365,0.0003358515,1.4143358e-05,0.0003056632,0.0033315697,0.0030764341,0.0029473791,0.053909186,0.009577647,0.00012897895,0.00026318614,8.679156e-05,0.0038543,0.006014405,0.00057400734,0.00019443921,2.6649989e-06,5.661821e-05,0.00018270376,0.00031077996,0.00011147489,6.7824105e-05,2.1072094e-05,1.00151365e-05,0.11686013,0.0014866827,0.0013483585,0.0013973789,0.00011050153,0.0030061207,0.004721877,0.00017307284,3.767911e-05,0.00018487181,0.022713786,0.00023474605,0.00015611673,4.5752695e-05,0.0050494424,0.00045261602,0.00036676542,1.1534107e-05,0.00038813642,0.0023146712,2.006161e-06,4.5165725e-06,0.00061917,0.00044920578,1.122954e-05,0.0020932625
755150,Infectious Diseases,0.0018086204,0.042558447,0.017201632,0.00017680011,0.014885583,0.00035603603,0.00015094678,0.009467482,0.0033423237,0.0022773736,0.009882492,0.000849832,0.0013224134,0.00015066664,0.00042109788,0.0050964276,0.081872284,0.1013036,0.00264274,0.00019773234,0.0010521936,0.0031276767,0.371038,0.0020366635,0.039239585,0.00060080405,0.0016615755,0.00307469,0.0011420497,0.064881794,0.00020298541,0.008073864,0.0009332689,0.01953351,0.017948214,0.0120728975,0.005204273,0.016916309,0.060017817,0.012064261,0.00126107,0.014011673,0.02002291,0.0022934985,0.040155068,9.743302e-05,0.005643597,0.018070884,0.0018705326,0.0021410475,0.018651431,0.001766062,0.00292249,0.03682359
755967,Patología,0.00044816884,0.008320864,0.009992487,0.0131349545,0.022273328,0.00029657962,8.803723e-05,0.0040244497,0.0009864202,0.0038494184,0.013272201,0.06992222,0.022175094,0.00027551618,0.0011284696,0.00046786957,0.015971169,0.030709706,0.0022452262,0.00060843915,2.040605e-05,0.00015245214,0.0013739235,0.00093549414,0.00028172607,0.00014872088,5.8019243e-05,7.150112e-05,0.050636552,0.008419424,0.0030892706,0.004448451,0.0001859981,0.004949881,0.013174,0.00049599074,7.527441e-05,0.00064038363,0.08199217,0.0023308317,0.00038135413,0.00040359714,0.014684579,0.0006193952,0.0012546285,4.6534762e-05,0.0014556127,0.026042426,1.2303923e-05,2.2674043e-05,0.0019124275,0.00164065,4.3161683e-05,0.012133245
769831,Rheumatology,0.00088698644,0.00073956244,0.02046816,0.0063549504,0.02459479,0.00025260734,0.00016685059,0.0049706977,0.0008490469,0.0012843022,0.003765716,0.00017955077,0.028804816,5.415508e-05,7.260577e-05,7.246997e-06,0.0024784743,0.008257278,0.00027889592,0.031027047,8.238412e-05,0.001909257,0.0022580577,0.0007814859,0.00019544571,3.381775e-05,0.00020761388,0.002932826,0.00010018459,0.0049781236,0.00014291875,0.00012170902,0.00025427417,0.00017795559,0.04923755,0.00023757844,0.000511421,0.00027251523,0.004894167,0.0021850013,9.440157e-05,0.000102318976,0.0012646586,6.942147e-05,0.004253809,1.0689188e-05,0.00012311239,0.07682568,3.1552e-05,7.540609e-05,0.0005022481,0.00063248345,0.0006360342,0.02110525
775651,Rheumatology,0.00086311623,0.00053118245,0.0071732877,0.0020112724,0.00933485,0.00011553378,0.00020727822,0.0028083408,0.0018235572,0.00038534365,0.0016779714,0.00017415367,0.0082204165,4.4074302e-05,0.00014562283,1.15511475e-05,0.001432839,0.0076254387,0.0004518793,0.01545488,4.3209868e-05,0.008161752,0.0024206247,0.00057023414,0.00011700667,5.10106e-06,0.00033716444,0.0002501758,0.0008335459,0.0042909104,0.00022076185,0.00017764418,0.000149601,0.0005826664,0.048509814,3.738857e-05,8.996028e-05,0.0003760235,0.0036448075,0.001222164,3.900529e-05,6.3191466e-05,0.0010975851,4.7444068e-05,0.0012205319,8.672762e-06,0.00020753215,0.4565454,1.0248627e-05,2.5850315e-05,0.00085107476,0.0006451372,9.727074e-05,0.013720861
775674,Enfermedades infecciosas,0.0017373527,0.14505751,0.09154821,0.010249498,0.26557997,0.0050855717,0.00020020732,0.0042059724,0.015690042,0.11680299,0.004830735,0.18512969,0.019622974,0.001697812,0.0019189635,0.0032320754,0.32139412,0.21648932,0.00395059,0.0009906976,0.0005260078,0.002013655,0.007917843,0.011005658,0.01621872,0.0016507438,0.0014467812,0.00085699826,0.024677068,0.22523732,0.0045784167,0.03180686,0.0038574557,0.029480923,0.0020608471,0.020895237,0.007010503,0.02404988,0.27001432,0.0077299587,0.0018165844,0.0084814,0.08562253,0.0043330914,0.05646776,0.00037717508,0.017076112,0.00703173,0.0005264337,0.00064296735,0.0013637721,0.0014150323,0.0002929318,0.04647368
697413,Enfermedades infecciosas,0.0014573963,0.103361286,0.095186576,0.0017200442,0.080479406,0.001202753,5.553551e-05,0.011239743,0.0024432554,0.019995084,0.012162813,0.09583202,0.012982594,0.0010426729,0.0019224966,0.0049293335,0.24988559,0.07856227,0.0050776154,8.627812e-05,0.0020761034,0.0003247757,0.01694329,0.006242691,0.021360822,0.001613078,0.0004224698,0.000976662,0.0025502308,0.0915441,0.0017217817,0.027349971,0.0021579312,0.023411341,0.00075443916,0.02908176,0.0060279747,0.013260926,0.20337997,0.01477182,0.0014181054,0.009241732,0.067067064,0.0048501804,0.06352867,0.00015372268,0.011733233,0.0037452567,0.00029983293,0.0002778709,0.0009151402,0.0009532248,0.00044375513,0.026743097
646616,"Chemistry, Multidisciplinary",0.00018353277,0.0062513193,0.022990458,0.32140753,0.009773848,0.0014207929,2.6262057e-06,0.00057363376,0.000389444,0.002200117,0.004960334,0.9087294,0.004667479,0.00023711743,0.0011566387,0.00025998926,0.029545505,0.0029487272,0.0003682139,1.6639116e-05,4.030375e-06,1.5733722e-05,7.4524296e-06,0.0005616618,0.00010625942,2.4663443e-05,2.700494e-06,1.452039e-05,0.0034479757,0.0015675701,0.012369574,0.0048157913,8.16052e-05,0.00054067594,4.3718523e-05,0.001220922,6.4023916e-05,0.00037077718,0.026714241,0.0014572513,0.0004329685,0.00024975132,0.011414288,0.00016333681,0.0017363215,2.1622438e-05,0.001525466,2.436647e-05,4.2223137e-06,2.3855482e-05,7.4390455e-06,0.00022330241,1.3200107e-06,0.00042051324
640195,"Chemistry, Multidisciplinary",0.0011721054,0.14940192,0.06224617,0.13618031,0.06067102,0.005933755,0.00038754265,0.0036859508,0.22650343,0.0057978937,0.18130887,0.4711349,0.10886994,0.0013459419,0.014701984,0.0026274347,0.021120312,0.0345646,0.0010654782,0.00085151196,0.0009933047,0.0005479912,0.0041855755,0.007093459,0.0046439767,0.007336236,0.00067242375,0.00034883068,0.055351544,0.006404115,0.0020373177,0.011955278,0.011135063,0.04137058,0.004966805,0.015690403,0.0025850618,0.007714036,0.07855768,0.009495758,0.0014414358,0.0012684497,0.19895948,0.02935061,0.007806096,0.0002715111,0.004669914,0.0008524191,0.00029761635,0.0010866702,0.003117051,0.002480654,0.00083442713,0.0054173395
655685,"Biochemistry & Molecular Biology;Chemistry, Multidisciplinary",0.014606273,0.0384689,0.08487886,0.5241004,0.03909732,0.0226776,0.0017325009,0.023390874,0.01341001,0.012418106,0.07451013,0.48240146,0.060372528,0.010931514,0.029494986,0.0063568414,0.06546747,0.023923617,0.007397091,0.0072651603,0.0013433909,0.005728161,0.0018746387,0.011990031,0.0044564954,0.0018265861,0.00093455066,0.002863813,0.024557987,0.013218852,0.09233094,0.027057493,0.0042218077,0.0075537055,0.011454999,0.01761743,0.003449646,0.011087244,0.05088158,0.027398143,0.009915824,0.007294935,0.059040602,0.005408016,0.0193383,0.0040707192,0.018193005,0.004892296,0.001611988,0.0039278367,0.002130225,0.015698807,0.0010092888,0.009944679
654320,"Biochemistry & Molecular Biology;Chemistry, Multidisciplinary",0.0010731407,0.0068985987,0.06926062,0.865079,0.01884588,0.026815364,2.1729578e-05,0.0018309515,0.007552604,0.00556095,0.018366178,0.5609344,0.017565481,0.0003851659,0.0011552963,0.00011976132,0.006776134,0.005339922,0.0007035338,0.0005036889,2.4875064e-05,0.0006781191,7.3273564e-05,0.0019433886,0.000275102,5.2730054e-05,2.6951431e-05,0.00047581602,0.0036474753,0.0009961195,0.012797089,0.009443565,0.00034231838,0.00050874974,0.0030881416,0.001657185,0.00042864194,0.00084854226,0.0107623795,0.0037029686,0.001336912,0.0002548336,0.012977701,0.0005393878,0.0021171868,0.00022256825,0.0024441285,0.000101260586,0.00013993304,0.00052618457,0.0001996368,0.0011290218,4.1804644e-05,0.0005132073
644573,Infectious Diseases,0.0005068206,0.0011513709,0.0026946396,1.8044126e-05,0.009739313,8.3967454e-05,0.00015866391,0.0018851104,9.713152e-05,0.00066082657,0.002227956,8.3698427e-07,0.0002634349,4.544731e-06,3.2976493e-06,0.00010775179,0.009354043,0.030669263,0.0031360846,0.0011161242,0.00023781504,0.004835393,0.5425659,0.0009860777,0.002405488,7.7259414e-05,0.0023045514,0.12246839,4.628409e-05,0.010699294,1.1364932e-05,0.00030679716,0.00023533587,0.0007867155,0.0656698,0.00078993366,0.0028200024,0.0019233777,0.009834146,0.0015014712,0.005415274,0.0016154113,0.00061802974,0.00025141198,0.02929659,1.5589056e-05,0.00022526659,0.034410626,0.001174699,0.0012173796,0.007726799,0.00041144562,0.008550989,0.053557824
650925,Patología,0.000117200194,0.1137795,0.03273965,0.0042353724,0.06664239,0.00065216026,1.3925324e-05,0.0011409878,0.013764576,0.007820368,0.006822953,0.15601291,0.018651972,0.00014676062,0.0007233685,0.0009641181,0.04329675,0.076447286,0.000396623,2.5692016e-05,8.3268234e-05,3.3184722e-05,0.0016244983,0.00094369566,0.0065129767,0.0014963413,0.00010421909,4.4270015e-05,0.00867633,0.029661,0.00017449375,0.0039894464,0.0013547098,0.017151948,0.00070101337,0.02056896,0.0016417032,0.0027635663,0.19750045,0.00244039,0.00013842358,0.0007323268,0.07290328,0.002975604,0.007869827,1.5695985e-05,0.0014616271,0.0004421683,3.3021824e-05,7.676649e-05,0.00063026184,0.00034845425,0.00011476898,0.009441792
722378,"Biochemistry & Molecular Biology;Chemistry, Multidisciplinary",7.2053976e-05,0.013586276,0.015103799,0.7862581,0.008737484,0.0047594146,2.7372432e-06,0.0003901928,0.00142506,0.0007021122,0.018851003,0.8648929,0.006621072,4.8596215e-05,0.000789149,0.00035523032,0.010615743,0.011605406,0.00016675786,6.5141676e-06,1.300095e-06,7.8919265e-06,1.0214642e-05,0.0004543872,0.00011876884,2.0565309e-05,2.2290385e-06,2.723845e-05,0.0024455031,0.00030014696,0.0039048456,0.0054528294,9.783707e-05,0.00021960508,0.00017012983,0.002828437,3.7626036e-05,0.00039507757,0.016671667,0.0014654647,0.0005310509,0.00016914363,0.049508225,0.00019377902,0.00078388944,3.7378017e-05,0.0008986241,3.1005097e-06,1.4753438e-05,9.8926444e-05,2.0318475e-05,0.00039458412,4.9861515e-06,7.831697e-05
719524,Infectious Diseases,5.3678403e-05,1.2277455e-05,0.00027676334,1.920964e-06,0.0038371906,2.2183312e-06,0.00034762907,0.000100081175,4.911686e-06,6.07223e-05,0.00030420613,4.3111292e-09,0.00038661424,5.1049693e-07,4.4095646e-08,3.8171793e-06,0.00070204097,0.002597688,0.00058856525,0.026912166,3.2034008e-05,0.00086480426,0.122097366,0.00016621336,0.00014979241,8.496241e-05,0.0018604589,0.05065199,7.121843e-06,0.0013020199,1.7748013e-06,4.9332436e-07,3.9592123e-05,2.1406777e-05,0.09905134,0.00013672921,0.001485791,0.00011382026,0.0009685839,2.3881023e-05,0.0059555788,3.598507e-05,3.840623e-05,0.00015101516,0.0046637384,1.1075851e-06,7.8108644e-07,0.02814317,4.427622e-05,0.00011790515,0.0007374655,3.2127133e-05,0.022708546,0.030062018
718873,Biochemistry & Molecular Biology,6.488267e-05,0.0005020029,0.071287826,0.99537563,0.012203959,0.17311044,7.2666893e-07,0.00011943367,0.009921353,0.0058434475,0.0054285084,0.015270936,0.007515776,1.1761022e-05,6.991272e-06,7.93277e-07,0.00015850695,0.00079470576,1.1168588e-05,0.00079465506,3.0145438e-06,6.088111e-05,7.777367e-06,0.0002443854,0.00010759038,1.0479144e-05,1.9383876e-06,0.0045897793,1.3447416e-05,1.9763302e-05,0.00035641063,0.00028123977,8.247994e-05,4.566436e-06,0.0021005252,0.00091616705,0.001206434,3.0242565e-05,0.00032247743,0.00044320975,0.0003292833,5.799387e-06,0.001695276,5.607112e-05,0.0007389823,3.3919263e-05,3.4274013e-05,2.5751152e-07,7.567638e-05,0.0004772778,1.9005e-05,7.170412e-05,6.1925464e-05,1.6928725e-05
722374,"Biochemistry & Molecular Biology;Chemistry, Multidisciplinary",6.635809e-05,0.008507452,0.020003049,0.9355263,0.008187121,0.008162172,2.7005328e-06,0.0003630754,0.0036288886,0.00035561674,0.043018084,0.6970155,0.014333015,2.1042653e-05,0.00059647544,9.3422226e-05,0.0021389925,0.008649205,6.5659326e-05,1.3322081e-05,9.886804e-07,8.558017e-06,8.443911e-06,0.0003420879,5.019329e-05,1.0804599e-05,1.7624799e-06,7.195338e-05,0.0008409514,9.9965575e-05,0.0015752458,0.0028377268,0.00011708614,7.744271e-05,0.00063201104,0.0010476441,2.382145e-05,0.00023062961,0.0059591313,0.0015198382,0.00046033773,5.6860612e-05,0.025439238,0.00013417694,0.0004275393,2.789142e-05,0.0003596705,2.3930586e-06,2.0253916e-05,0.0001201767,2.594864e-05,0.0004424921,9.885476e-06,3.420244e-05
718667,"Chemistry, Multidisciplinary",0.0002152593,0.005283256,0.020246089,0.13321427,0.0106856795,0.0006978219,9.862519e-06,0.00079289975,0.0021333953,0.0016795418,0.0071992083,0.5662287,0.019803517,0.00027627876,0.0016393274,9.8181474e-05,0.0054977746,0.0040308638,0.00023923322,0.00013052624,7.4592986e-06,4.635644e-05,2.2678953e-05,0.00056603854,7.938794e-05,4.203627e-05,8.754239e-06,1.2349839e-05,0.010579166,0.0018401203,0.0040868972,0.0017706276,0.0001882614,0.0008111831,0.00069097395,0.0004248957,5.741425e-05,0.00029294717,0.021037966,0.0014197994,0.00014259506,0.000105825806,0.0064258096,0.0003321923,0.0007640306,1.4013596e-05,0.0006148601,0.0005238985,2.7425974e-06,9.253027e-06,5.840004e-05,0.00044463476,4.7025155e-06,0.001287503
719125,Biochemistry & Molecular Biology,0.00010589294,0.001982766,0.024841722,0.9922069,0.012437898,0.053846475,4.6571e-06,0.00031719718,0.0050890977,0.0015470028,0.017367108,0.3184235,0.0071816295,1.6900658e-05,0.00010702391,1.755575e-05,0.0004903843,0.0027606885,6.1044004e-05,0.00012935547,1.1162389e-06,5.567635e-05,7.727823e-06,0.0005420886,5.247853e-05,5.724486e-06,4.586998e-06,0.0010898608,0.00024600196,3.9948325e-05,0.0019878792,0.0016184219,0.00012748124,1.8994599e-05,0.001831729,0.000578423,5.8223603e-05,8.7571025e-05,0.0013231914,0.0008335229,0.0010624352,2.0481346e-05,0.006207678,0.00010159563,0.0005050727,8.874112e-05,0.00022560706,1.1732886e-06,7.541623e-05,0.00040742644,3.1161322e-05,0.0004129012,2.0019865e-05,1.5970701e-05
720253,Biochemistry & Molecular Biology,0.0009880898,0.00094837736,0.10538187,0.8021697,0.0044667656,0.040639978,9.1095135e-06,0.0017464234,0.0044632093,0.0013206067,0.01930526,0.0032920982,0.014152452,0.000102665836,8.672677e-05,1.3261694e-05,0.0015700003,0.003646195,7.111088e-05,0.0030433682,6.226561e-05,0.0011239037,0.00030582765,0.00046320062,0.0005540234,6.350995e-05,1.7829045e-05,0.0043236576,3.434619e-05,0.0002958025,0.0013551222,0.00043459216,0.00016114335,1.7821347e-05,0.030037744,0.0042489097,0.0069813337,0.00059045374,0.0014929362,0.0037658291,0.0015002671,7.020377e-05,0.0038787,0.00019427668,0.0057261707,0.000106599604,0.00012763546,5.0375696e-05,0.0003141725,0.0013361472,0.00023646679,0.001244551,0.003349998,0.0004631951
720111,"Biochemistry & Molecular Biology;Chemistry, Multidisciplinary",0.00012532294,0.016190547,0.014637505,0.78697336,0.03284795,0.0059671416,1.0854928e-05,0.00035117404,0.004165344,0.0023183927,0.037460122,0.8714548,0.018353604,8.510805e-05,0.001284107,0.0004845557,0.013304306,0.01696816,0.00029392127,4.168502e-05,2.5888012e-06,1.574585e-05,1.8519313e-05,0.0014123659,9.370461e-05,5.3522046e-05,9.126869e-06,0.000107671265,0.005758786,0.00055419037,0.005082103,0.0050696996,0.00046150206,0.00037302996,0.00021945649,0.0015313071,3.457007e-05,0.00053514406,0.020318566,0.0016253268,0.001303319,0.00023801396,0.050528906,0.00052663666,0.0013105155,8.6443986e-05,0.0009349399,1.0435116e-05,2.7630596e-05,0.00012873861,2.8955945e-05,0.00039728032,1.1385413e-05,0.00015698986
599148,Biochemistry & Molecular Biology,0.00146479,0.008941132,0.07925787,0.20218001,0.07419517,0.0053169723,0.00015464907,0.0018660537,0.0038174577,0.016925145,0.018597435,0.17193037,0.047096618,0.0012901226,0.0010954478,0.00014975056,0.043418374,0.005947158,0.0008152327,0.0070786765,0.0002001535,0.00079968106,0.00032965647,0.0046738894,0.0005263915,0.00043524223,0.00021007606,0.001199264,0.0042620413,0.007414635,0.01048035,0.0030997586,0.0012008436,0.00095643057,0.0011859998,0.0038989857,0.0014659824,0.002221414,0.023325806,0.0022779633,0.003293663,0.0005508586,0.014056626,0.0018908484,0.017093927,0.0001412829,0.0016557594,0.0006870142,7.0464004e-05,0.00024298878,0.00010747421,0.0005218581,0.00015125006,0.008143675
616537,Parasitología,0.0012451179,0.10218283,0.03298948,0.0025635436,0.00419034,0.0007208312,8.499564e-05,0.011815075,0.0019140809,0.006092608,0.0022470667,0.009270556,0.0020795478,0.0012449869,0.0008914104,0.0066744573,0.048288107,0.041412774,0.000980926,9.654625e-05,0.002712188,0.00040170996,0.010770018,0.0010136744,0.20686881,0.0060621807,0.0009167259,0.00025620812,0.0007911681,0.09050743,0.0008783031,0.0063377167,0.00045376885,0.008218589,0.0014999699,0.32167283,0.06433561,0.021800438,0.127019,0.011492842,0.0003515512,0.009138187,0.105112866,0.001820884,0.113738514,0.00017117707,0.004263936,0.00027369842,0.0012438656,0.0021316172,0.0014603623,0.0017336657,0.0011063868,0.017503085
751294,Cell Biology,8.138101e-06,0.028148346,0.000548964,0.00024301776,0.005629398,7.575435e-05,2.0132063e-06,3.547266e-05,0.43529227,0.00050553895,0.0004818798,0.0011786827,0.00039991643,1.0692252e-06,3.960149e-05,0.00042833577,0.0007864176,0.0221429,8.874908e-06,3.343063e-06,4.891903e-06,3.0862564e-05,0.005554008,4.7010948e-05,0.006595664,0.00252413,7.015056e-05,1.3492608e-05,0.0057989825,0.0028630774,5.5942826e-07,0.00011397938,0.0013712412,0.0418069,0.0031010732,0.0036482515,0.0011738009,0.0030835806,0.010692774,6.167078e-05,3.8926214e-06,7.763429e-05,0.0039716363,0.00092762266,0.00049194734,2.9611735e-07,0.0001293751,5.001406e-05,5.3453645e-05,0.00011980198,0.008260496,5.337927e-05,0.0004910703,0.0008034284
746357,Parasitology,0.015958378,0.049758915,0.06271989,0.13287851,0.07313729,0.022265106,0.014706301,0.055563632,0.011337515,0.02320918,0.113035075,0.016384933,0.10421504,0.004417122,0.007621798,0.015719164,0.093509875,0.2415402,0.0078460425,0.06255701,0.0027257472,0.011170771,0.06829122,0.021122694,0.026783815,0.015430925,0.010757051,0.05144083,0.009096256,0.04241795,0.02045677,0.008759384,0.009043889,0.00576356,0.24382761,0.106579825,0.026867203,0.023106497,0.10559564,0.043643452,0.05542254,0.024540335,0.11193649,0.012320435,0.08231671,0.008230639,0.00927128,0.034356914,0.011701897,0.026222564,0.041718505,0.04627552,0.105437085,0.069778934
731021,Parasitología,0.00065949716,0.0826631,0.12287816,0.030842,0.07046549,0.008201923,0.0001679473,0.0040899976,0.0057454235,0.022230886,0.024562249,0.019848565,0.050842408,0.0005779959,0.0002936353,0.0008389001,0.0720025,0.048235454,0.0011047065,0.0011759754,0.0029940202,0.00021405789,0.00806137,0.0046008066,0.033652976,0.030728016,0.001005277,0.0037787973,0.0007298044,0.019334985,0.000619441,0.0019368127,0.0036857075,0.002352352,0.001989686,0.32183865,0.11487634,0.007841305,0.0930432,0.0059187994,0.006373537,0.0016200437,0.15042654,0.013857554,0.16712919,0.0002293138,0.0008230232,6.718578e-05,0.0008942317,0.0024189742,0.00077295647,0.00067455566,0.015885953,0.019255556
746356,"Chemistry, Multidisciplinary",0.00044628963,0.02493602,0.059984304,0.008326307,0.014863727,0.0009952271,2.6721636e-05,0.0088603925,0.000622994,0.004656314,0.0046537425,0.5818118,0.010767586,0.00045230333,0.0025469884,0.0020191022,0.03720612,0.020747101,0.0054139537,2.2403947e-05,0.00012608372,7.253517e-05,0.00037969722,0.001508841,0.0013649968,0.00011023347,5.3168387e-05,3.365291e-05,0.0059946766,0.025484715,0.0035818235,0.009930918,0.0004732684,0.009836092,0.00039162138,0.003932182,0.00052038854,0.0016054912,0.14877982,0.013073528,0.00017526631,0.0014901104,0.020980632,0.00067888043,0.005521485,3.601463e-05,0.0038611589,0.0035395976,1.3929867e-05,2.277364e-05,0.00020500844,0.00073962443,1.1388062e-05,0.0057234787
724914,"Chemistry, Multidisciplinary",0.00046413363,0.104997,0.027405698,0.0036865447,0.08322329,0.0008440807,2.4889658e-05,0.0031082989,0.0019268419,0.033173863,0.0034973808,0.3430878,0.007148029,0.00040433035,0.0016586389,0.0044491184,0.25033456,0.21502101,0.0021643136,5.7860892e-05,7.1098075e-05,0.00015942611,0.0015193276,0.0035256052,0.0054501896,0.00043198097,0.00016259776,0.00015225804,0.008073962,0.13658641,0.0024862485,0.017922891,0.0012260877,0.015318564,0.00033709852,0.01320044,0.0009186959,0.008157857,0.32516888,0.0072309496,0.00043156047,0.0069239237,0.063412696,0.0009432395,0.019110525,9.607438e-05,0.008815033,0.0033498309,0.000105032595,0.0001264642,0.00030741727,0.0006033145,4.2448937e-05,0.017842367
636868,Parasitology,0.010210024,0.010972387,0.084729515,0.017947316,0.049314175,0.0046017678,0.0018283442,0.013845413,0.008864347,0.01142479,0.012957425,0.00071123923,0.03934963,0.0012036591,0.0005696333,0.00024851,0.041348215,0.06611118,0.0020228145,0.09382014,0.0019146512,0.049526848,0.04808363,0.008404198,0.010814892,0.00067459256,0.0054721544,0.017321104,0.0010691945,0.04749344,0.0018793001,0.0019528006,0.00199581,0.0018084843,0.17442903,0.008980936,0.02808112,0.009060511,0.02149939,0.0131786885,0.0040965388,0.0017434151,0.019805826,0.0021835275,0.070494466,0.00064195675,0.0020259242,0.0468975,0.003087918,0.0050367876,0.007361507,0.0068871714,0.014809259,0.06758864
631135,Patología,0.001072923,0.14828196,0.0073936544,0.00012438704,0.0027573653,0.00013753746,4.5048553e-05,0.019237425,0.00066510215,0.0011907637,0.0025052454,0.013736931,0.00068926683,0.00039614804,0.0025553887,0.05621116,0.08779931,0.11299578,0.0030024126,4.670145e-06,0.0005434308,0.00031449078,0.05731587,0.00088963914,0.081064455,0.0004239716,0.00045135667,0.00029425352,0.0011378883,0.08377119,0.00071738416,0.032416113,0.00048690176,0.024395052,0.004097916,0.07831169,0.0019449133,0.013077398,0.14894432,0.022064453,0.00019700573,0.07103801,0.071793474,0.0013480778,0.016095065,0.00031210453,0.028179366,0.0032822355,0.00094496296,0.0012917202,0.010554165,0.00219608,0.00048524284,0.0071379854
731400,Plaguicidas,0.0007686089,0.26603824,0.025146808,0.0039866054,0.011940778,0.00075901934,7.477931e-05,0.010015458,0.0052693915,0.0033215736,0.024130376,0.13037361,0.008362407,0.000725218,0.0032016963,0.013003647,0.07485896,0.088977985,0.0016727175,3.83664e-05,0.0011081859,0.00016216561,0.017714346,0.0021554746,0.057030763,0.007978859,0.00042401813,0.00023418562,0.004941511,0.031073872,0.0009052567,0.014609778,0.0012899875,0.022579666,0.0020429941,0.22251198,0.008691842,0.015955953,0.22639547,0.0139546525,0.00092792325,0.009600575,0.29123566,0.011368697,0.030290402,0.0002884642,0.0081089875,0.00048450864,0.00060107786,0.0015291746,0.0042135804,0.0014891806,0.0012776966,0.012280821
737316,"Biochemistry & Molecular Biology;Chemistry, Multidisciplinary",9.16545e-05,0.006072944,0.05313558,0.9835847,0.016013684,0.04647358,2.186117e-06,0.000255902,0.010245368,0.001974976,0.019637322,0.43244186,0.011006618,2.4405143e-05,0.00014850534,2.1305803e-05,0.0011429746,0.0052618156,5.184447e-05,6.387767e-05,2.0818698e-06,4.009699e-05,9.334151e-06,0.00051579514,0.00011360925,1.4710533e-05,4.3636783e-06,0.00039768938,0.0002826079,0.00010524815,0.0012107943,0.0029662594,0.00013977288,4.2923122e-05,0.0010758485,0.0015185609,0.0001578057,0.00017011311,0.0033825613,0.0011434681,0.00064169226,3.386206e-05,0.0146054,0.00015762374,0.00086031674,4.9863003e-05,0.00032729248,9.742337e-07,6.857088e-05,0.00048848975,2.6465417e-05,0.00027914465,2.0275445e-05,3.3732173e-05
727117,Plaguicidas,0.0022911404,0.16101371,0.08986587,0.19600134,0.17042623,0.020225137,0.00078704435,0.0051797256,0.021123497,0.07332469,0.05316085,0.19044842,0.09047484,0.003118358,0.0033541545,0.005387089,0.17803968,0.16981345,0.0024803295,0.0054731295,0.0011748266,0.000774137,0.0050944528,0.0152065195,0.0219401,0.022450853,0.0021869233,0.004365085,0.011823034,0.04195615,0.00873622,0.012413387,0.008452773,0.007113294,0.0043356377,0.1841907,0.027151443,0.01698288,0.1651054,0.01190445,0.015866293,0.008042008,0.23949471,0.01650751,0.11376837,0.0013367116,0.005184492,0.0005803295,0.0019061094,0.005132775,0.001416703,0.0033286402,0.006812682,0.028428478
727119,Plaguicidas,0.0008293912,0.16013701,0.09141862,0.051333405,0.06534273,0.007440382,0.00014912615,0.0055999374,0.014727092,0.022566594,0.029265413,0.10965197,0.05186704,0.000770226,0.0016325114,0.0022495694,0.1030215,0.19740598,0.00083790347,0.0007508039,0.0005815421,0.0003683575,0.0053990846,0.0036276905,0.019980177,0.00566918,0.0005749231,0.00075845467,0.004541817,0.039945856,0.0015278707,0.008844332,0.0024959466,0.005640812,0.00526253,0.1160705,0.015177841,0.009893349,0.18236305,0.0120718395,0.0018169103,0.0032436855,0.20936085,0.004881948,0.050521966,0.00026657924,0.0030958666,0.0005407904,0.0006086958,0.0015307639,0.0020332548,0.0022972526,0.0024995464,0.019934164
753915,Biochemistry & Molecular Biology,0.00038221414,0.00018293927,0.015906444,0.9205671,0.00025775167,0.005300113,4.501174e-06,0.0021103895,0.0009769688,4.0953822e-05,0.017069452,0.0013492678,0.0084085185,1.6189773e-05,0.00010785932,3.2770774e-06,4.459577e-05,0.0013383216,2.5767322e-05,0.00087771827,1.4713443e-06,0.00042895504,4.863725e-05,3.775097e-05,2.7184109e-05,1.6500315e-06,9.510495e-07,0.00021092084,6.118201e-05,1.6721919e-05,0.0010683419,0.0001806515,7.79379e-06,4.1634353e-06,0.36028585,0.00013117756,8.188356e-05,3.742232e-05,0.00027512692,0.0020902655,9.812466e-05,5.6810327e-06,0.00089715596,9.027579e-06,9.60524e-05,2.7149134e-05,5.9892616e-05,0.000165065,3.0629668e-05,0.00010890594,0.00056133507,0.004541573,0.00021831135,3.2917374e-05
732509,Biochemistry & Molecular Biology,0.006216633,0.046483945,0.09437215,0.2864152,0.03207066,0.01156143,0.0014319571,0.011939005,0.0104426425,0.008406265,0.12311724,0.23894557,0.10518109,0.005831137,0.011193585,0.0025248975,0.06432258,0.028243886,0.0032465372,0.008113822,0.0017311141,0.0025069083,0.0035556648,0.008129744,0.0049209013,0.0029902505,0.00082864735,0.0015365413,0.019569864,0.011937555,0.027605914,0.011109644,0.0028338744,0.0053123343,0.012040328,0.027820773,0.005850968,0.009718651,0.06168324,0.017641073,0.010169506,0.0030939952,0.09224829,0.008705119,0.026658908,0.0014589432,0.00557549,0.002192246,0.0007094798,0.0020154133,0.0019825576,0.0075838855,0.0014509397,0.01584064
727633,"Biochemistry & Molecular Biology;Chemistry, Multidisciplinary",0.00035977233,0.033647016,0.06008124,0.84879655,0.03894048,0.021955922,2.2334638e-05,0.0009334792,0.019254604,0.006638779,0.048616964,0.62778056,0.038058106,0.00024114428,0.0013149934,0.00037642522,0.010023171,0.023855468,0.00040953484,0.00023069183,2.4696961e-05,9.411789e-05,9.373089e-05,0.0019118548,0.00071047136,0.00043983283,4.2208514e-05,0.00035596188,0.0041206777,0.001448643,0.004240179,0.008072553,0.00081454933,0.0008180805,0.0016672759,0.0093536945,0.0008575136,0.0011866671,0.028946862,0.0040361257,0.002236935,0.0004192658,0.06304681,0.0014571028,0.0040781884,0.00017661123,0.0013612158,2.3870525e-05,0.00019563254,0.0011340852,0.00017622835,0.0008600098,0.00013419487,0.00066250586
637183,"Chemistry, Multidisciplinary",0.0057343673,0.11306991,0.11674516,0.18163651,0.057125848,0.036945883,0.0005438943,0.01864344,0.018832346,0.060560524,0.023341447,0.23286937,0.028299078,0.0041708243,0.0041698716,0.0049052523,0.13414042,0.1562459,0.013986603,0.0022285774,0.0008450178,0.008201979,0.020616047,0.01059256,0.020498546,0.0021574197,0.0012725779,0.002173344,0.055800226,0.047967996,0.026171392,0.12383217,0.0017227901,0.016348299,0.06823967,0.04291808,0.013357032,0.012385861,0.16744941,0.024330154,0.0064405915,0.007898992,0.15269344,0.007981102,0.027347606,0.0037999393,0.049841367,0.0040808637,0.0032549654,0.006367144,0.02203978,0.015191638,0.0017717994,0.01603846
636861,"Biochemistry & Molecular Biology;Chemistry, Multidisciplinary",3.8649312e-05,0.0210348,0.022381255,0.78556085,0.006435556,0.0032581475,9.5228927e-07,0.00022410399,0.0013390516,0.00045104788,0.015811302,0.823714,0.007789778,3.3721684e-05,0.00047613497,0.00010902907,0.005322268,0.006027755,7.753301e-05,3.1445038e-06,1.2836306e-06,3.2557236e-06,4.4898557e-06,0.00028985064,0.00010881521,1.4192718e-05,1.3335749e-06,1.0134601e-05,0.0010727751,0.00020697842,0.0013734219,0.0041448637,4.4256336e-05,0.00016227437,8.150504e-05,0.003661977,4.0944808e-05,0.00019802892,0.015654888,0.0012409983,0.0001681614,6.338163e-05,0.06326728,0.0001488511,0.0007461616,1.3894496e-05,0.00054543745,8.071029e-07,6.3451075e-06,5.8813337e-05,6.808991e-06,0.00017148061,1.8646555e-06,5.9247122e-05
632724,Farmacología,0.0025048952,0.017479723,0.023731025,0.0032804764,0.035070024,0.0006174799,0.00034683011,0.02398788,0.0010226006,0.002867463,0.038192205,0.0045841313,0.02251999,0.00021552177,0.0018019851,0.0012436546,0.04916662,0.120873496,0.002059252,0.0012536319,0.00038738287,0.001067504,0.031588055,0.0026626596,0.0024321063,0.00021192171,0.0003952755,0.003551986,0.0010148813,0.023804676,0.0007381461,0.004580573,0.00096394774,0.0040620063,0.034697678,0.0030322964,0.00066860113,0.0039739474,0.07547689,0.027625853,0.0013677713,0.0037820549,0.018672721,0.0005961023,0.017796943,0.00011788604,0.0023249015,0.107641704,0.00032141482,0.00040522034,0.0044094175,0.005789448,0.0016641957,0.034218844
721166,"Chemistry, Multidisciplinary",8.576209e-05,0.1172156,0.003868904,0.0008329564,0.0013178149,5.006813e-05,2.349491e-06,0.0021278437,0.00017921295,0.0005466856,0.0032073301,0.29304454,0.0008871386,0.00015112535,0.0015538335,0.018658383,0.0970678,0.060685642,0.00027111947,5.2178035e-07,3.436857e-05,6.0326956e-06,0.00084338925,0.0005015991,0.015433593,0.00040480262,2.143779e-05,1.2544654e-05,0.00064352923,0.01263347,0.0006112075,0.004854215,0.00013897616,0.0039061145,7.931242e-05,0.15721968,0.00069886446,0.004030751,0.18026102,0.003937159,0.00015312828,0.00951447,0.20423038,0.00095043844,0.007872545,3.7169757e-05,0.0033706992,4.7954065e-05,3.213553e-05,0.000103994535,0.00014077123,0.000327343,3.980534e-05,0.0011967364
681726,"Chemistry, Multidisciplinary",0.00067003863,0.14297952,0.097976044,0.024560668,0.08852748,0.004763278,5.52618e-05,0.0070008244,0.011029605,0.022823546,0.014357522,0.28916085,0.04205372,0.00041096582,0.0022357104,0.0012187167,0.057251677,0.13783231,0.0013559174,0.00020532105,0.0003542242,0.00023061817,0.0021797721,0.003270541,0.006107022,0.0009958466,0.00023201844,0.00040788171,0.00407849,0.052767072,0.0009860928,0.016174598,0.0022656235,0.00911309,0.002121311,0.021445736,0.0031464621,0.0063590254,0.21866974,0.022504902,0.00030456507,0.0026388126,0.093508966,0.0017199885,0.023637293,0.00011756375,0.0052581066,0.0018529298,0.0002103926,0.00032857337,0.0010323249,0.0012312123,0.00024781606,0.017336337
731818,Biology,0.0003606487,0.0011241891,0.005253095,0.011198843,0.037761442,0.00011584056,0.00012572318,0.0005010945,0.00033019524,0.008078187,0.0031106654,0.004153961,0.013911102,0.00041819143,0.00013022228,3.481297e-05,0.020352244,0.0051547284,0.0006956904,0.02018745,1.8046536e-05,0.00037786967,0.00043570859,0.0011207524,0.00011595196,0.00010678659,0.00011112307,0.00020570237,0.014483051,0.0070046806,0.004441384,0.0004514806,0.00014807604,0.00061953516,0.0026573974,0.0002581858,0.00012742751,0.00037846435,0.013213684,0.00014450506,0.0006884696,0.000113289796,0.0029465929,0.00034491136,0.003221795,1.8916451e-05,0.00031287855,0.013477597,4.2276283e-06,1.0462498e-05,9.6147975e-05,0.00017408823,2.5712434e-05,0.020487413
730803,Patología,0.0006200145,0.13363372,0.05939193,0.00838971,0.048307464,0.001452419,5.829199e-05,0.0070631295,0.0038860196,0.015876219,0.013794054,0.21670672,0.030737055,0.00050300057,0.0026195857,0.002220418,0.1024656,0.13965805,0.0011673371,0.00015648306,0.00037935693,0.00014734997,0.0024431695,0.0030197278,0.008379166,0.0009887862,0.00021668056,0.00018057748,0.004241976,0.063261606,0.0011612582,0.01250132,0.0014305504,0.01227952,0.0012227917,0.027794939,0.002547285,0.0073040333,0.22944815,0.016052462,0.00030095674,0.0030671444,0.10196931,0.001813862,0.028880876,9.026035e-05,0.004213917,0.002805559,0.00011812921,0.00019729693,0.00073143584,0.0010608843,0.00016022284,0.022005474
699973,"Chemistry, Multidisciplinary",0.0010349216,0.15749955,0.065883085,0.014267918,0.08220361,0.0019189215,7.258998e-05,0.0048913327,0.021544708,0.0148314405,0.023291636,0.49555355,0.030474816,0.0012778706,0.0067744525,0.0032793167,0.105533175,0.078100346,0.001754489,0.00012941494,0.0005834152,0.00036413295,0.0033770807,0.005645773,0.0080831405,0.001256179,0.00032991898,0.00022122392,0.016733214,0.04796571,0.0023571644,0.028136656,0.0034074083,0.032176837,0.0009594146,0.016186059,0.001956828,0.012639853,0.20226261,0.011851831,0.0005801912,0.003993162,0.12384461,0.006397383,0.019095585,0.00016587091,0.010630236,0.002493202,0.00018064515,0.000283217,0.000941108,0.0013308068,0.00013694816,0.013550109
729955,"Chemistry, Multidisciplinary",0.00010279926,0.10270043,0.00324887,0.00038611458,0.0014633714,3.2296943e-05,2.7509536e-06,0.0024102025,0.00014380485,0.0005598048,0.0029771677,0.26984045,0.0007213934,0.00020535121,0.001863339,0.026784645,0.1334077,0.056627087,0.0004379393,4.450982e-07,3.9443566e-05,6.4789833e-06,0.0014831151,0.00053035835,0.013956925,0.0003007723,2.0861627e-05,1.1286118e-05,0.0009919652,0.015765497,0.00075790694,0.007297674,0.00012674066,0.006647706,9.170828e-05,0.0963415,0.00041069635,0.0038023172,0.18386798,0.003818506,0.00013638819,0.0137857525,0.15186323,0.0010074918,0.006444678,3.8824703e-05,0.004915546,0.000120325545,2.6448537e-05,7.441566e-05,0.00018379668,0.00036715777,2.9318919e-05,0.001440963
728545,Multidisciplinary Sciences,6.705086e-05,0.001238211,0.0024652167,0.0075926357,0.0118573615,7.495165e-05,4.546516e-05,0.00016890236,0.0035827463,0.002005239,0.003202806,0.0037944233,0.021054843,0.00010793196,9.973753e-05,3.59674e-05,0.0020806557,0.0025839629,0.0003152283,0.001692623,4.4640724e-06,5.1542334e-05,0.0004423015,0.00024575743,0.00012406046,0.00021038497,5.384692e-05,1.4646043e-05,0.15735069,0.0010237324,0.0003745683,0.00034717037,8.01616e-05,0.0036662524,0.019841215,0.00013241798,5.2155832e-05,0.00016584815,0.011632189,6.6765206e-05,0.00019086378,1.7675951e-05,0.00272076,0.0008148378,0.0003890837,5.320073e-06,0.00011120172,0.004801652,1.47752e-06,4.425364e-06,0.0017968169,0.00043304593,3.614886e-05,0.005388436
754687,Multidisciplinary Sciences,0.0001017853,0.009394383,0.013738385,0.007428053,0.007613388,0.000703726,7.4429486e-06,0.0018041081,0.004777879,0.001657915,0.0029461854,0.038781777,0.0048552696,5.4391036e-05,0.00039487664,0.00024372431,0.003761947,0.018619578,0.0015103568,1.4641113e-05,8.08589e-06,0.00013829219,0.0020449879,0.00016522151,0.00049935817,2.492201e-05,1.9346835e-05,9.775648e-06,0.07538247,0.0027160586,0.0003142405,0.010370883,5.3622072e-05,0.012892104,0.029837722,0.00024659184,6.846222e-05,0.00036068787,0.05699182,0.0015015175,4.1244246e-05,8.9673194e-05,0.009771734,0.0003741044,0.00029206896,1.4112587e-05,0.0026799394,0.0050249444,7.608015e-06,9.262633e-06,0.009161736,0.0016745116,1.447634e-05,0.0018129357
720322,Enfermedades infecciosas,0.0011700735,0.10288661,0.023423692,0.0009822554,0.010037016,0.0002912645,3.1316562e-05,0.0076537076,0.00046321494,0.004031141,0.005248431,0.05656626,0.001761535,0.0011202054,0.0014342861,0.012375622,0.35257646,0.07714019,0.0015881918,3.0177083e-05,0.00047894169,0.0002442333,0.017096387,0.0023918233,0.03920936,0.00082632963,0.00023707654,0.00022213384,0.0016563869,0.053257838,0.002898746,0.017775118,0.00025229205,0.008036958,0.0006275474,0.07723726,0.0037238752,0.01559441,0.13960496,0.0075912895,0.0013004671,0.024107432,0.11385052,0.0027111112,0.057821754,0.00016955474,0.0111540705,0.0009245318,0.0002616701,0.00046591472,0.0006464892,0.0012533566,0.00031056374,0.011179269
754854,Rheumatology,4.6041703e-05,3.9740484e-05,0.0007818938,0.001432854,0.0015210857,8.777371e-06,5.248504e-06,0.00085703336,5.5840497e-05,2.2931948e-05,0.0004344861,0.0015916532,0.0012398298,2.5028407e-06,0.00010065639,4.1196886e-06,0.00012358405,0.0016688178,7.2991395e-05,0.00014545368,3.270682e-07,8.289581e-05,1.1610765e-05,3.7708807e-05,1.305171e-06,4.2026386e-08,4.719349e-06,7.919279e-06,0.00012733994,0.0004857822,0.00021612264,1.9298572e-05,2.3459434e-05,2.5787627e-05,0.0008823314,1.1548925e-06,3.4577852e-07,2.6327343e-05,0.0019833199,0.0003391647,2.1025726e-06,1.735622e-05,6.447043e-05,5.638858e-07,4.674955e-05,2.336593e-07,1.4292944e-05,0.43447283,4.858224e-08,9.304702e-08,9.200602e-06,5.482613e-05,4.1702043e-07,0.00071685313
690968,"Chemistry, Multidisciplinary",0.00016887339,0.0031740193,0.01718944,0.30559394,0.0038020606,0.0006082194,1.8205891e-06,0.0006756854,0.0002667369,0.0005361404,0.0044161174,0.8310163,0.0049381615,0.0001880255,0.0014336382,7.4594696e-05,0.0070244293,0.0010945402,0.00027195903,1.4705217e-05,2.7215603e-06,2.1993454e-05,5.0012864e-06,0.00023010773,2.6882968e-05,3.5811552e-06,9.083039e-07,3.914963e-06,0.004332252,0.00056614587,0.012287168,0.003798176,2.3540675e-05,0.00032251893,0.0001254266,0.00019145542,1.2837778e-05,0.0001319983,0.013207021,0.001208795,7.955482e-05,7.0219365e-05,0.0044400776,5.740281e-05,0.00029889625,1.0553519e-05,0.0011686694,7.84038e-05,1.083363e-06,3.9460074e-06,8.7272565e-06,0.00027916435,3.0278386e-07,0.0002061459
659553,Biochemistry & Molecular Biology,0.00087278115,0.012512274,0.04299726,0.83613455,0.01570614,0.017197698,9.674383e-05,0.0016654362,0.09181931,0.0031187881,0.093830526,0.10483984,0.072091565,0.00033237037,0.0021408782,0.000189054,0.0013082688,0.011990262,0.00046933966,0.0021142461,5.81797e-05,0.00061230443,0.00063395454,0.0012495233,0.0005456819,0.00076191814,6.153208e-05,0.00048020636,0.016307296,0.0005342458,0.002845842,0.004054827,0.0010320741,0.0017503541,0.08616158,0.0014154057,0.0008861218,0.00063373306,0.008174506,0.0040633916,0.0015819519,0.00013046926,0.018965242,0.0023625875,0.00089099596,0.00024332796,0.00095570687,0.00026146037,0.0003415916,0.00095146766,0.0036455921,0.005192193,0.0007093159,0.0006433226
662613,"Chemistry, Multidisciplinary",0.0009915059,0.008515645,0.021444038,0.22803223,0.03081975,0.0018528388,0.0001606109,0.0014939829,0.00052403484,0.0063685114,0.039430145,0.65375996,0.011621712,0.0023398518,0.0030330862,0.0027462554,0.13109533,0.0056585325,0.002000914,0.0007089688,0.00011217547,7.814366e-05,0.00016730989,0.0052662534,0.0005668938,0.000997646,0.00010796046,0.0005755122,0.008149346,0.0039589107,0.072582155,0.0036488322,0.0010269474,0.0011555661,7.11566e-05,0.00988847,0.0005089585,0.0019473002,0.035484456,0.0013448265,0.03404273,0.0019217,0.025667168,0.0045577595,0.01457192,0.00024448373,0.0021317322,0.000116125244,3.6602207e-05,0.00020289718,2.1993517e-05,0.00056497427,8.3504165e-05,0.0027556873
672821,Análisis cromatográfico,0.0022198108,0.3607687,0.053602576,0.008482197,0.056957494,0.0065650144,0.0006014801,0.011632002,0.07183509,0.028765017,0.020690838,0.04615577,0.02428552,0.001304994,0.0032639308,0.012986236,0.07426428,0.20448767,0.005567636,0.00054839737,0.0029661793,0.00244886,0.09937627,0.004339253,0.11521203,0.017357916,0.0040409933,0.0018249664,0.037915964,0.09455342,0.0010698129,0.049476013,0.004035114,0.08498863,0.045340713,0.13425054,0.03408109,0.026211478,0.25906616,0.0156103475,0.0016209193,0.01173883,0.22135063,0.024449484,0.04564007,0.0009978485,0.03379479,0.0024797926,0.0051966333,0.010366475,0.085963964,0.005746731,0.0070609064,0.040114433
659558,Cell Biology,0.0019585143,0.232676,0.117157474,0.1802564,0.3180758,0.039212037,0.00095494144,0.0039167316,0.3522454,0.08228531,0.049540456,0.09335938,0.09841612,0.0012292741,0.002737481,0.0024866092,0.05209853,0.17108302,0.0020045473,0.008069144,0.0020724148,0.003403107,0.01681829,0.012681936,0.031730093,0.027902042,0.0060919677,0.0068536634,0.018093958,0.04293869,0.0013767356,0.015310998,0.02542288,0.026885662,0.014303472,0.08160886,0.040126327,0.018844059,0.120275795,0.011576114,0.0036804578,0.004289733,0.21494062,0.021065973,0.064712346,0.00089825847,0.00896988,0.0010148818,0.004687083,0.012308238,0.007808656,0.002613565,0.010510435,0.026418133
766209,Biology,0.024499673,0.05376834,0.115692385,0.026955117,0.3312397,0.00732351,0.014710862,0.042525347,0.0110699525,0.072781,0.051537927,0.026629517,0.16326365,0.008458227,0.009544156,0.0034704495,0.14321224,0.085458554,0.016958442,0.1155434,0.015701843,0.016806277,0.033891637,0.05635512,0.011978338,0.008521868,0.020551143,0.072606154,0.007542246,0.11956195,0.012785239,0.013641312,0.023870751,0.020377971,0.023211138,0.02062556,0.014180003,0.021551201,0.10119944,0.028432839,0.019508507,0.017025122,0.038994126,0.015048989,0.146352,0.002642539,0.011926284,0.12108836,0.0039340616,0.0052660657,0.0045342883,0.008416593,0.011335019,0.2363514
764372,Biochemistry & Molecular Biology,0.0027833616,0.005250275,0.032632113,0.93412364,0.034662247,0.019951724,0.001655817,0.0031850925,0.0078137545,0.0074039325,0.15032376,0.09126618,0.06205367,0.002310306,0.0032751549,0.00024991736,0.0049125873,0.00329872,0.0008134847,0.08560382,0.0002571746,0.0013398229,0.00023277494,0.0073906593,0.00034571183,0.00073089823,0.00045920172,0.014636163,0.0023463971,0.0007493104,0.03926621,0.0014315979,0.0031097562,0.00025186306,0.002658946,0.0035681957,0.0007966445,0.00091407483,0.0033425698,0.0033305536,0.016541164,0.00055521866,0.016779352,0.0027660523,0.008165133,0.0012623932,0.0010187174,0.00023581924,0.00051306415,0.0023969384,0.00014144398,0.0019271941,0.0005109929,0.0015582355
663498,Biology,1.7354814e-05,0.020758357,0.010824334,0.008894839,0.30993447,0.0013516789,1.5861462e-05,8.455821e-05,0.08471611,0.013259866,0.0038335852,0.05961806,0.018464297,2.5730415e-05,0.00017459744,0.00014683326,0.0043730442,0.011297649,0.00019741718,5.930421e-05,3.111865e-05,1.1731304e-05,0.00029249393,0.00092786265,0.0007464347,0.003484868,0.00017243272,0.00025264348,0.0047733127,0.0036202145,3.5993067e-05,0.00023458028,0.030486848,0.010436895,8.131739e-05,0.0037617164,0.00061387784,0.00049680815,0.029543985,0.00035153862,0.00019681235,0.00017908927,0.00830712,0.0023572505,0.0030196845,4.656651e-06,0.00015592616,7.663725e-05,1.6404278e-05,3.4638084e-05,7.521104e-05,2.8118158e-05,0.00015304916,0.0021752391
683567,Infectious Diseases;Microbiology,0.00092902646,5.3416396e-05,0.0010088687,1.2906633e-05,0.0045555835,4.1117088e-05,0.00019698976,0.000891833,3.3569886e-05,0.00012617258,0.0007935836,2.5255527e-08,6.288362e-05,1.1864095e-06,4.3563546e-07,9.817598e-06,0.00088725484,0.0046952334,0.008889982,0.0028549267,0.00013847837,0.047030687,0.49177068,0.0006896365,0.00033845278,6.037167e-06,0.0043213917,0.6114737,1.0361911e-05,0.002525553,7.0344763e-06,7.705656e-05,0.00010751388,0.00015442741,0.1451774,4.9420472e-05,0.001165137,0.00042904235,0.002594842,0.00042451534,0.014119182,0.00023211802,8.56128e-05,8.573053e-05,0.0076060463,9.605424e-06,0.00011298318,0.098817475,0.0011088331,0.0014230616,0.004277711,0.00026330687,0.008242963,0.014721897
665629,"Chemistry, Multidisciplinary",0.0019720327,0.006009603,0.008695713,0.013984367,0.012254289,0.00014291289,7.827067e-05,0.011223089,4.992933e-05,0.00070431473,0.058791254,0.17370218,0.0062080193,0.0012794848,0.0070857485,0.0050811027,0.10854405,0.0057564797,0.0031912236,0.00013243339,0.00013981007,0.000100601406,0.00096266007,0.0028831572,0.00016834238,4.7957543e-05,5.2232088e-05,0.00095882884,0.0011244424,0.0026315693,0.044116277,0.005070803,0.00025225527,0.0008379734,0.00022144003,0.0010453071,3.0430205e-05,0.0009962508,0.032965817,0.004546621,0.0042983694,0.0044151237,0.00839593,0.00042470437,0.008229402,0.00013306059,0.003674586,0.0051948465,2.5269093e-05,2.5640691e-05,3.300737e-05,0.0017107446,4.6794998e-05,0.0038456935
679862,"Chemistry, Multidisciplinary",4.5695156e-06,0.0014103922,0.0038812677,0.012549846,0.0013722131,4.611037e-06,1.7278214e-08,3.9165112e-05,7.491863e-05,4.1966658e-05,0.0010867887,0.9895827,0.0024711948,1.3073187e-05,0.0010966115,1.3620052e-05,0.0010554368,6.831979e-05,8.579336e-06,4.0046753e-08,2.5574622e-07,2.6642764e-08,3.893335e-08,2.5897001e-05,2.4221981e-06,1.1119731e-06,3.6970842e-08,4.754626e-08,0.00049155456,0.00018427943,0.00021809539,0.00023010443,4.7833717e-05,0.0003687703,7.316186e-08,3.279008e-05,2.6526376e-07,3.359865e-05,0.010820071,0.00025923387,1.3167619e-06,6.56616e-06,0.0010198273,3.1387845e-05,8.303837e-05,7.678947e-08,4.9067756e-05,2.5211457e-06,5.1930984e-09,1.679569e-08,2.8265976e-08,3.208637e-06,1.4529271e-09,6.984971e-05
668736,Análisis cromatográfico,0.0049769706,0.30177087,0.061990425,0.009751964,0.0521005,0.00655986,0.0009488378,0.038048763,0.03550508,0.01706578,0.07577733,0.06478404,0.034177512,0.0018487226,0.010480865,0.02244728,0.10364534,0.24289057,0.008124705,0.000583381,0.0058281273,0.0028648614,0.14011152,0.009325929,0.07222482,0.010018134,0.0029037353,0.005163321,0.012562274,0.072734624,0.0020245346,0.0700948,0.008453233,0.0627296,0.037783924,0.10687982,0.016190348,0.02997472,0.201998,0.06275156,0.0033577282,0.023890803,0.2144478,0.023178501,0.05948814,0.0018164987,0.039574545,0.009544674,0.007250281,0.010717363,0.061848614,0.01117073,0.012435509,0.042868804
789511,Plaguicidas,0.0001412666,0.34409878,0.015372191,0.0020424589,0.0038207322,0.00022060297,7.823368e-06,0.0035404775,0.0014696829,0.0020091438,0.0071667642,0.2887529,0.0047537917,0.00033023462,0.0020609186,0.0075024175,0.04931127,0.08240992,0.000799074,2.327533e-06,0.00018144945,2.2267792e-05,0.002011797,0.00095329835,0.020558458,0.0008448025,6.706121e-05,1.5385725e-05,0.004325727,0.021726899,0.0005872877,0.022787223,0.00018750025,0.013535675,0.00044115915,0.13680817,0.0017160295,0.0039328043,0.30134144,0.008044343,0.0001013084,0.0036748634,0.39324322,0.0031927393,0.0088934945,7.645892e-05,0.010315168,9.6503536e-05,6.1093444e-05,0.00021730788,0.00077807484,0.00054853724,4.7485035e-05,0.003152257
759183,"Biochemistry & Molecular Biology;Chemistry, Multidisciplinary",0.00010548889,0.007526903,0.034860175,0.9521996,0.024949802,0.013416875,3.669241e-06,0.00024421207,0.0045772367,0.0018885146,0.023395114,0.7470471,0.016036058,4.892917e-05,0.0004203481,3.4801848e-05,0.0023445818,0.0033445721,0.00013637752,5.310636e-05,2.2593888e-06,2.4229224e-05,5.3255403e-06,0.00075664703,4.065781e-05,9.200427e-06,4.897701e-06,0.00016613113,0.001139789,0.00017762334,0.0026219175,0.004427175,0.0001846731,9.87003e-05,0.00023721356,0.0005336857,2.5190922e-05,0.00015500352,0.0063202437,0.0011031827,0.0005300165,3.7809303e-05,0.018694386,0.00018965449,0.00076890417,4.540623e-05,0.00063544617,2.319078e-06,2.0482224e-05,0.00011250241,1.0277698e-05,0.00022668646,3.4276784e-06,4.7735564e-05
636915,"Biochemistry & Molecular Biology;Chemistry, Multidisciplinary",2.4971447e-05,0.016980613,0.016803505,0.7201581,0.0058670375,0.0020985273,5.651429e-07,0.000139694,0.0007171398,0.0003939795,0.014977248,0.8319198,0.006943762,2.2980657e-05,0.0003225171,9.758783e-05,0.0072304667,0.006176574,5.099082e-05,2.3969621e-06,7.530292e-07,1.6326724e-06,3.2133407e-06,0.00023393723,7.5711025e-05,1.1997045e-05,8.0169997e-07,6.291078e-06,0.00077097066,0.00017632065,0.0011921222,0.0026025479,2.8812956e-05,0.00010691895,4.124212e-05,0.0035770002,2.951259e-05,0.00017556219,0.016141426,0.0009517433,0.00015551662,5.6009765e-05,0.06591291,0.00011120076,0.0008224615,8.43764e-06,0.0003163582,5.642091e-07,3.389626e-06,3.4850338e-05,3.444433e-06,0.00010857858,1.5406147e-06,5.338986e-05
767659,Biochemistry & Molecular Biology,0.0013127321,0.000109397944,0.019076172,0.3621858,5.2497653e-05,0.0015047876,1.1093399e-06,0.0004254488,0.021882387,6.865975e-06,0.0012179201,0.00015896192,0.0008414896,3.223135e-05,0.00021047326,4.8987846e-07,3.3859833e-05,0.00041740586,1.4140539e-06,0.0015077163,6.185057e-06,0.036791053,4.5634693e-05,2.1492651e-05,3.8108446e-05,1.914364e-07,1.1602244e-06,1.6442023e-05,1.915535e-05,6.4009626e-05,0.0003173218,8.432195e-05,1.1412448e-05,7.226658e-06,0.19075385,1.5945543e-05,0.00019320194,0.00032414528,6.766589e-05,0.0011800982,1.7751178e-06,2.9588437e-06,0.00017410617,3.1184265e-06,6.0904335e-05,6.5281292e-06,5.3853546e-05,0.00047658812,1.7643531e-05,5.752238e-05,0.00013728326,0.0016111342,5.0083985e-05,3.135323e-05
658533,"Biochemistry & Molecular Biology;Chemistry, Medicinal;Chemistry, Organic",0.0012513516,0.03661723,0.09789017,0.67235625,0.06854859,0.009324422,0.00057781494,0.002670704,0.019436339,0.003171368,0.5051806,0.067687616,0.42574212,0.0009416062,0.004104394,0.00032406868,0.010092531,0.015283574,0.00040827892,0.010138841,0.0009333014,0.000111925765,0.0010163583,0.0033947933,0.0011819071,0.0056219557,0.00029879253,0.003912398,0.0020144342,0.0012277828,0.0023319575,0.001670374,0.0043702424,0.00092806254,0.0056149787,0.022777418,0.0022673402,0.0014508597,0.021986898,0.007351754,0.0061024223,0.00045909997,0.08399044,0.0076688277,0.015611527,0.00024651922,0.00049433176,0.0001308822,0.00025596737,0.0010257268,0.000307602,0.0017284357,0.0033070394,0.0043143397
717063,Biochemistry & Molecular Biology,0.00030785403,0.0034376201,0.011865661,0.066561386,0.013414457,0.0004689097,5.043059e-05,0.0018490808,0.00047069343,0.0010737962,0.025351336,0.053159803,0.03245955,0.00016819764,0.0008158296,0.00028240078,0.017490271,0.014131067,0.000108103355,0.00092270406,1.515666e-05,2.9164874e-05,0.00016224016,0.0005770147,0.00019447999,0.00026634758,2.3896173e-05,0.00016772568,0.0009300551,0.0020227684,0.002556939,0.00024473955,0.00034245386,0.00020027721,0.0019339425,0.0024648742,0.00017080453,0.0005913191,0.018979164,0.0016093741,0.0011009363,0.00039627193,0.00888269,0.00025552578,0.004895944,2.4043036e-05,0.00012147353,0.0009656906,9.43352e-06,3.711316e-05,7.245588e-05,0.00085642806,0.00026300197,0.0035288753
669289,"Chemistry, Multidisciplinary",0.001788753,0.2722205,0.1473134,0.12099361,0.23138252,0.019510897,0.0003942891,0.004569934,0.046777967,0.104747996,0.036354173,0.29585582,0.10931318,0.0031042707,0.0034734753,0.0031586827,0.107364796,0.100169875,0.0037781175,0.002083978,0.0026614356,0.00063970155,0.004323641,0.013215089,0.026594803,0.02597213,0.0021288896,0.0022161724,0.023170022,0.055810537,0.00404497,0.02658686,0.008443578,0.020127948,0.002562905,0.13466153,0.02995996,0.016950607,0.26055437,0.011459687,0.00459336,0.004234715,0.2648904,0.025876598,0.09701376,0.0008875279,0.010312437,0.000423037,0.0012483336,0.0025663516,0.0016018746,0.0018185586,0.0022009285,0.03342197
675596,Farmacología,0.0014447677,0.088167064,0.037336208,0.0015158175,0.1683023,0.0022972603,0.0004327558,0.0057255845,0.014119712,0.041773554,0.0046095476,0.004169181,0.01452153,0.0002339843,0.00033707215,0.0016740564,0.13489403,0.23199442,0.0021367394,0.002190291,0.00064013276,0.0027423222,0.09447204,0.0048927343,0.032372743,0.0033925758,0.0032649606,0.0036610288,0.005408142,0.15332922,0.00027589683,0.00567809,0.0031914602,0.02580329,0.024939794,0.02691996,0.015068523,0.017296398,0.1297096,0.0073215966,0.0013406347,0.0065941866,0.03880956,0.0033813363,0.070464864,0.00016906286,0.0038643586,0.01539028,0.0018862493,0.0026838344,0.015175032,0.0016571671,0.0053496365,0.103880525
674608,Parasitology,0.0018884348,0.00036062393,0.021090228,0.004780013,0.00013393753,0.00033066998,2.4715619e-06,0.011333672,0.0003574464,1.12854295e-05,0.00032267455,0.00020374513,0.00034717764,1.9831043e-05,0.0001931509,4.2658803e-06,0.00011596777,0.0014362537,0.0003172047,2.2775574e-05,1.1237661e-05,0.0270011,0.00059381855,3.2734715e-05,0.00011127893,8.476809e-09,7.287958e-06,3.297805e-05,4.2985055e-05,0.0010652026,0.00019987505,0.0011290363,4.2335914e-06,0.00010308579,0.26235485,1.1784318e-05,5.06852e-05,0.00012331728,0.0019494958,0.009683355,1.2305251e-06,1.4623837e-05,0.0002927414,1.3466014e-06,0.00016169099,6.5675194e-06,0.0010679811,0.05485719,1.3276576e-05,1.0916603e-05,0.0013501105,0.003699292,5.558023e-06,0.0001356595
686372,"Chemistry, Multidisciplinary",0.00028474673,0.1639044,0.05868008,0.00754582,0.1766761,0.0016432623,3.097062e-05,0.0016086148,0.048078727,0.015629102,0.00956134,0.18691462,0.023756694,0.00028146242,0.0014572527,0.0009128737,0.048704244,0.069130294,0.0005367921,9.100577e-05,0.00037228086,0.00014798655,0.0028435537,0.0031023768,0.010479145,0.0025615974,0.00034030474,0.00026232083,0.0053031556,0.044595942,0.0002551217,0.00678636,0.006711061,0.024025805,0.00045963444,0.024932576,0.0041485494,0.008500713,0.15519299,0.0045445883,0.0002393863,0.0016086586,0.10083667,0.004449828,0.020501532,3.816293e-05,0.0032937478,0.0006883387,0.00011747913,0.00022983125,0.0004701445,0.00029986782,0.00023548267,0.011853278
687064,Biochemistry & Molecular Biology,0.0040026475,0.008790028,0.06376468,0.2654378,0.03615956,0.00553433,0.00027185792,0.016888695,0.0021294532,0.004580827,0.04728228,0.19957587,0.042282138,0.001033304,0.005036458,0.00041558623,0.020809898,0.015797567,0.0022465182,0.004260756,0.00022372865,0.001758032,0.00065602956,0.0053566615,0.00033138384,0.00010156472,0.00019987162,0.0039694123,0.001887334,0.0059810076,0.015949044,0.006727324,0.001440085,0.0007809291,0.0044207466,0.001827495,0.0003730852,0.002883382,0.026971227,0.014873694,0.0020043764,0.0017238049,0.01663697,0.0005490778,0.00851548,0.0002968699,0.0037831475,0.009225474,0.00017318394,0.0003128973,0.00029694347,0.0027715717,0.00020887768,0.007399963
686373,Patología,0.0014359623,0.2320384,0.083218485,0.0088649085,0.057348896,0.003922384,8.884053e-05,0.009471271,0.0149405375,0.01771165,0.01903967,0.17669728,0.01319487,0.0009878417,0.002723919,0.008208521,0.15895961,0.16961294,0.0034508954,0.0001216496,0.0011925418,0.00074198656,0.019507054,0.0052061547,0.046841126,0.004005363,0.0008037595,0.0007309429,0.007087557,0.087987475,0.002081019,0.034746245,0.002589287,0.026037417,0.0026975872,0.10459918,0.013698299,0.027248902,0.2924285,0.017225403,0.0017960772,0.010058763,0.21349436,0.009079506,0.049875867,0.00038479158,0.017953074,0.0013789814,0.0010672066,0.0018831366,0.0040691444,0.0018424639,0.0013053898,0.018180272
683927,Rheumatology,0.0043884986,0.0069869915,0.039318807,0.0045944653,0.07929859,0.000594412,0.0011004017,0.022066211,0.0010652649,0.0040217335,0.025045363,0.0012748193,0.059163094,0.00036743018,0.0010068925,0.0001783951,0.019651955,0.032145794,0.0028487095,0.019657379,0.00146811,0.003613322,0.013648385,0.0057213865,0.00091019704,0.00019524716,0.0013761122,0.018323751,0.00040298104,0.021681936,0.0007853688,0.0016297293,0.0017393228,0.001705021,0.023209484,0.0011065976,0.00078115315,0.002347784,0.029616166,0.012091839,0.0010623134,0.0015483496,0.0067022243,0.0005457815,0.023575442,0.00010482798,0.0013117635,0.17968304,0.00025977148,0.00028949766,0.0010145212,0.002323546,0.001592687,0.07091506
682335,Rheumatology,0.00021411564,0.00026116244,0.0034891046,0.0003341123,0.0016161073,6.4994856e-06,2.6172538e-05,0.0084663965,0.00010785664,1.9431001e-05,0.003964725,0.00015589688,0.0089633325,4.233696e-06,0.00028419722,6.734204e-06,0.00027413038,0.0054169125,8.934508e-05,0.0003384431,8.090928e-06,0.0001875251,0.0004407062,7.429817e-05,1.6554392e-05,2.862676e-07,1.21971425e-05,4.592852e-05,4.7776273e-05,0.0012471541,2.824474e-05,6.797439e-05,3.2614935e-05,0.00017573939,0.022877257,5.5846954e-06,3.060912e-06,5.6458615e-05,0.004743087,0.0031115646,1.9364254e-06,2.829092e-05,0.00032779956,2.518829e-06,0.00020081298,4.0499765e-07,5.1172377e-05,0.7654075,5.47889e-07,9.1499925e-07,0.00020452718,0.0005836625,8.272432e-06,0.0029343131
679780,"Chemistry, Multidisciplinary",0.0014838943,0.02142258,0.036140632,0.0074225357,0.038603775,0.0009788662,4.8395275e-05,0.01370091,0.0011506485,0.010118608,0.004785458,0.34582293,0.010199201,0.00066853734,0.0038745569,0.0020405855,0.074582085,0.038430158,0.0056382986,0.00010424919,0.00011458375,0.0005011102,0.001245358,0.0024280376,0.00096897944,5.4681284e-05,0.00011734054,0.00017024277,0.010499025,0.04724752,0.0069564455,0.024356635,0.0005482406,0.010931154,0.0017557397,0.0010328621,0.00021703764,0.0030045074,0.17366713,0.012519712,0.00023402066,0.0030389172,0.014023259,0.00034422203,0.0071016345,9.2837436e-05,0.0108101135,0.04097695,3.663084e-05,3.7397986e-05,0.0007152591,0.0017324943,1.909316e-05,0.012757866
684885,Biochemistry & Molecular Biology,0.0002707712,0.0017047198,0.020859102,0.1592284,0.0010846184,0.00077091774,2.8271857e-06,0.002779163,0.0009496939,0.00016533861,0.003793499,0.07831027,0.006855484,6.383194e-05,0.000713436,2.9077451e-05,0.00084481173,0.003335001,0.00011402361,5.0548213e-05,2.8204183e-06,0.00012601918,4.9735114e-05,8.9393405e-05,5.576259e-05,3.292411e-06,1.6543457e-06,9.699991e-06,0.0012141931,0.0004703814,0.0014537375,0.001138481,2.1588048e-05,0.00015534161,0.021560477,0.00014740069,4.7485668e-05,0.0001263197,0.0058999504,0.0031094914,2.9711397e-05,3.595303e-05,0.0021708698,2.892906e-05,0.00019679133,7.6241686e-06,0.00036603012,0.0011811107,3.3280423e-06,8.516568e-06,0.0003270956,0.002198376,1.2355895e-05,0.00028396913
680334,Genetics & Heredity,0.026175853,0.03611157,0.026808303,0.11372701,0.2790933,0.0045254836,0.23691219,0.024354452,0.023721647,0.022694496,0.07671053,0.05978144,0.09818879,0.01973838,0.051144034,0.014124192,0.039298322,0.025168011,0.01245469,0.5898215,0.016410412,0.01995699,0.013132574,0.07177145,0.0051169377,0.011919391,0.1295207,0.062330488,0.0123356,0.05901151,0.061468653,0.0034406565,0.06603891,0.012926938,0.007273351,0.014788367,0.0025353127,0.016277123,0.048458632,0.020078667,0.028609961,0.024006879,0.022558628,0.032350168,0.05976543,0.00780213,0.007492457,0.10132412,0.0035091613,0.008093256,0.0017049649,0.007015186,0.005267537,0.10093933
659625,"Chemistry, Multidisciplinary",0.00015082951,0.051092695,0.07238451,0.033440795,0.009278154,0.0009440437,5.463792e-06,0.0024354497,0.0038056513,0.001037591,0.015333977,0.553174,0.024800282,0.00016525241,0.0019635896,0.0002686334,0.013004634,0.018389234,0.00022330838,1.208383e-05,5.0873474e-05,2.5514437e-05,0.0001612977,0.0003690883,0.0007944657,7.178691e-05,9.831783e-06,8.219461e-06,0.0027495772,0.005436253,0.0005181271,0.006135783,0.00020789339,0.0031196375,0.0005600401,0.0036278563,0.00030168385,0.0009789505,0.081332974,0.00860931,3.1367254e-05,0.00026447375,0.04750198,0.00040158612,0.0024349494,1.1137987e-05,0.0012562495,0.00022017307,6.8438276e-06,2.228075e-05,0.00014406918,0.0005320694,9.364554e-06,0.0016057037
666773,Biochemistry & Molecular Biology,3.401333e-05,3.3568478e-05,0.002311195,0.99913114,0.0026736027,0.012695603,1.2134757e-05,4.1714768e-05,0.001649209,0.0003202754,0.024580615,0.009398373,0.0035451218,1.4908296e-05,2.357626e-05,3.416562e-07,6.90284e-06,2.522953e-05,4.2674997e-06,0.01697473,5.751188e-07,1.8506795e-05,5.8182655e-07,0.0001336896,1.492889e-06,2.0587795e-06,1.4074843e-06,0.0033695893,1.8622368e-05,7.0609997e-07,0.0024236874,1.2504294e-05,7.713169e-05,4.717783e-07,0.00019415077,1.7725375e-05,5.564424e-06,1.8316722e-06,1.1814566e-05,4.9320613e-05,0.00043867575,9.2182046e-07,0.00015467027,3.3672393e-05,6.753374e-05,2.6583848e-05,4.768708e-06,2.59113e-07,5.4647717e-06,5.9176993e-05,1.0061144e-06,4.10967e-05,3.7573147e-06,2.5421868e-06
760603,"Chemistry, Multidisciplinary",0.0012061686,0.011693401,0.027519694,0.30640376,0.08568972,0.0031987561,0.00023824397,0.0016833823,0.00084455416,0.024130704,0.037702255,0.52641404,0.032975752,0.001774234,0.0022205345,0.0010222124,0.13226251,0.010983212,0.0016977383,0.004175908,8.423724e-05,0.00018016933,0.00016875956,0.008676724,0.00035591927,0.0009114011,0.00017795018,0.0013530294,0.010674339,0.006306147,0.05034595,0.0036933266,0.0012287808,0.0009932347,0.00021266134,0.0054232106,0.00047757587,0.0022336193,0.045613814,0.001632534,0.02266873,0.0015119404,0.03810331,0.002545339,0.021224633,0.0003071352,0.0019538717,0.0003128493,6.365141e-05,0.00024437864,3.6763442e-05,0.00054660667,9.331432e-05,0.0060502486
667844,Immunology;Parasitology,0.0053805425,3.842268e-05,0.015632624,0.022415156,2.222532e-05,0.0013242101,7.7736263e-07,0.0012843192,0.0012515326,3.1106151e-06,9.447595e-05,4.5098277e-06,2.043776e-05,6.2216704e-06,1.8323783e-05,1.576518e-07,2.251002e-05,0.00019293648,2.299004e-05,0.00018979542,7.7408195e-06,0.70976174,0.000846794,1.43555235e-05,6.238965e-05,8.8920576e-10,6.698265e-06,0.00011160731,3.4759435e-06,0.00011479406,0.00013937507,0.0004900846,1.4129822e-06,8.02136e-06,0.43528783,3.1203574e-06,0.00012739908,0.00013502147,5.740062e-05,0.0019632836,1.148866e-06,1.5196601e-06,8.073073e-05,8.0587614e-07,0.00013961464,1.4726449e-05,0.00052337715,0.0026573874,7.8388315e-05,0.00011302403,0.0005896933,0.001019567,1.0645607e-05,2.3447714e-05
668102,"Chemistry, Multidisciplinary",0.00030948815,0.17900927,0.0145944385,0.0038298592,0.0076733576,0.00033971333,1.8617804e-05,0.0050754533,0.0010972102,0.0026133799,0.012448398,0.25843558,0.004930105,0.00047926916,0.0024898686,0.012801824,0.102065325,0.07145118,0.0008130938,1.0784022e-05,0.00031053944,3.0153376e-05,0.0027299826,0.0013777962,0.028283378,0.0036137032,0.00011060347,8.6003274e-05,0.0018714446,0.021097483,0.001022301,0.007090511,0.0006949582,0.008998073,0.00026763356,0.21689856,0.003842294,0.008844132,0.21798313,0.008554406,0.0005794366,0.0083002485,0.24946089,0.003646368,0.026203325,0.000116900614,0.0040868814,0.00015085682,0.00014918702,0.00035989154,0.00044776037,0.00068538915,0.00030048285,0.0058931247
760601,Biochemistry & Molecular Biology,0.0116186,0.024129806,0.07658491,0.32824963,0.07260717,0.010091279,0.0049868766,0.021352021,0.010042515,0.0066050286,0.27937722,0.0335978,0.17810607,0.0029143852,0.008971485,0.001485849,0.038082212,0.050912973,0.0028775819,0.0698819,0.0022261334,0.0060925535,0.009640078,0.0142248925,0.0021474578,0.002507774,0.0028231272,0.031949505,0.0033871003,0.008868781,0.015235152,0.004999701,0.0067708474,0.0016450539,0.03466402,0.013090044,0.0030304345,0.009841577,0.035112206,0.024682567,0.025673186,0.004569205,0.058786962,0.0053910734,0.037279874,0.0019817606,0.0032429625,0.012211934,0.002179433,0.0047586383,0.0021391453,0.011379367,0.010206628,0.02786014
737204,"Biochemistry & Molecular Biology;Chemistry, Multidisciplinary",3.262704e-05,0.014226104,0.012542724,0.62360907,0.008908706,0.0017051144,9.0545154e-07,0.00020033047,0.0012924378,0.00042550836,0.016369976,0.9245984,0.008301395,2.508805e-05,0.0007558053,0.00019824468,0.0084569305,0.008423939,8.318507e-05,2.352289e-06,6.550167e-07,2.4014398e-06,3.808111e-06,0.00030580547,4.3871132e-05,9.843172e-06,9.987351e-07,7.800037e-06,0.0019384117,0.00025985352,0.0015846519,0.00335992,8.273241e-05,0.00021224261,4.888276e-05,0.0011930258,1.215433e-05,0.00027580425,0.017687226,0.0011263296,0.00015600795,8.644481e-05,0.041427143,0.0001296144,0.00051366707,1.0946931e-05,0.00049038406,2.4999972e-06,3.641878e-06,2.2609758e-05,6.7063957e-06,0.00014059937,1.3270792e-06,6.614423e-05
668442,"Chemistry, Multidisciplinary",0.00012816844,0.008451075,0.13282463,0.065353885,0.033381578,0.0021829614,1.1247008e-06,0.0006335746,0.0008203564,0.007870275,0.0016467297,0.69847953,0.008825767,0.00016449574,0.0003464271,4.6768993e-05,0.026868943,0.0024101862,0.0002882781,1.7603563e-05,1.9106968e-05,2.4680809e-05,1.4561895e-05,0.0005761112,0.00015781714,1.5916494e-05,4.700166e-06,1.9106566e-05,0.0011932283,0.0057161883,0.0017580611,0.00524366,0.00013336352,0.00078378076,3.419448e-05,0.00072232063,0.00021825016,0.0006862872,0.038876317,0.00200524,7.22666e-05,0.00013384293,0.006055151,0.00014812236,0.004506602,6.3690727e-06,0.0012775601,5.700873e-05,2.2056488e-06,5.6285667e-06,5.8571645e-06,6.551972e-05,1.0325925e-06,0.0009418942
680798,Biochemical Research Methods,5.5643388e-05,0.0034316038,0.37276623,0.011069706,0.07456157,0.0031641782,5.8691694e-07,0.00047802037,0.00112552,0.019069528,0.00018593622,0.012068302,0.011459433,2.7970607e-05,6.01693e-06,9.4565826e-07,0.006395198,0.002523614,0.000105506,7.2483315e-05,3.9788756e-05,9.827037e-05,5.1166568e-05,0.0004066188,0.0003313229,8.866778e-06,8.698781e-06,0.00011712299,4.787926e-05,0.008448634,4.2729214e-05,0.00077631744,7.296203e-05,0.0002605106,0.00031685233,0.0006762292,0.0038477953,0.00018892695,0.017055139,0.0011726174,1.4779745e-05,1.9861382e-05,0.0016947401,5.06323e-05,0.0060264864,1.5352261e-06,0.00016481619,5.3716038e-05,4.1361714e-06,8.419073e-06,1.3274259e-05,2.5592635e-05,7.396502e-06,0.0014821106
754606,Biochemistry & Molecular Biology,1.3000332e-05,7.640976e-06,0.002250366,0.9987912,0.0011134137,0.0041090585,4.248844e-06,5.0069175e-06,0.007485458,0.00016449245,0.022279024,0.00027438952,0.015072395,9.27837e-06,7.195719e-06,2.2108916e-08,1.0330801e-06,7.258493e-06,2.2388335e-07,0.18062851,4.6500165e-07,7.231939e-06,1.10523054e-07,3.5459678e-05,5.2821696e-07,6.4595433e-06,3.215145e-07,0.00043357955,5.79513e-06,3.0217032e-07,0.0004033175,8.030398e-07,4.4936525e-05,1.3565234e-07,0.00045523667,7.019585e-06,9.929535e-06,9.065022e-07,2.700507e-06,1.4423216e-05,3.0585827e-05,7.838619e-08,4.3075084e-05,1.737298e-05,2.5705986e-05,2.345799e-06,3.2932016e-07,2.581998e-07,9.034849e-07,1.9403818e-05,3.99725e-07,7.95682e-06,8.244213e-06,1.6955408e-06
689246,Biochemistry & Molecular Biology;Parasitology,0.00012858868,1.4821638e-05,0.00960799,0.9431046,3.097647e-05,0.0013839053,9.2495713e-07,0.0007439361,0.00038741482,2.7916353e-06,0.012469437,2.4143626e-05,0.008877327,1.9932083e-06,1.4287029e-05,8.929015e-08,1.5455533e-06,0.00013109516,2.3018035e-06,0.0015181763,2.996047e-07,0.00017450606,1.4889441e-05,3.4666907e-06,2.4459423e-06,1.4698335e-07,8.740693e-08,7.482924e-05,5.543328e-06,8.113575e-07,0.000120539364,1.3271525e-05,5.780248e-07,2.5010743e-07,0.80083543,8.410783e-06,1.7355243e-05,2.1440628e-06,2.042595e-05,0.000635359,9.477615e-06,1.6979911e-07,0.00011851813,9.919689e-07,9.6492e-06,3.047153e-06,4.841333e-06,6.8235866e-05,3.5298867e-06,1.6231885e-05,0.0003257317,0.003087635,0.00013009147,4.178411e-06
693620,Enfermedades infecciosas,0.00070641574,0.12036111,0.014665143,0.0020959396,0.02562299,0.00040161214,4.2669923e-05,0.0047381185,0.0015266067,0.0073216106,0.008032842,0.2769645,0.003356827,0.00094409095,0.0035175018,0.021310428,0.2954665,0.1286048,0.0024519514,2.717768e-05,0.00021284877,0.00015258622,0.0070058815,0.0033297734,0.016542954,0.001067135,0.0002251311,0.000177068,0.006585761,0.06328635,0.0036107702,0.020791998,0.0010743036,0.02142618,0.00047121054,0.049676962,0.0014187674,0.013163157,0.23481052,0.0071530566,0.0011907512,0.020578194,0.10513903,0.0036153812,0.01966927,0.00022531749,0.013286483,0.0017507775,0.00021223433,0.00034708346,0.0007440492,0.0010220965,0.00017441541,0.009200637
658353,Farmacología,0.0011147955,0.16275088,0.14144033,0.043856,0.16501902,0.022255126,0.00014185229,0.0086224,0.05670321,0.048568055,0.012567048,0.15049873,0.035242606,0.00032820203,0.0013947564,0.001699328,0.043464858,0.21906726,0.003012919,0.00056952395,0.00048690825,0.001527474,0.009588269,0.005422295,0.014571709,0.0017951372,0.0012190145,0.0020131213,0.006330559,0.07774731,0.0008579697,0.022300312,0.004871096,0.014048196,0.010450057,0.031106945,0.011624181,0.01152369,0.20860536,0.027017627,0.000809543,0.004052353,0.09876123,0.0035616576,0.03219381,0.00029093758,0.010285603,0.0026707558,0.0014580709,0.002055883,0.006747513,0.0019928634,0.0013910499,0.021496192
692432,"Chemistry, Multidisciplinary",0.0011874409,0.0015691888,0.0022080315,0.085043326,0.005818926,0.00026980074,0.00016479511,0.0016969077,0.000107415195,0.001106224,0.003309159,0.45144877,0.0007467143,0.0028009058,0.004636775,0.0048656506,0.04351432,0.0010846473,0.0020424353,0.000701013,3.6775993e-05,0.00032804874,3.0851028e-05,0.001008187,8.6398904e-05,3.3053835e-05,6.3132495e-05,6.069903e-05,0.0051936093,0.0024416035,0.2637912,0.0019259187,0.0001937275,0.000616484,2.0445672e-05,0.00042783932,1.6817168e-05,0.0005441507,0.010705983,0.00087475975,0.00096950255,0.0019230127,0.0033837492,0.0001581751,0.0018524528,0.0004709604,0.0023268135,0.0008482694,1.1294344e-05,3.9187944e-05,4.920308e-06,0.00036037565,2.500982e-06,0.000969769
715102,Zoology,0.007928789,0.0061726356,0.024308013,0.0019251491,0.082318135,0.00048715566,0.0048323674,0.00794131,0.0003311025,0.023552634,0.0034459988,0.00079221325,0.012542398,0.005425119,0.00062474085,0.0018128892,0.16569984,0.02468887,0.010241587,0.07954762,0.0043636286,0.009647069,0.0219268,0.011841081,0.0065020914,0.0014785919,0.008948373,0.012810929,0.003125049,0.07491056,0.012830529,0.002346183,0.00090131746,0.0036198758,0.008742681,0.0069967946,0.0079909535,0.007193304,0.040761232,0.0025920323,0.011817959,0.006788038,0.00679775,0.002858219,0.09657626,0.00060753524,0.002652569,0.08833321,0.0004672537,0.0006953541,0.0005495274,0.0029955623,0.00214278,0.17976987
688721,"Chemistry, Multidisciplinary",0.0012106132,0.15889789,0.0719288,0.05114343,0.060301464,0.0026204204,0.00016430794,0.005545963,0.043191146,0.006547909,0.13788381,0.47675923,0.09081392,0.0015878379,0.014804187,0.0029668673,0.05523146,0.06078357,0.00089635194,0.0003327134,0.00123224,0.00027256072,0.0034948143,0.006314104,0.0076767355,0.0033845115,0.00041378246,0.00044465173,0.010886403,0.016466206,0.002090961,0.015856681,0.007912265,0.021119751,0.0014935007,0.030687602,0.0025112198,0.010535671,0.12889777,0.016671808,0.0011666918,0.0027742684,0.2003927,0.013393106,0.019396322,0.00023645078,0.0050323545,0.0012072376,0.0002576485,0.00061194017,0.00109332,0.0018452845,0.00054031407,0.00902955
682327,Biochemistry & Molecular Biology,1.6470838e-05,0.0007294742,0.023813028,0.99705863,0.010680166,0.009232433,9.947133e-07,2.826328e-05,0.0027216233,0.00034106834,0.0737714,0.04399782,0.03721827,6.6011894e-06,2.8668679e-05,6.127757e-07,7.591656e-05,0.0003851503,2.5130894e-06,0.0004202798,4.8218794e-07,1.1686565e-06,4.657748e-07,0.00012682106,7.0052006e-06,9.454622e-06,6.247329e-07,0.0005494022,1.3470917e-05,4.981859e-06,0.0002595675,5.3412474e-05,3.863166e-05,1.2409831e-06,0.00017211356,0.00034490647,2.3905948e-05,7.790075e-06,0.00036278323,0.00014049135,0.00030731503,1.7871628e-06,0.0032045995,4.8521666e-05,0.0002664047,4.2550037e-06,7.0610186e-06,6.892848e-08,4.2977676e-06,7.4265015e-05,5.0484886e-07,3.0501415e-05,8.982083e-06,6.3124367e-06
764902,"Chemistry, Multidisciplinary",0.00014893543,0.10108491,0.015149016,0.005033305,0.0081409635,0.00026442838,8.052868e-06,0.0019786602,0.00041425173,0.0028808746,0.008276458,0.27815685,0.0043767453,0.00029128118,0.00090821524,0.0040223883,0.168903,0.07004239,0.00038141862,1.1253736e-05,7.3656556e-05,1.6362203e-05,0.0009593113,0.0012425665,0.008815928,0.0008414259,3.9815288e-05,3.4305926e-05,0.0013590124,0.015815392,0.0011314355,0.0044774543,0.00021148007,0.0027686092,0.00011977594,0.10773279,0.0015854789,0.0046626055,0.1700329,0.003946417,0.0005118521,0.0031471082,0.20928226,0.0016557798,0.02150071,4.1901632e-05,0.0018613888,7.987354e-05,4.0541967e-05,0.000111495414,9.987763e-05,0.00035555995,8.27564e-05,0.003797754
764904,"Chemistry, Multidisciplinary",0.0006366413,0.1134344,0.01987347,0.0054663573,0.022961652,0.00056362693,4.9362305e-05,0.0067639113,0.0011330956,0.007111099,0.028207906,0.35637227,0.012659125,0.000837194,0.0052892463,0.013159776,0.22621535,0.14433199,0.0018833975,4.252154e-05,0.0001775395,8.3605606e-05,0.004253655,0.004551559,0.0070257997,0.000714855,0.00012734455,0.00022252984,0.0058221454,0.033772092,0.0038780428,0.019407934,0.0009856687,0.011589024,0.0008629349,0.034610588,0.0007926977,0.007731147,0.22048539,0.013750084,0.0013650124,0.011389413,0.13481562,0.002961815,0.018422415,0.00020614786,0.008328698,0.0019272639,0.00015744453,0.00023181281,0.00072815246,0.0017762833,0.00018158615,0.009492001
691228,"Chemistry, Multidisciplinary",0.0001064313,0.040704668,0.002967553,0.0012064978,0.0010949313,2.0951804e-05,2.0929199e-06,0.0024177916,0.00015861067,0.00015900376,0.009406909,0.6337958,0.0016751997,0.00029710605,0.008584832,0.0140318135,0.079936095,0.020486021,0.00022445747,3.2901315e-07,1.674895e-05,4.347711e-06,0.00027302862,0.00042195842,0.0012375768,1.945956e-05,4.11429e-06,4.307653e-06,0.0012503965,0.00423964,0.0020977117,0.008187483,0.000108920685,0.0055627613,6.0066148e-05,0.007819754,2.7171538e-05,0.001600584,0.08308977,0.0045641996,4.728318e-05,0.0051978882,0.058563367,0.00029386103,0.0011966669,2.717128e-05,0.0031609386,0.00027046367,5.9273984e-06,1.1487146e-05,5.2636708e-05,0.0004635403,2.7572364e-06,0.00045935914
765003,Biochemistry & Molecular Biology,0.0015567931,0.0018778123,0.029710546,0.21363327,0.022384616,0.002236118,0.00028934644,0.0016985766,0.001223475,0.005148966,0.02024554,0.0040820404,0.036889274,0.000969867,0.00034731498,7.162847e-05,0.016717976,0.0052899313,0.00029439357,0.071434826,0.00014041101,0.0012527091,0.0005793736,0.0016662115,0.00052300486,0.00058263395,0.00020274807,0.0025848597,0.00096472184,0.0030872459,0.009090826,0.00038749457,0.00047722206,0.00013014904,0.008296532,0.0040996857,0.0020176077,0.0011433553,0.007241685,0.0012673212,0.0042249416,0.00029083024,0.007521273,0.0006871196,0.0121456655,0.00020475156,0.0003643236,0.0010360383,0.0001104616,0.00043234453,0.00016385078,0.0008863739,0.0010949831,0.0076489253
690338,Patología,0.0001501996,0.1020875,0.0293779,0.012504216,0.034048963,0.0018064909,6.6124936e-05,0.0017374585,0.049427126,0.0065012868,0.016727557,0.03273159,0.023280345,0.00015805704,0.00057356904,0.0008571693,0.01114834,0.06519963,0.0010417645,0.000110191344,0.00011225764,0.0001844037,0.014657897,0.0007378335,0.008224982,0.0018710215,0.00024974943,9.510725e-05,0.063335665,0.0099266255,0.00015697458,0.010109748,0.00040992975,0.030440731,0.036919735,0.011251732,0.0022546237,0.0014857932,0.117839076,0.0020699943,0.0002312047,0.0003615234,0.077526115,0.0074014547,0.0025976868,4.449611e-05,0.0041857082,0.0007043218,0.0001429283,0.00033522391,0.023868429,0.0018360497,0.00041529973,0.0074882354
768409,Parasitología,0.0020223276,0.1473723,0.06365083,0.010429609,0.037053622,0.00596088,0.00021007327,0.02053419,0.004503941,0.015789097,0.020170417,0.020699017,0.011901275,0.0005862438,0.0011722825,0.0061965683,0.12920529,0.19068275,0.0021914968,0.0005056597,0.0017842274,0.00081084925,0.041697063,0.0038026064,0.08083139,0.008695516,0.0012217247,0.004825293,0.001047954,0.07205912,0.0011843594,0.009175031,0.002880692,0.005856662,0.0074151647,0.2560773,0.043291304,0.026024098,0.15627152,0.027412215,0.0035131439,0.015992489,0.16063783,0.0039271093,0.14850536,0.00055742473,0.0056023323,0.0011479952,0.0036876132,0.006053553,0.0058130003,0.0027148188,0.011918536,0.03419418
681213,Patología,0.00019327065,0.049017113,0.021106392,8.246358e-05,0.0486625,0.000105660445,1.5254541e-05,0.007180974,0.0011798228,0.0045141275,0.0027539816,0.017985241,0.005419628,4.343988e-05,0.00049518014,0.0012902166,0.044269804,0.09016706,0.0015225065,9.455235e-06,0.00024618543,5.037627e-05,0.011472935,0.0010189692,0.0079164915,0.0003651468,0.00010105792,0.00016804102,0.000797865,0.087065406,4.3528573e-05,0.0033405086,0.0017442725,0.032547507,0.00077165675,0.005687299,0.0009317212,0.0027818002,0.14944053,0.009653103,5.454062e-05,0.002710258,0.014140922,0.00061695155,0.009444695,7.954339e-06,0.0014757991,0.017324252,5.3126525e-05,4.0737137e-05,0.0011849095,0.00026620613,9.919311e-05,0.023428127
671873,Patología,0.00019327065,0.049017113,0.021106392,8.246358e-05,0.0486625,0.000105660445,1.5254541e-05,0.007180974,0.0011798228,0.0045141275,0.0027539816,0.017985241,0.005419628,4.343988e-05,0.00049518014,0.0012902166,0.044269804,0.09016706,0.0015225065,9.455235e-06,0.00024618543,5.037627e-05,0.011472935,0.0010189692,0.0079164915,0.0003651468,0.00010105792,0.00016804102,0.000797865,0.087065406,4.3528573e-05,0.0033405086,0.0017442725,0.032547507,0.00077165675,0.005687299,0.0009317212,0.0027818002,0.14944053,0.009653103,5.454062e-05,0.002710258,0.014140922,0.00061695155,0.009444695,7.954339e-06,0.0014757991,0.017324252,5.3126525e-05,4.0737137e-05,0.0011849095,0.00026620613,9.919311e-05,0.023428127
659422,"Biochemistry & Molecular Biology;Chemistry, Multidisciplinary",0.00019280682,0.0018369324,0.026967665,0.95083404,0.0072412184,0.010634876,6.4224237e-06,0.00020195876,0.0077642608,0.0012963483,0.015928809,0.49508056,0.012416323,0.00012741779,0.0004976258,2.0800106e-05,0.00086802104,0.0009054164,8.234014e-05,0.00038755577,3.3906379e-06,7.199553e-05,4.651183e-06,0.0005601645,3.6767018e-05,2.7068552e-05,5.041502e-06,0.00010233077,0.0017607211,0.00012003262,0.006507277,0.0010049724,0.00015688795,8.835818e-05,0.00068638916,0.00039062937,9.3906594e-05,0.00015475393,0.0020917272,0.00054737047,0.0009473658,2.864829e-05,0.0033325278,0.00039482283,0.00047199815,3.3546687e-05,0.0002701117,8.754331e-06,1.3633282e-05,0.00013327568,2.1932858e-05,0.00026620488,1.1293246e-05,7.5430115e-05
635957,Parasitología animal,0.0005891063,0.01931798,0.17219235,0.02710484,0.06479575,0.011539589,5.9951642e-05,0.0020627307,0.0024182412,0.0856113,0.0021820911,0.0025043255,0.01258265,0.00068139186,3.620979e-05,0.000101230275,0.054370303,0.017599523,0.0006527395,0.002710687,0.0017617295,0.00072565343,0.0031213344,0.0032372074,0.03344078,0.0064230515,0.0005750664,0.0046281363,0.0002985579,0.030297993,0.0007145414,0.0013593142,0.0009880549,0.0011080987,0.001402867,0.162468,0.3100979,0.0036915268,0.039315697,0.002111863,0.0028744782,0.0006718689,0.0327084,0.002872859,0.16495025,0.00012216726,0.0005052742,4.5452674e-05,0.000679825,0.0016743521,0.00022734857,0.00031031424,0.0035250122,0.017959075
789500,"Chemistry, Multidisciplinary",0.0008211965,0.13515802,0.0111992555,0.004927231,0.0057383296,0.00043036317,4.4795757e-05,0.0060513476,0.0008722507,0.00415742,0.0067779436,0.43345827,0.002991951,0.0019120923,0.0068689543,0.050813425,0.2569303,0.101675935,0.002019599,1.4318675e-05,0.00020950999,0.000114100956,0.0028176473,0.0042135045,0.028355895,0.0010887089,0.00022272384,0.00012717987,0.005180827,0.035983052,0.008438014,0.021753568,0.0006452224,0.011867624,0.0004722459,0.1539317,0.0024672623,0.011673129,0.21186958,0.008612364,0.0014719183,0.032863066,0.23370148,0.004018302,0.020391641,0.00046441596,0.018385626,0.0004482235,0.0002442724,0.00069091236,0.0005661648,0.0023117813,0.00018162736,0.004019255
729912,Rheumatology,0.0006886484,0.00032198863,0.0015978599,0.00012996748,0.018516788,2.4196828e-05,0.00025487322,0.003834461,8.4304666e-05,0.00038652465,0.0012340161,2.132066e-05,0.0013818579,1.8758867e-05,6.895777e-05,5.7760386e-05,0.0034058248,0.017071605,0.00224831,0.004492014,3.2899894e-05,0.003596771,0.0074499487,0.0007930011,0.00010520139,3.0540248e-06,0.0005633705,0.0040937895,0.0001664592,0.011880564,0.00022657432,0.0001294385,0.0001959656,0.00035882936,0.012667805,2.8047565e-05,3.035337e-05,0.00040474354,0.011827202,0.001194202,0.00012677244,0.0004884608,0.00037251375,1.2866201e-05,0.0020801171,8.40336e-06,0.0003161354,0.8273765,1.7198607e-05,1.7820785e-05,0.00027581662,0.00033525683,9.561357e-05,0.019477224
775547,Rheumatology,0.0019291516,0.017635008,0.016965084,0.00040055363,0.10137739,0.00040485756,0.0005128901,0.011118584,0.0022343975,0.0067636454,0.0061958665,0.00052556803,0.007979947,9.69398e-05,0.00043874807,0.00052650616,0.058599327,0.18338418,0.0019522933,0.0038883272,0.00043267373,0.004631619,0.08669103,0.0033141135,0.005554832,0.000235965,0.0018245191,0.00572521,0.0008280783,0.12278127,0.00018736477,0.0020744877,0.0022875236,0.008891102,0.023840606,0.0019543488,0.0015541931,0.005054785,0.05497271,0.010729447,0.000543366,0.004195373,0.009433304,0.00039966372,0.03040043,6.125743e-05,0.0020276823,0.2602081,0.00054492406,0.0006829723,0.0037980694,0.0012722424,0.0014173682,0.123922296
604140,Parasitology,0.00093728607,0.03558836,0.015060804,0.00037786175,0.000625624,0.00017609348,2.3244711e-05,0.026785204,0.00060225395,0.0001350869,0.005795544,0.00034207827,0.0023911211,4.507533e-05,0.0005586924,0.00074312376,0.00698094,0.11966794,0.00020954755,1.5251864e-05,0.00010287751,0.00068372686,0.037120383,0.00017482082,0.023085566,1.6668277e-05,6.909369e-05,0.00023570641,0.000106647174,0.024849957,5.022738e-05,0.0031375415,7.132094e-05,0.0014970561,0.18160836,0.00927053,0.0024338241,0.0017639087,0.037204295,0.03500744,3.490841e-05,0.0020224238,0.036425956,7.4388976e-05,0.008349802,2.7554157e-05,0.0018427373,0.007487077,0.0003901331,0.00060577365,0.020567644,0.006197127,0.00075459195,0.003607058
597311,Biology,0.00028077708,0.0083198175,0.015566978,0.00032838667,0.22400719,0.00012965208,4.0077186e-05,0.0010300432,0.00012248254,0.051143743,0.002541549,0.03365891,0.014308192,0.00022849755,0.00014874185,0.000358286,0.15579754,0.016900804,0.0045174393,0.00019479828,0.0003844636,3.0306603e-05,0.0013217242,0.007531268,0.00074709265,0.0011019827,0.00021779804,0.0033776327,0.0011960759,0.04048889,0.00061652606,0.002108906,0.0028157616,0.0069263303,5.7762096e-05,0.0029890013,0.0006872283,0.0016096574,0.11618877,0.00093743973,0.0029320177,0.0019954152,0.0035846804,0.002118651,0.03156014,2.205533e-05,0.00061467354,0.0033507368,2.2704746e-05,2.319303e-05,3.6385114e-05,4.9687183e-05,9.9467135e-05,0.034921866
789497,Patología,0.0013595653,0.18157873,0.03642136,0.0022877813,0.03805456,0.0009338163,6.15339e-05,0.00793778,0.003068451,0.01972325,0.0052912836,0.21130815,0.0050419327,0.0016469054,0.003517921,0.018981855,0.30528232,0.15762198,0.004110124,5.6058612e-05,0.0006096259,0.0004277482,0.010600434,0.004404646,0.0424081,0.0018217051,0.00055507023,0.00026396487,0.0090939235,0.14600648,0.004066096,0.037031833,0.0012981863,0.03420774,0.0009260407,0.06795033,0.0050252783,0.023049295,0.32567993,0.011705305,0.0010306838,0.02235835,0.13131653,0.004496689,0.043410547,0.00034458103,0.026919423,0.0029058233,0.00041593597,0.00060622685,0.0014685408,0.0016263756,0.00025714148,0.0192151
760706,Biochemistry & Molecular Biology,5.0238546e-06,5.1266597e-06,0.001913745,0.9997267,0.0005492576,0.009670267,4.0987834e-07,5.527233e-06,0.0014093785,6.9526744e-05,0.006156959,0.0025446902,0.0022739395,1.0569609e-06,1.9209785e-06,7.99267e-09,4.8264206e-07,4.8296524e-06,2.0532154e-07,0.0066284444,3.218589e-08,3.714767e-06,2.6853211e-08,1.8322069e-05,1.8560688e-07,1.5344725e-07,5.785284e-08,0.00031104498,1.8056462e-06,6.802896e-08,0.00028057373,1.583316e-06,6.3979705e-06,2.996841e-08,0.00020090528,3.5489716e-06,1.8860184e-06,2.7195782e-07,1.5723256e-06,1.3624288e-05,2.3640674e-05,3.0161832e-08,3.2825716e-05,3.7448876e-06,8.822377e-06,1.893754e-06,4.0046447e-07,2.4844399e-08,5.7942503e-07,1.2995349e-05,2.113514e-07,5.7172083e-06,7.2436353e-07,2.2951455e-07
756326,Farmacología,0.0018456806,0.21405053,0.047833364,0.0029616884,0.08507922,0.0020293505,0.00028005205,0.019694874,0.018641561,0.014630532,0.0388369,0.04624067,0.020168941,0.0006686291,0.0050446196,0.008995641,0.11903401,0.2436835,0.004177875,0.0002701225,0.001974441,0.0012078764,0.07522537,0.0053838375,0.03253098,0.0030555618,0.0012594674,0.0018653772,0.007268611,0.09513499,0.0007621076,0.035846055,0.0067782686,0.056737892,0.008114432,0.031783853,0.004192169,0.020060197,0.19402766,0.036174614,0.0011295957,0.014764064,0.13029043,0.005924029,0.039297864,0.0003554476,0.017720323,0.016688747,0.0017076924,0.0018488315,0.012836831,0.003281591,0.002039088,0.044490166
636654,Patología,0.00039424063,0.15803592,0.0076100025,0.00054662384,0.0031176717,0.00016702442,1.6316595e-05,0.0067552864,0.00037531886,0.0027442141,0.002928809,0.121733464,0.0017396498,0.0004919516,0.00271107,0.0406096,0.17789066,0.15883628,0.0016012798,2.6659625e-06,0.000111199915,5.907612e-05,0.0072174002,0.0016662918,0.0319715,0.00031656006,0.00011379475,6.95664e-05,0.0031623796,0.05160183,0.0017383569,0.031418853,0.00021748777,0.012597178,0.0014310001,0.08835229,0.0011234466,0.006406525,0.24122371,0.010184314,0.0002854153,0.031871755,0.16395006,0.0015955801,0.01136957,0.00020477461,0.024901612,0.00081997464,0.00015735178,0.00037215155,0.0020222533,0.001908583,0.000116659525,0.0037806288
789502,"Biochemistry & Molecular Biology;Chemistry, Multidisciplinary",2.5756142e-05,0.0028570816,0.016205426,0.97690916,0.005580021,0.010230548,3.3404552e-07,6.988229e-05,0.0014565277,0.00059448276,0.005242961,0.8235191,0.0023451932,1.0337571e-05,9.5156145e-05,1.4582255e-05,0.0011068628,0.0014084942,3.1818723e-05,4.279874e-06,1.8052607e-07,5.3492295e-06,7.731308e-07,0.00015516218,2.2475335e-05,2.0984241e-06,4.5483804e-07,2.3594119e-05,0.00048946484,4.1770338e-05,0.0018668496,0.0024285412,2.3952205e-05,2.6419144e-05,9.483284e-05,0.00041154664,1.3975975e-05,4.9435417e-05,0.00281551,0.00030440808,0.0002581041,1.098106e-05,0.00793784,4.8142065e-05,0.00021118848,1.358749e-05,0.00026103272,1.4231789e-07,5.6109234e-06,6.476213e-05,3.202755e-06,8.953494e-05,6.0584114e-07,7.2537805e-06
789499,Plaguicidas,0.00021579565,0.2322037,0.021290839,0.0066137626,0.00766239,0.00050776335,1.4414952e-05,0.003709189,0.0015796707,0.0030676941,0.0092968885,0.21155167,0.0054290253,0.00036285722,0.0010593422,0.0046650274,0.06055445,0.048203308,0.0005757937,1.4671751e-05,0.00035346104,2.6476575e-05,0.0017614512,0.0009908415,0.03436391,0.0071893143,0.00011296454,6.0014223e-05,0.0018137143,0.018145233,0.0006160312,0.004552479,0.00052110053,0.0064710113,0.00020676736,0.32374915,0.010170215,0.008664469,0.21768615,0.005645152,0.000418395,0.0034296608,0.332608,0.0040738853,0.03523792,7.850067e-05,0.0023585325,3.7627866e-05,0.00013537263,0.00040704038,0.00030823905,0.00033952817,0.0002962747,0.0058523156
635200,Parasitología,0.0001474184,0.1428312,0.024583017,0.0096144825,0.0039034418,0.00056685595,1.1838409e-05,0.0046645137,0.0004374505,0.0018897393,0.00848922,0.061029494,0.0053648837,0.00020075096,0.00042047695,0.0016753951,0.040414974,0.033333942,0.00024029736,1.9531808e-05,0.00037233005,1.2058239e-05,0.0011896844,0.0005244708,0.036874004,0.006666619,6.267206e-05,9.6672455e-05,0.00025273697,0.01023418,0.00028270303,0.0014531792,0.00029972263,0.0012730126,0.0001789913,0.47784773,0.020231862,0.0046094405,0.10760633,0.0057145795,0.00036223663,0.002054819,0.30443648,0.0014320947,0.0650471,3.6268713e-05,0.00070165633,1.1517279e-05,0.000116121475,0.00037757636,0.00014179008,0.00028141067,0.00054764026,0.0052509406
648241,Biology,0.0022198195,0.08123727,0.10923843,0.02103105,0.23246393,0.008483394,0.0011880259,0.008040753,0.020111483,0.03907697,0.07497891,0.019384896,0.0937874,0.0014466958,0.0018641665,0.002714167,0.15114373,0.1404936,0.0031131152,0.007824017,0.0040597846,0.0010957709,0.04551305,0.013123981,0.02171027,0.019793179,0.003060667,0.0111628845,0.0044281255,0.04439484,0.0014679417,0.0069445972,0.014163642,0.0127141625,0.010407274,0.06801523,0.02541306,0.010871288,0.09420049,0.013763036,0.009930117,0.0064329705,0.09114277,0.018729031,0.10488976,0.00055339595,0.0031123592,0.0041116355,0.0015860292,0.0034717673,0.0034561434,0.0028065997,0.018746195,0.07150398
758680,"Chemistry, Multidisciplinary",0.00054123276,0.12728064,0.012824237,0.0024008777,0.007314904,0.00021151897,2.1315964e-05,0.004525556,0.000599066,0.0035070728,0.008655679,0.43647557,0.0030660846,0.0013824648,0.0048907613,0.023942092,0.2572711,0.06415306,0.001830297,8.519753e-06,0.00020484587,5.1082854e-05,0.0028222357,0.0028565915,0.016673386,0.00080436066,9.737719e-05,5.5588553e-05,0.0053330883,0.03108127,0.004891172,0.022176769,0.00037774144,0.014763952,0.00021126661,0.07829732,0.0012031966,0.007258354,0.2153764,0.0068972204,0.0007725276,0.01562132,0.1898658,0.0037746315,0.017344225,0.00016965697,0.014486639,0.00047328442,8.153379e-05,0.00020905182,0.00030571976,0.0010563029,6.415299e-05,0.004658909
731338,Plaguicidas,0.00015249633,0.16459586,0.014746962,0.0053110193,0.0042869984,0.00029821083,8.178044e-06,0.0039112684,0.0006919384,0.0013179436,0.013097482,0.21389912,0.0045893346,0.00019456403,0.0013059836,0.004972899,0.06052612,0.068161815,0.0003211921,6.1443966e-06,0.00015261199,1.4722447e-05,0.00137979,0.00073804165,0.01899311,0.001948179,4.588299e-05,4.6206733e-05,0.0006834405,0.011930368,0.00047841834,0.0038904815,0.00033030924,0.0032031941,0.00020155111,0.2404814,0.0032864716,0.0050423485,0.17739668,0.007842884,0.00031798138,0.003604495,0.3020624,0.0017572513,0.020511804,4.9149054e-05,0.0017286423,4.897407e-05,8.481978e-05,0.00024746495,0.00024104287,0.00042874226,0.00020130433,0.0033899634
635917,Plaguicidas,0.00019636191,0.161694,0.025817258,0.0015401996,0.007178673,0.0004431707,1.0074461e-05,0.005615559,0.0012556663,0.0027128444,0.0046801534,0.030071707,0.0032349834,0.00011095291,0.00034368018,0.0028127162,0.05442574,0.084319614,0.0005177931,1.0127906e-05,0.00024025772,4.117728e-05,0.0073914635,0.00048029312,0.044821527,0.0021918232,9.7163116e-05,7.571506e-05,0.00077269983,0.032515336,0.00016381814,0.0042897225,0.0002685683,0.0052973405,0.001011736,0.16535883,0.008984294,0.006063658,0.1726759,0.0077491836,0.00017293064,0.0028119616,0.18936667,0.0013915536,0.030962463,3.808197e-05,0.0021599412,0.00012760442,0.00019931555,0.00045021923,0.0014179171,0.00048272643,0.00050078915,0.007819917
717463,"Chemistry, Multidisciplinary",5.3174015e-05,0.01688142,0.009780717,0.3203314,0.00354861,0.0005922652,9.46658e-07,0.00023358708,0.00033151972,0.0002754353,0.01146013,0.9286076,0.0025706287,8.59977e-05,0.0010204585,0.0004190956,0.02784133,0.005134333,0.00015060918,1.4047179e-06,1.3061236e-06,3.1655443e-06,6.3979337e-06,0.00040481205,0.00010774747,1.182664e-05,9.826784e-07,3.32895e-06,0.0025988277,0.00040013224,0.004782375,0.005761766,3.786104e-05,0.00035520492,1.6201002e-05,0.0034597733,1.811594e-05,0.00037690892,0.023015361,0.00094695616,0.00019822503,0.00019193155,0.06674515,0.00019164608,0.0007117565,1.5114108e-05,0.0011199936,2.1477526e-06,2.3161915e-06,2.041374e-05,3.0556125e-06,0.00013748292,6.4358926e-07,7.3730414e-05
648277,Microbiology,0.0025019536,0.00012582538,0.0033011634,0.00051056466,0.021448057,0.0002789236,0.0007381047,0.0016574463,0.00011013839,0.0011710218,0.0023478586,7.539267e-07,0.00050554523,1.1656907e-05,3.1214854e-06,1.388345e-05,0.0036557121,0.011226884,0.0051509836,0.07343096,0.00022807787,0.060555305,0.13418645,0.002394136,0.00032673188,2.7533328e-05,0.005435392,0.6548755,3.7204372e-05,0.0045861355,0.0001498104,0.00021123199,0.00028275317,0.00011606944,0.05735342,0.00016061642,0.0015234774,0.00096208474,0.0049956436,0.00050448446,0.02790203,0.0005505893,0.0005797636,0.00021535764,0.012561766,5.811493e-05,0.00027885122,0.07732938,0.0007628775,0.002344458,0.001450218,0.0002751833,0.006573746,0.02968859
721161,Análisis cromatográfico,0.00013345155,0.074865125,0.07092888,0.007188453,0.066854775,0.0009809588,2.4265642e-05,0.0027664641,0.02362,0.0036241782,0.027067084,0.041724358,0.047946025,6.4591215e-05,0.00068502116,0.0001676462,0.015385323,0.050482545,0.00023348711,9.315012e-05,0.00026648727,5.7152378e-05,0.0042074034,0.00092139153,0.0027010378,0.00052605517,7.7011675e-05,0.00012626564,0.0014908067,0.0112845795,4.101883e-05,0.0035843106,0.0015539527,0.008314138,0.0022633849,0.0046712286,0.0010693193,0.0011799982,0.05884819,0.008204458,5.197674e-05,0.0003210908,0.064988665,0.0010833476,0.0074984347,7.5469957e-06,0.00090011465,0.0011682848,3.8129714e-05,9.735249e-05,0.0008522149,0.00043025342,0.00018036427,0.0077134413
789505,Biochemistry & Molecular Biology,3.193829e-05,0.0038702753,0.039713632,0.9835553,0.0068312716,0.02977248,2.7233727e-07,8.853395e-05,0.0037457694,0.0016072616,0.004944243,0.37102383,0.0033841622,9.3948875e-06,3.0679166e-05,6.4957994e-06,0.00080945925,0.0027082763,1.5290765e-05,1.465862e-05,5.0177835e-07,1.17993195e-05,2.1087758e-06,0.00020329337,0.00010567011,8.455346e-06,1.037164e-06,0.0001084084,8.3363586e-05,5.839848e-05,0.00056542706,0.0012990767,2.6986332e-05,1.603148e-05,0.0002935029,0.0026564447,0.00024119853,6.414467e-05,0.002553978,0.00043799105,0.00029131924,1.2339844e-05,0.011241852,6.6432935e-05,0.0007023783,1.3597224e-05,0.00013555282,1.0835206e-07,2.5319823e-05,0.00033124138,6.2603867e-06,8.626751e-05,7.129257e-06,1.631779e-05
723031,Parasitología animal,0.00078355597,0.008730296,0.15618558,0.016645148,0.1067481,0.013762666,5.7904606e-05,0.0020788216,0.0021981762,0.16858375,0.001011723,0.0014296031,0.009182211,0.0004877358,1.8220537e-05,5.5386467e-05,0.074642584,0.030635944,0.0011486536,0.0075206575,0.0006155725,0.002458041,0.006010244,0.0055317297,0.017209446,0.0013011448,0.0007144984,0.013800925,0.0003058492,0.05462288,0.0007876457,0.0015232228,0.0010147957,0.0010420766,0.0042786044,0.04959831,0.20233133,0.0033574412,0.027505927,0.0020206769,0.002854366,0.0009544243,0.010892994,0.0013952743,0.12642725,0.00012528626,0.00068219233,0.00036984272,0.0008605344,0.0015047366,0.00042298416,0.00031281172,0.0029190362,0.032035034
723026,"Chemistry, Multidisciplinary",0.00086455414,0.12148827,0.018748932,0.0089350995,0.012748999,0.0014178179,5.06523e-05,0.0056440257,0.0017763593,0.008517212,0.009152218,0.363295,0.0038252412,0.0010931805,0.0035761727,0.03578706,0.30178586,0.24371953,0.0027540734,2.7994172e-05,0.00013116693,0.00024337879,0.0051216055,0.0046874965,0.02469283,0.0013413294,0.00023144863,0.00026852227,0.0075995666,0.052508824,0.007896233,0.026061723,0.0009808429,0.009935579,0.0013261847,0.11905916,0.003336512,0.015543036,0.25194257,0.010021015,0.0031586993,0.027648706,0.19736381,0.0039962674,0.018380921,0.00054456294,0.018196326,0.0007375442,0.000497314,0.0012234168,0.0014197013,0.0029142397,0.00049322075,0.0051604607
789496,Parasitología,0.0008202294,0.1373564,0.008728209,0.00071254955,0.0031613263,0.00037506604,7.272037e-05,0.011990408,0.0011080538,0.0022632522,0.004548952,0.01690564,0.0011716511,0.00036875994,0.0012528116,0.034134477,0.072046705,0.09465171,0.0014519336,2.0797865e-05,0.00077104085,0.0002081812,0.048250366,0.0010595551,0.14148046,0.004999855,0.0007821121,0.0005628408,0.0010514605,0.050697614,0.0006225767,0.008999022,0.0006717495,0.011640826,0.0037126816,0.34603253,0.013147489,0.023835197,0.14500451,0.013200447,0.0009624506,0.041260727,0.09838706,0.0036248635,0.04828563,0.00029672615,0.008778017,0.00055160414,0.0016749797,0.0036704282,0.009549435,0.0019344535,0.003183541,0.011362615
671658,Biochemistry & Molecular Biology;Genetics & Heredity,0.00078666565,2.076546e-05,0.009167811,0.7278517,0.001136799,0.003985305,2.8910528e-05,0.00024144657,0.0013601708,0.0004155617,0.0025603594,3.3081113e-05,0.0012681524,6.539663e-05,7.791494e-06,2.1319745e-07,8.956381e-05,0.00012537661,1.8325774e-05,0.4258719,2.5428424e-05,0.03499465,5.396835e-05,0.0003044011,1.2408916e-05,1.3354979e-06,3.7647285e-05,0.0049348096,9.295429e-06,5.1937746e-05,0.0027083072,3.0199883e-05,3.433853e-05,1.1353188e-06,0.006140138,4.381452e-05,0.0003241357,7.9761965e-05,3.7908478e-05,0.00021493423,0.00013599716,6.00409e-06,0.00015127225,1.6266893e-05,0.0006507607,4.9632632e-05,2.4519568e-05,0.00026757948,3.8756752e-05,0.0002498933,1.40632255e-05,5.833915e-05,7.405957e-05,0.00024986707
756311,"Biochemistry & Molecular Biology;Chemistry, Medicinal;Chemistry, Organic",1.3629387e-06,0.00010818028,0.0012350054,0.92470574,0.00077754527,3.6440842e-06,1.9446218e-06,3.230218e-05,4.665478e-05,3.2774045e-07,0.87346137,0.020988377,0.6176401,1.1985595e-06,0.000458269,1.3013945e-07,3.5882865e-06,3.765314e-05,1.4567355e-07,0.00017701181,1.0351358e-07,1.0443486e-09,3.506082e-08,2.2281606e-06,2.5490145e-08,5.6241506e-06,1.1180536e-08,4.5974252e-06,1.3594295e-05,2.5009336e-07,3.69456e-05,3.533993e-07,2.789533e-05,5.3580396e-07,4.8295093e-05,7.4478194e-06,1.5441842e-08,2.2103838e-07,0.00015523663,2.8135379e-05,1.7835933e-05,1.09496376e-07,0.00035702734,5.8312035e-06,4.918225e-06,1.4790488e-08,7.424145e-08,9.1445577e-07,2.629787e-09,2.705665e-08,3.835322e-08,8.962659e-06,4.78098e-07,7.923592e-06
758949,Cell Biology,0.00011345388,0.13246572,0.08114688,0.20726651,0.23022224,0.013102339,2.6550024e-05,0.00062153174,0.46179783,0.012306992,0.027687132,0.11021169,0.06901347,4.2335017e-05,0.00062380795,0.00016104813,0.0036966233,0.04653382,0.00010604562,0.0002790821,0.00012554685,0.000115654366,0.00096735224,0.0014338368,0.0029261713,0.002584714,0.00032660295,0.0007266808,0.0017274438,0.004697108,4.6068933e-05,0.0023827676,0.008557816,0.0056568207,0.002324499,0.012391642,0.0044219918,0.0016142995,0.04308678,0.0039919335,0.00013379303,0.00022676817,0.06653129,0.0025909154,0.008225288,1.978612e-05,0.0009564949,5.9220685e-05,0.00022793484,0.00078825647,0.0006385884,0.00027869153,0.0007552405,0.0018107943
789513,Patología,0.0001205781,0.13361992,0.0073863054,0.00015915211,0.003680605,0.0001295636,1.19248525e-05,0.004941009,0.0010666922,0.0016038417,0.0024980155,0.00714423,0.0016419494,3.5580877e-05,0.00021741647,0.0060778996,0.028713755,0.14203265,0.00070950546,3.071272e-06,8.91088e-05,3.675762e-05,0.03696477,0.00025593152,0.043632437,0.0008338089,0.0001113197,6.3581894e-05,0.0017936665,0.038401008,4.8100945e-05,0.0056148134,0.00013627406,0.014171873,0.008909024,0.06679954,0.0028371047,0.0033320908,0.17674309,0.0064974288,8.6998545e-05,0.004993182,0.07689751,0.0010137251,0.008117038,2.4697596e-05,0.0031936408,0.00069027994,0.00022427004,0.00044098505,0.018873889,0.0009017904,0.00048620117,0.00827652
659565,Biochemistry & Molecular Biology,2.7114024e-06,1.8747885e-05,0.006452701,0.9988243,7.0984795e-05,0.014126961,1.9224382e-09,3.3734048e-06,0.100030884,9.0377525e-06,0.0011546203,0.0023272443,0.0014575954,9.58497e-08,1.8565765e-06,6.842963e-09,1.230053e-07,4.0571555e-05,6.082535e-08,8.327475e-06,4.0937724e-09,5.2132855e-06,6.663394e-08,9.468115e-07,5.0136504e-07,5.058966e-08,1.3026811e-09,1.064288e-06,1.1449884e-05,6.031138e-08,8.411634e-06,1.3655245e-05,7.808824e-07,5.012398e-07,0.06897297,4.9189384e-07,3.126577e-06,3.1218443e-07,2.8589272e-06,2.7512748e-05,3.380392e-07,7.730554e-09,1.2957913e-05,5.322588e-07,3.5937654e-07,9.928863e-08,8.708033e-07,4.8869786e-08,4.4671714e-07,3.4016591e-06,1.6770737e-05,5.5501518e-05,1.2924688e-06,3.239375e-08
751803,Parasitología,0.00020472286,0.074082576,0.06027707,0.06099513,0.039062537,0.002208914,4.5944813e-05,0.0017941165,0.0011637631,0.012432962,0.026573662,0.04332806,0.08341349,0.00033901288,0.0004255615,0.0003077073,0.055041265,0.0416633,0.00015820752,0.0006753584,0.0003949563,1.5081999e-05,0.00047632854,0.0014815131,0.0066461978,0.0074693663,0.0001096397,0.0004721536,0.00047369624,0.008910912,0.0004472336,0.001084795,0.0009935892,0.00071958685,0.0003855998,0.17170548,0.0111252805,0.002151762,0.078266144,0.004320284,0.00086023234,0.0006282306,0.14537679,0.0018729022,0.08563331,4.7404767e-05,0.0002919888,3.0136329e-05,6.7630805e-05,0.00022785313,6.195004e-05,0.0003193826,0.0009343179,0.012861568
719000,Biology,0.00029749775,0.015325009,0.045807615,0.001616012,0.14799356,0.0014470837,0.0001426934,0.0019838533,0.008313195,0.016368486,0.0034090474,0.00620056,0.04038798,9.782914e-05,0.00013458854,0.00024817546,0.018770745,0.041298557,0.0017992185,0.00055916066,0.00053788966,0.0002256585,0.007416436,0.003457081,0.0054028328,0.0035630506,0.00081775984,0.002518306,0.0012654238,0.030254355,6.301196e-05,0.00050070754,0.0098129865,0.010644519,0.004906819,0.012224992,0.01241348,0.001913745,0.051037494,0.0030694779,0.00081879646,0.00067758805,0.006030735,0.0044011655,0.017541831,2.3244911e-05,0.00026344793,0.0031990677,0.0002124297,0.00027625638,0.0015557144,0.00042183354,0.0035207039,0.029602893
718516,Biology,0.00013860704,0.013309834,0.05307719,0.0022142497,0.123321556,0.0008979265,4.4426237e-05,0.0021743246,0.0071918876,0.0073164897,0.0057791946,0.0627587,0.047249798,6.8477304e-05,0.00049961626,0.00025491722,0.011259448,0.018864576,0.0013118535,6.822168e-05,0.0001912064,4.4078464e-05,0.001148982,0.0017896462,0.0013906513,0.00096993503,0.00019396815,0.00040016833,0.0021116831,0.014160359,8.323736e-05,0.00075236714,0.011681026,0.015471467,0.000710645,0.0032508823,0.0011484682,0.0010643997,0.0683296,0.0037091416,0.00023943836,0.00040135955,0.0058373567,0.0020526543,0.0051504457,1.0894451e-05,0.0002877725,0.0036013387,2.7361591e-05,3.3272623e-05,0.00037328943,0.00023977441,0.00023436053,0.009387081
658032,Rheumatology,0.0014179677,0.002820063,0.025154945,0.0010775097,0.056574993,0.00042474564,7.467627e-05,0.008290327,0.00070763065,0.002298514,0.0027337952,0.00016734467,0.005573661,2.2355967e-05,5.7409212e-05,2.1051364e-05,0.008236795,0.025138153,0.0013390103,0.0020075915,0.00017727564,0.0042634057,0.017110141,0.0021334877,0.0004705155,1.5168387e-05,0.00042249693,0.019557346,4.96751e-05,0.015859786,5.736489e-05,0.00090318476,0.00046751383,0.0006559048,0.015823439,0.00028215157,0.00058271777,0.0009062968,0.016493356,0.0073713567,0.00020026918,0.0005001463,0.0022206919,7.9900514e-05,0.0122897085,1.5523528e-05,0.00072084914,0.0845934,0.0001943862,0.0002264914,0.0007396791,0.00056901766,0.0006605033,0.022187172
693614,"Chemistry, Multidisciplinary",0.0030810912,0.0075375754,0.011121038,0.068263166,0.116480336,0.00067858945,0.0033640068,0.008205281,0.0007093125,0.00894641,0.051981583,0.11943212,0.056303296,0.001775268,0.0068672462,0.0018683209,0.056413382,0.017713118,0.0035553984,0.041671526,0.0002329572,0.000526727,0.0009900423,0.010031503,0.0002544357,0.001036614,0.0011080512,0.0049541267,0.0092259,0.012392494,0.036632955,0.0017697671,0.0032766478,0.0015000456,0.0015069937,0.0018324545,0.00013715177,0.0023749594,0.04352733,0.0031854345,0.0097163655,0.0034754383,0.012153283,0.0019910773,0.014138934,0.00033093398,0.002097007,0.038365953,6.5324755e-05,0.00015393508,0.0001821072,0.00152592,0.00031792742,0.034563955
728070,"Chemistry, Multidisciplinary",0.0023125126,0.08960214,0.011986089,0.0016274288,0.0014165856,0.00014454625,3.3581e-05,0.027495107,0.003269992,0.0002614504,0.012299975,0.17410679,0.004551898,0.0011411067,0.05904244,0.022634292,0.035423372,0.055526804,0.00030090567,5.3870926e-06,0.0008717518,0.00032927547,0.002975259,0.0007452119,0.020354098,7.152363e-05,8.552387e-05,9.981508e-05,0.00046101442,0.023275582,0.001335796,0.022271287,0.0014758412,0.017238492,0.002040437,0.018628478,0.0005249948,0.016649581,0.06548258,0.047773447,3.6937814e-05,0.02041072,0.06089605,0.00047410914,0.0059647863,0.00022141468,0.010515424,0.0060265693,0.0002766955,0.0002883443,0.0014206236,0.0042878026,9.016408e-05,0.001971873
729984,"Chemistry, Multidisciplinary",0.0010170761,0.023083905,0.017412623,0.050430402,0.33957562,0.005836178,0.0012479278,0.0039401297,0.02737652,0.06865051,0.018773057,0.3755645,0.043316327,0.0009722688,0.006811462,0.0030293108,0.01688815,0.03556004,0.00996777,0.002849617,0.00038865715,0.00037206674,0.0012024214,0.013262406,0.0011308397,0.0036596868,0.0022926386,0.0068143075,0.031056337,0.032534327,0.0049084043,0.0050194045,0.09272311,0.018438047,0.00068296253,0.0021446038,0.00046755795,0.0026532111,0.09033556,0.009191218,0.0037416827,0.0050313496,0.011816245,0.0046426277,0.013602863,0.00037503996,0.0029669546,0.017936433,0.00020858474,0.0002426723,0.0005977007,0.0010034321,0.00031383123,0.025015427
720398,Farmacología,0.010394813,0.101328805,0.08499002,0.027186036,0.1163802,0.01544548,0.0020606744,0.041259974,0.00752996,0.057150062,0.040190253,0.057080522,0.030034425,0.002963691,0.0045395866,0.014571661,0.2929639,0.33062953,0.020065812,0.0059111533,0.0018538083,0.010198807,0.08984947,0.019750733,0.025666723,0.0039846627,0.004454484,0.012253378,0.020705003,0.12264438,0.016137473,0.053040847,0.003974229,0.020068828,0.057902515,0.045633674,0.013798737,0.034788486,0.25383675,0.045490112,0.02038797,0.030486984,0.12784559,0.007818259,0.09077617,0.0035121574,0.026791906,0.04298848,0.0057761897,0.00788886,0.02505307,0.017719932,0.009738184,0.07909939
720201,"Biochemistry & Molecular Biology;Chemistry, Multidisciplinary",0.00019377033,0.024925778,0.02704528,0.7394102,0.016215736,0.0072344076,8.69606e-06,0.0005973943,0.0018536962,0.0017784364,0.03055665,0.77412474,0.011825235,0.00015818852,0.0010762074,0.00049888884,0.027152918,0.015588528,0.00030851038,3.543473e-05,6.2219374e-06,2.6625663e-05,3.3914024e-05,0.0012819575,0.00030732763,6.433402e-05,8.720759e-06,6.859934e-05,0.003176733,0.0006966494,0.007407851,0.008025402,0.00014507443,0.0003735139,0.0002469384,0.007928102,0.00014111285,0.000850966,0.025837049,0.0023557395,0.0012140198,0.00038925765,0.099115126,0.0004688771,0.0026792905,9.186293e-05,0.001421814,7.3010365e-06,3.570681e-05,0.0002587331,2.7534692e-05,0.0005633053,1.574085e-05,0.00023543196
643132,Neurosciences,0.011360435,0.00953646,0.019072069,0.09283119,0.0844005,0.0041696243,0.012362457,0.015549436,0.0019184512,0.012839381,0.02135277,0.093473546,0.011248607,0.008233951,0.012412008,0.014780337,0.055505376,0.015510739,0.02116594,0.054652404,0.0019366062,0.011014387,0.0018153882,0.019503517,0.0011430655,0.0007302177,0.012338169,0.013537343,0.007818974,0.02612746,0.18846762,0.004474633,0.007240434,0.0028834562,0.0009726987,0.0035872003,0.00067717914,0.00692888,0.04103202,0.008964409,0.021083144,0.015461812,0.012667042,0.0027949999,0.026176674,0.0049702474,0.0072937817,0.040683027,0.00067521003,0.0013715891,0.00020761388,0.0028654719,0.00044008996,0.02368924
720437,Biochemistry & Molecular Biology;Cell Biology,0.020488584,0.008703099,0.011109685,0.46734643,0.0056885798,0.028906535,0.0011143945,0.0006612861,0.68763644,0.002784544,0.0031383066,0.11127223,0.0017365076,0.013128484,0.02807329,0.0035003168,0.00446301,0.005127173,0.00024049814,0.028420158,0.0025524988,0.29444525,0.00030601953,0.0034138963,0.0039447476,0.0007361844,0.004483985,0.00030764448,0.020925464,0.008745636,0.07113116,0.008549874,0.013468052,0.015134992,0.0024583042,0.0023146393,0.0027606532,0.28239483,0.008009217,0.0034990413,0.0005729896,0.003102346,0.007566621,0.0037804493,0.004504266,0.015958821,0.0046113245,0.0006253751,0.0060613626,0.015763085,0.0009743446,0.001405193,0.0004145191,0.0011726471
789506,"Biochemistry & Molecular Biology;Chemistry, Multidisciplinary",2.8535434e-05,0.0060349866,0.02749443,0.96972805,0.010278393,0.008599998,5.6418594e-07,7.4546704e-05,0.0022991912,0.00088314724,0.01115436,0.7356566,0.006246534,2.0137357e-05,0.00012639006,1.3272069e-05,0.0012727168,0.001578985,3.6686004e-05,9.834409e-06,5.6686696e-07,4.163209e-06,1.2241728e-06,0.00024778035,3.516871e-05,6.5335416e-06,1.0078064e-06,3.2922526e-05,0.00042440507,6.873474e-05,0.0012324085,0.0020619533,3.998995e-05,4.0371593e-05,7.4205906e-05,0.000857398,3.140224e-05,5.214738e-05,0.0041578803,0.00041100502,0.00029743905,1.3724885e-05,0.015007042,9.849205e-05,0.00046811206,1.1322169e-05,0.00022483784,1.8545772e-07,6.3389202e-06,7.845705e-05,2.401685e-06,7.921559e-05,1.1700081e-06,1.666532e-05
720436,Plaguicidas,0.00066456455,0.3175565,0.062222056,0.014320672,0.016364211,0.001555838,5.8761703e-05,0.007864608,0.00640583,0.006124456,0.027727878,0.21056248,0.019926602,0.0011215812,0.0031039715,0.004060585,0.06350795,0.084656544,0.0015108163,6.147313e-05,0.0015015026,0.00014661459,0.005085357,0.0026369183,0.03950405,0.0047556628,0.0002918755,0.0001481348,0.004877146,0.029698417,0.001188602,0.021623015,0.0008168481,0.014216725,0.0011478995,0.19358116,0.010805042,0.009645211,0.25860357,0.01582422,0.00056559336,0.0033730967,0.4483538,0.007966679,0.035067707,0.00021209512,0.008157482,0.00022598101,0.000320342,0.0009086901,0.0012678796,0.0012942875,0.00042650272,0.010778221
789501,"Chemistry, Multidisciplinary",0.00012166979,0.11862063,0.0085135,0.0012238725,0.0040307296,8.511649e-05,3.829978e-06,0.002246127,0.00023028573,0.0016679362,0.004968437,0.41587496,0.0017929435,0.00027957556,0.0015646591,0.010769186,0.16609459,0.05844647,0.0006423062,1.7233459e-06,5.704973e-05,9.264869e-06,0.0009990796,0.0009815922,0.009265483,0.00041955445,2.5255698e-05,1.2618252e-05,0.0019041753,0.018930564,0.001206707,0.009172491,0.00013134339,0.0067042373,6.7974324e-05,0.07395152,0.0006080243,0.0038787297,0.2304154,0.0042310725,0.00021407114,0.0058849873,0.18935616,0.0014280092,0.010734085,3.5342764e-05,0.004811604,0.00012900258,2.1685564e-05,5.975775e-05,0.00010753449,0.00031502644,2.1120217e-05,0.0027112286
641286,Parasitology,0.0013704866,0.00060985103,0.0140975,0.0014230284,0.00015183845,0.00028695882,6.0994544e-06,0.0055677965,0.00072813645,4.328782e-05,0.00025932287,1.7925937e-05,0.0008071769,1.0573567e-05,7.2819676e-05,6.140583e-06,0.00022238072,0.00567684,0.00012938729,7.145737e-05,1.0795483e-05,0.02964096,0.0038327787,6.990143e-05,0.00060701225,5.5796043e-08,3.422623e-05,9.390435e-05,6.127584e-05,0.0018737707,4.38826e-05,0.0007987927,8.606166e-06,0.000257926,0.7470739,3.7635582e-05,0.00034439648,0.00012770937,0.001702284,0.0049464013,4.45196e-06,1.0745585e-05,0.0005468876,9.140049e-06,0.0005635722,9.897522e-06,0.0013168576,0.030296493,5.141975e-05,5.199221e-05,0.019117922,0.005655368,7.267919e-05,0.00021790023
647812,"Chemistry, Multidisciplinary",0.00027941834,0.050847784,0.09760204,0.33310264,0.04004145,0.006300103,4.910431e-06,0.0005512055,0.008318779,0.010263875,0.008393742,0.8508435,0.01553957,0.000398681,0.0012008019,0.0003138106,0.02294761,0.0077673323,0.0006625519,2.6573989e-05,5.6130288e-05,4.8888356e-05,3.455171e-05,0.002089493,0.0009918049,0.0002630454,2.633362e-05,5.2218144e-05,0.0059066215,0.0046418966,0.0028219745,0.014111695,0.00054976495,0.0030345214,7.167069e-05,0.007235349,0.00093456183,0.00231864,0.06835613,0.0030851245,0.00050047133,0.00031531125,0.063478924,0.002024765,0.0063292272,5.6119905e-05,0.0030380217,1.4670296e-05,3.62073e-05,0.00015120793,2.6925176e-05,0.0001942263,9.145777e-06,0.0007982794
631340,"Chemistry, Multidisciplinary",2.560831e-05,0.002503817,0.007501058,0.38396227,0.0037454385,0.00018051601,7.5346384e-07,0.00014834257,0.00029919273,7.1237664e-05,0.022512712,0.97109663,0.007708749,3.294781e-05,0.0016279682,7.493135e-05,0.0036920637,0.00070013746,3.9987168e-05,2.006827e-06,4.777466e-07,5.7210025e-07,9.086028e-07,0.00017664625,5.2552105e-06,4.3290474e-06,3.495063e-07,2.6473483e-06,0.001211194,0.0001076916,0.002427512,0.00061822834,6.96438e-05,0.00014927967,7.4679324e-06,0.00019553797,1.6830987e-06,9.387373e-05,0.008256443,0.00052842847,0.00018191127,3.9689694e-05,0.004491946,0.00011927217,0.000186005,1.7424117e-06,0.00014778195,5.4119746e-06,2.3152631e-07,1.9188767e-06,9.61232e-07,5.6341098e-05,2.3001722e-07,7.344293e-05
669609,"Chemistry, Multidisciplinary",0.0014378198,0.026509872,0.09794731,0.007282487,0.05026247,0.0006289,4.4165434e-05,0.007960198,0.00058007316,0.011364646,0.01489322,0.41237956,0.027944146,0.00224273,0.0045725354,0.0018585665,0.18092191,0.0090033775,0.0032285966,0.00013611263,0.000927324,0.00011209624,0.0007521288,0.0058678607,0.001721749,0.0002660382,0.00013520455,0.00032964515,0.0026239648,0.027694471,0.007996933,0.013686768,0.0010345535,0.007693557,0.00013196582,0.0039341343,0.0006372277,0.0042750975,0.0966191,0.007954552,0.0010347515,0.002592867,0.018666616,0.0020805933,0.034971982,7.74396e-05,0.0061632437,0.002452847,2.9880974e-05,2.770416e-05,5.5325447e-05,0.0006107617,2.9251838e-05,0.012022232
643098,"Chemistry, Multidisciplinary",0.00019747419,0.18850741,0.004950919,0.0006180235,0.002462514,8.6303626e-05,7.079082e-06,0.0033710648,0.00080368144,0.0009445787,0.0040472182,0.23264652,0.0013437887,0.00030468183,0.002914698,0.031148639,0.09180308,0.08410072,0.00069085346,1.0580773e-06,9.339737e-05,2.6206879e-05,0.0032961422,0.000831058,0.025607465,0.0006495853,6.943908e-05,2.8985507e-05,0.002526714,0.02498479,0.0007709519,0.014459821,0.00035378872,0.014000551,0.00036858968,0.120284274,0.00094018126,0.008053081,0.2251776,0.0056324094,0.00017412659,0.016696833,0.19507521,0.002375287,0.0069029783,0.00010719888,0.009744931,0.0001917243,0.000101672675,0.00025988842,0.0008745338,0.00063621404,8.890272e-05,0.0020455827
643086,"Chemistry, Multidisciplinary",0.0012982907,0.017239869,0.01641296,0.27750045,0.01597517,0.0012306911,0.00015450978,0.0023885951,0.0009657334,0.0048807757,0.026963597,0.8397962,0.022418346,0.005377833,0.015270226,0.003893047,0.062314305,0.005815809,0.0025163302,0.00042076423,7.580761e-05,0.00010048185,7.1015e-05,0.002640676,0.00063214026,0.00055874983,4.548784e-05,6.4339176e-05,0.053622805,0.0045705913,0.1016932,0.008185961,0.0005554134,0.0046170186,0.00030689282,0.0046744444,0.0002313734,0.0012781565,0.05719476,0.0033769717,0.0028914516,0.0016713811,0.03054063,0.0016540791,0.0035069743,0.00036755385,0.005411151,0.00041643984,2.9464336e-05,9.4001465e-05,6.952542e-05,0.0021469428,1.2821969e-05,0.0030229597
644597,"Chemistry, Multidisciplinary",0.005624051,0.038689386,0.029772032,0.1509882,0.027557218,0.0028864765,0.00093722134,0.011917538,0.0015786594,0.016363459,0.032619655,0.700422,0.021091413,0.024838118,0.030119559,0.025072426,0.2170611,0.020433737,0.014457789,0.001446496,0.0005607577,0.0007071017,0.0010709892,0.0088448925,0.0053260257,0.0028426491,0.00037873414,0.0004412201,0.10084962,0.022166373,0.21473703,0.031103995,0.0017279001,0.017339569,0.001630513,0.021746753,0.0015683074,0.0057668732,0.12441422,0.010814983,0.011367452,0.011315391,0.06838001,0.005679457,0.014285257,0.0027300527,0.027381908,0.002713944,0.00028375915,0.00063905475,0.00058305025,0.011025669,0.00014621054,0.010977522
653286,"Chemistry, Organic",2.718525e-05,5.8278816e-05,0.0075874175,0.012159759,0.009821312,9.158162e-06,8.99765e-05,0.00045898007,1.2055698e-05,4.692799e-05,0.18641038,2.351744e-06,0.51102775,3.2202e-06,3.5536352e-06,1.0110566e-07,0.0001418328,0.0005845869,7.6492515e-06,0.12983844,0.000104850864,1.8040162e-06,0.00011775043,6.9507514e-05,4.297022e-06,0.00026983678,1.31042925e-05,0.007246551,6.9057114e-07,4.7018526e-05,6.5420713e-06,2.5445075e-07,0.00012052351,1.0310318e-06,0.0030486,0.0001901004,6.895402e-05,4.2617735e-06,0.0007596395,9.9612356e-05,0.00030900756,1.3594921e-06,0.0004803176,5.263269e-05,0.00157493,4.4233204e-07,1.0857218e-07,0.00026203837,7.5413163e-07,2.7754108e-06,2.7978508e-06,1.6237103e-05,0.002327131,0.0044229343
631242,Biochemistry & Molecular Biology,0.0008561571,0.0001186062,0.016592268,0.26239884,0.00014953381,0.004248347,7.558993e-07,0.0009563568,0.0004601416,0.0001587164,5.2416406e-05,0.009245946,6.807999e-05,0.0002978088,0.00014677405,9.401726e-06,0.0002624414,0.00027391146,0.00019451097,7.4594915e-05,5.106619e-06,0.022068547,1.18862035e-05,3.0677147e-05,8.7812616e-05,6.0001355e-08,2.6558043e-06,3.3563908e-06,0.00057505985,0.00034302077,0.025779486,0.0015976818,3.458597e-06,4.85869e-05,0.009570751,4.4530323e-05,0.0001442527,0.00015740686,0.000628071,0.0011356743,1.3418156e-05,2.1550753e-05,0.00011902472,2.8398185e-06,0.00011009365,5.0778865e-05,0.0007911488,0.00074826536,4.8948987e-06,1.0664101e-05,5.7789097e-05,0.00088454265,1.1333273e-06,6.452184e-05
631245,Parasitology,0.00042421054,2.6594878e-05,0.01889035,0.001204026,0.000116011244,0.0002989022,8.3878535e-07,0.0005889351,0.00086036226,1.1939111e-05,2.0184827e-05,2.0261248e-06,0.00011248266,2.019841e-06,2.535567e-06,1.3838154e-07,2.4915687e-05,0.00037295686,5.0190272e-05,0.00017448343,3.7524703e-06,0.16726601,0.000604663,1.3544162e-05,9.0000874e-05,2.7609552e-09,2.9377163e-05,2.063143e-05,4.517559e-06,0.00059174106,1.2412395e-05,2.6562637e-05,1.8689764e-06,2.1185635e-05,0.32751074,3.856492e-06,0.00032002697,3.40024e-05,0.00017504784,0.0009977382,7.158329e-07,6.553585e-07,3.0221085e-05,1.3270451e-06,0.000219482,1.1070613e-06,4.8264843e-05,0.01259387,1.2046102e-05,1.1744344e-05,0.00079523266,0.00035431475,1.4341265e-05,9.4145085e-05
652802,Farmacología,0.0006834333,0.028895637,0.0277064,0.00063620217,0.10601979,0.00089438,7.9470265e-05,0.0072109625,0.003909667,0.0075238007,0.0054059178,0.0017687506,0.0045417114,3.8463295e-05,0.000237989,0.00044005178,0.05316368,0.17533961,0.0018330538,0.00030327513,0.00018970603,0.0013181954,0.07427823,0.0020619533,0.004597336,0.00015049147,0.00052592234,0.0028922232,0.00090815517,0.06751594,7.7675606e-05,0.0050325356,0.0016528306,0.009535968,0.010703439,0.0020344686,0.0013427564,0.0038236645,0.07448024,0.015028512,0.00032648403,0.0029359178,0.01621719,0.00037659556,0.018364418,3.133362e-05,0.002609377,0.046708617,0.0003852434,0.0004917423,0.003980621,0.00089914055,0.00070036104,0.035492487
628255,"Biochemistry & Molecular Biology;Chemistry, Multidisciplinary",0.005051347,0.15274909,0.10719697,0.5082898,0.0330934,0.03733641,0.00038929813,0.014679421,0.033961985,0.011777127,0.06136679,0.7098131,0.05001284,0.0038750428,0.019671211,0.0074871867,0.063672855,0.093984485,0.0057891984,0.0005384625,0.0007735073,0.002429052,0.001831096,0.008633319,0.009666947,0.0013519293,0.00047794066,0.0008816145,0.035729416,0.014837641,0.025461396,0.09194776,0.0033535599,0.013071294,0.0105159255,0.03846748,0.0038370173,0.015333452,0.12241333,0.036604878,0.00307244,0.005807882,0.22994971,0.005845875,0.012708526,0.0030347018,0.02902807,0.00083908153,0.0017120227,0.0047570597,0.0035049755,0.012731461,0.0005408471,0.004697144
628258,Plaguicidas,0.0007152812,0.28232962,0.10318564,0.043835267,0.036062192,0.0061654993,5.602761e-05,0.0080472585,0.008967372,0.017401459,0.014650288,0.28584853,0.027152378,0.00073445495,0.0021581333,0.0024696952,0.058919366,0.14623177,0.0017537092,0.00012370195,0.0006947705,0.0002587669,0.0021600327,0.003389398,0.024281103,0.0029323078,0.0003271156,0.00029837803,0.00429823,0.048890084,0.0015312401,0.021647504,0.0012701338,0.008139259,0.0015831746,0.13250211,0.013446852,0.0107,0.290395,0.021724176,0.0005592051,0.00309143,0.3370456,0.0033469745,0.03979204,0.00024198032,0.008149454,0.00029831348,0.00047767602,0.0010406629,0.0010353983,0.0014655791,0.0004154539,0.012606068
602956,Cell Biology,0.00010619802,0.050588384,0.0057747574,0.008444524,0.14144875,0.0032167272,0.00010303077,0.00046919292,0.306507,0.014884227,0.0039243554,0.0124616055,0.005020143,2.8369026e-05,0.0005049779,0.0015897698,0.006729618,0.11722706,0.0002388615,0.00030460488,8.9762085e-05,0.0002723098,0.0046551405,0.00097459485,0.008391968,0.01058261,0.0011340354,0.0013072125,0.0044790623,0.025336843,4.0640058e-05,0.0008414748,0.056648158,0.029369695,0.001653095,0.018718114,0.0031214813,0.0077065686,0.045213945,0.0016169462,0.00013491182,0.001453975,0.010837396,0.0014395654,0.006074582,2.6967218e-05,0.000983217,0.0007798821,0.0006104425,0.0012216996,0.0024073115,0.00022202374,0.0023708337,0.007403936
628261,"Chemistry, Multidisciplinary",0.00712154,0.027629554,0.07641663,0.11314134,0.016990587,0.006702672,0.00030143058,0.03833296,0.0016149484,0.0052684466,0.025997827,0.33697093,0.019462906,0.003287181,0.013389579,0.0038481022,0.077338874,0.035282455,0.006226955,0.0008510768,0.00059025845,0.002703595,0.001836678,0.00445515,0.0023392476,0.00016898662,0.00022340764,0.0009639486,0.0050096926,0.0177511,0.03535452,0.029013805,0.00086920377,0.003403974,0.0063496227,0.006802497,0.0010412664,0.0058939294,0.07114069,0.042620447,0.0013970569,0.0065017454,0.03921928,0.00069071486,0.014983771,0.0009178673,0.017990736,0.011517403,0.00035462985,0.0005791699,0.0009412308,0.010426783,0.0002115684,0.009979071
633154,Parasitología,0.00105488,0.19210397,0.0722486,0.05328416,0.08400378,0.0068921205,0.0003002935,0.0035379818,0.017934173,0.0463943,0.014862651,0.04021091,0.050947145,0.0013895418,0.0010007614,0.0015884663,0.07383672,0.09997923,0.00071232754,0.0023919642,0.0018463668,0.00042184984,0.00409423,0.0049003502,0.052422464,0.035457548,0.0014334559,0.001412783,0.0037419684,0.050628237,0.0012007876,0.0046409382,0.0042242925,0.006501555,0.0023718544,0.29995692,0.07907922,0.012304558,0.16280104,0.007216771,0.001970329,0.0030191275,0.22577319,0.0090064015,0.12955604,0.00035992623,0.0021985904,0.00017696386,0.0010895847,0.0030064334,0.0010559838,0.0012476811,0.004706721,0.032526188
700709,Enfermedades infecciosas,0.0012353173,0.061395053,0.017135855,0.007633124,0.01597661,0.00062889344,0.00038966423,0.007535214,0.0021291703,0.0029702177,0.09268434,0.09657164,0.010405732,0.0028442794,0.0049703484,0.041699402,0.20216995,0.057705406,0.0028717036,0.00021782065,0.0009971234,0.00013125989,0.03339177,0.0047677723,0.028770868,0.014573433,0.0004798021,0.00075327785,0.0092446,0.012649283,0.006018297,0.005859528,0.002500342,0.016320549,0.0025733712,0.14533825,0.005998988,0.012240272,0.10533863,0.008006311,0.021311438,0.02157527,0.11821683,0.027846947,0.027910842,0.000507268,0.0032967608,0.0010287082,0.0004824817,0.0011593483,0.002443868,0.0040867184,0.0043758373,0.010601549
775812,"Chemistry, Multidisciplinary",0.00066694326,0.17376107,0.017857658,0.0153323645,0.01149054,0.00072382425,7.0112656e-05,0.0050111213,0.0026237573,0.003992688,0.033171285,0.61179274,0.010869412,0.0018406915,0.009758352,0.024205836,0.1536538,0.08227293,0.0019981803,3.090256e-05,0.0002951574,8.8115514e-05,0.0024685136,0.005114918,0.013980975,0.0020904844,0.00021267534,0.00012961094,0.011885783,0.01903215,0.0068949186,0.020429658,0.0012729052,0.015343521,0.00048777828,0.118220024,0.0018648028,0.009532737,0.21474132,0.009877524,0.0021819032,0.011022029,0.3083458,0.0101795085,0.015060253,0.00039653984,0.0109254075,0.00033438668,0.00020255409,0.00056213065,0.0006577324,0.0018632342,0.00020763665,0.004523684
700944,"Chemistry, Multidisciplinary",0.00026608916,0.0022741314,0.0011767789,0.03955781,0.008270222,0.0001213838,0.00011534069,0.0006228601,5.071605e-05,0.00067421625,0.018281419,0.26339197,0.0004874806,0.0012674003,0.0017680663,0.027790843,0.14881395,0.009318975,0.0009763756,0.00013949288,1.2100503e-05,2.3635826e-05,0.00032851758,0.0012597669,0.00037757654,0.00045898947,5.6365334e-05,0.000180241,0.003173722,0.0019294069,0.16630867,0.0004961622,0.00033731168,0.00030051262,2.7616397e-05,0.0062729158,9.917968e-05,0.00060495787,0.021139268,0.000374529,0.09246964,0.0071447236,0.007935669,0.0011600151,0.00403189,0.00019314833,0.0006517048,0.00013423096,1.4863563e-05,6.546969e-05,8.148601e-06,0.0007104117,8.009603e-05,0.0007449829
775536,Farmacología,0.005145127,0.04264995,0.067210056,0.0069402345,0.061000954,0.0041631213,0.0005437953,0.022414625,0.008156888,0.014861779,0.016009508,0.00226731,0.022861587,0.0003117634,0.0008640551,0.0008388777,0.06760673,0.2722543,0.0014213361,0.007267541,0.0010468349,0.009805829,0.066544704,0.005345667,0.022837818,0.0008795798,0.0024673538,0.011019472,0.0007726417,0.12200077,0.00060385664,0.0052494016,0.002901385,0.004335555,0.06414658,0.01720355,0.016117834,0.016882608,0.07429056,0.03158601,0.0014331337,0.0060169757,0.037557006,0.0011187573,0.08991859,0.00032525318,0.0032620882,0.047335047,0.0034939474,0.004336026,0.009699229,0.004495777,0.008923848,0.0857586
698184,"Chemistry, Organic",0.00058246404,0.0034301744,0.01796361,0.004475521,0.0628886,0.0001539741,0.00026318964,0.0020465604,0.0029815023,0.0020876136,0.006493011,0.0039175395,0.06332211,0.00012170216,0.0003237836,2.2002514e-05,0.0065469085,0.00870437,0.00041146603,0.009957894,0.0001028372,0.00060529896,0.0013078738,0.0017323623,0.00018429366,8.293533e-05,0.00029450754,0.0003875447,0.0019966967,0.007561158,0.00021088244,0.00036555761,0.000598013,0.0017182293,0.0077916984,0.00023994388,0.0001773639,0.00045355933,0.012332875,0.0012737596,0.0001002207,0.000105797255,0.004283336,0.00043310822,0.003857692,8.280009e-06,0.00025878247,0.048295833,1.0285924e-05,2.9882513e-05,0.000327182,0.00037516744,0.00011316066,0.028313575
692632,"Chemistry, Multidisciplinary",0.0005863474,0.0029903967,0.0032382524,0.10087494,0.0056746365,0.00022091682,9.609885e-05,0.0023963582,7.877221e-05,0.0005585185,0.010555593,0.8081104,0.0014801557,0.0010587085,0.006090498,0.0060486747,0.05036354,0.0015600787,0.0017740845,0.00012546068,2.1453356e-05,3.781406e-05,2.685622e-05,0.0012948521,7.349855e-05,4.496589e-05,2.7376129e-05,6.7806126e-05,0.003233257,0.0015571386,0.10994659,0.0020388889,0.00024258324,0.000601434,1.0686466e-05,0.0007314327,9.895909e-06,0.00040828146,0.015924606,0.0012137393,0.0015124877,0.001800303,0.007925151,0.00030283682,0.0017742205,0.00016635637,0.0022209382,0.00028064114,6.508554e-06,2.912002e-05,4.279033e-06,0.00037750494,2.4755532e-06,0.00071283116
668213,"Chemistry, Multidisciplinary",0.00017543318,0.0025129179,0.017557032,0.21066749,0.008687653,0.00028863177,9.2203045e-06,0.00084878283,0.00060235156,0.0003399649,0.022534875,0.69554937,0.04225866,0.00010099819,0.0025596877,2.8936565e-05,0.0025481465,0.0010981645,7.4560485e-05,0.00014889172,7.2439016e-06,1.2155813e-05,3.6279812e-06,0.00038544726,1.1220944e-05,1.1756423e-05,3.0592573e-06,1.7023887e-05,0.001036454,0.00059916684,0.0024496177,0.0004878053,0.00020152863,0.00018795239,7.152008e-05,0.0001544909,8.288754e-06,0.00014763518,0.0090136705,0.001503951,5.4320848e-05,6.130378e-05,0.0031873535,9.693583e-05,0.00056589127,3.8694675e-06,0.00019559542,0.0003615201,6.8822993e-07,3.1300826e-06,4.276357e-06,9.8778255e-05,9.973407e-07,0.00085630035
666537,"Biochemistry & Molecular Biology;Chemistry, Multidisciplinary",0.0006756599,0.004811675,0.022887778,0.85712004,0.004072992,0.0075054783,1.2406336e-05,0.00044154297,0.018194418,0.0003427689,0.023156282,0.7561585,0.010936033,0.00021256502,0.004601364,0.00010788184,0.0019987454,0.0020688884,0.00010408779,0.00018580277,8.45495e-06,0.00037253968,8.759225e-06,0.0008484335,4.6993107e-05,1.7107965e-05,8.562498e-06,4.0941177e-05,0.004727602,0.00022834203,0.009704054,0.0027192896,0.00034015704,0.0004086126,0.0007781664,0.00032381757,3.9238203e-05,0.0014838278,0.0034060692,0.0013177885,0.0003892465,9.622934e-05,0.007219057,0.00049060566,0.0003888886,8.348013e-05,0.00083490874,5.686191e-05,2.375283e-05,0.00016575011,4.2806823e-05,0.00054540834,9.37197e-06,0.00011815231
944974,Biochemistry & Molecular Biology,1.878441e-05,0.0009809897,0.078621745,0.99692196,0.0187531,0.06988304,1.4375098e-07,3.8498933e-05,0.0077879946,0.003091277,0.0041583814,0.25830108,0.005596911,6.139173e-06,1.2393541e-05,3.7462164e-07,0.00010355812,0.00024526237,8.33314e-06,4.550124e-05,5.74701e-07,8.079107e-06,5.6979917e-07,0.00016267033,1.6512562e-05,1.7609057e-06,7.456038e-07,0.0006458028,2.399059e-05,1.2919933e-05,0.00023627006,0.00069683895,5.4246928e-05,5.1841685e-06,0.00017002781,0.00018027726,7.058163e-05,1.2590796e-05,0.0004767149,0.00018188768,0.00015090288,1.6404933e-06,0.0011474551,4.2007538e-05,0.00036720608,6.605925e-06,6.0361293e-05,2.9464484e-08,9.747162e-06,7.430058e-05,1.4703805e-06,2.6068987e-05,1.7568531e-06,4.4334406e-06
721234,"Chemistry, Multidisciplinary",0.0023429394,0.005661793,0.0140221855,0.0870778,0.02504236,0.0011581343,0.0002220932,0.0039149486,0.00067330763,0.0057024187,0.009843194,0.45925704,0.008185013,0.0026240756,0.006069523,0.002286589,0.074875705,0.008886036,0.0031048467,0.0021054577,8.130398e-05,0.0010333866,0.00016837382,0.0038434693,0.0002820136,0.00010718928,0.00015867542,0.00022390619,0.014252588,0.011163953,0.100355186,0.0047099907,0.00059725426,0.0017237358,0.0003675409,0.0012328236,0.00015702445,0.002527677,0.038845085,0.0031335724,0.0018587259,0.0025971865,0.0110302605,0.00053048675,0.0052110935,0.00036435813,0.004249822,0.008228346,3.7075093e-05,9.40856e-05,6.156875e-05,0.00094243145,1.8804647e-05,0.0071308147
652636,Patología,0.002458723,0.26904854,0.07694567,0.012818818,0.06456107,0.00481671,0.00024312783,0.016217556,0.012789748,0.030106995,0.01929503,0.16908832,0.021082338,0.0017172243,0.004674129,0.010782538,0.17348205,0.24354354,0.004367038,0.00038193294,0.0017540498,0.001270527,0.01806727,0.0078120627,0.055447925,0.0054301047,0.0014701036,0.0011595588,0.009004614,0.12787361,0.0032506615,0.036266964,0.0034972194,0.027997512,0.0044103977,0.12293347,0.016218362,0.032143757,0.3233727,0.028661033,0.0019592338,0.015341539,0.24061303,0.008005864,0.07144903,0.000767593,0.0199703,0.003481602,0.0018264627,0.00273378,0.0051126312,0.0034687747,0.0016271406,0.03549321
652803,Rheumatology,0.0022344515,0.0039962125,0.02425332,0.007441914,0.04059045,0.00043547817,0.0011507153,0.011732536,0.0016953067,0.002657669,0.016493974,0.0014694605,0.07276975,0.00024318673,0.0006565566,0.00014306043,0.0106422035,0.041853298,0.0010039886,0.03548048,0.00030833692,0.0024815956,0.005145593,0.0027537474,0.0007574221,0.00025422376,0.0011555665,0.0031960555,0.00088372594,0.018136865,0.00073623203,0.00046295562,0.0011154398,0.0010201636,0.048534043,0.0012122351,0.0007838569,0.0016744024,0.024116699,0.0057650167,0.00067975314,0.0006602169,0.0066833408,0.0005250906,0.011169339,6.8172245e-05,0.0004154274,0.16755152,0.00011128615,0.00023720927,0.0015897714,0.0021143195,0.0016569273,0.056026623
789503,"Chemistry, Multidisciplinary",0.0003312635,0.21737963,0.016339615,0.011438547,0.021141404,0.0010278118,5.7389567e-05,0.0019193406,0.037107244,0.0053681163,0.012671307,0.27474594,0.010068026,0.00054009934,0.0024117103,0.006682027,0.030300796,0.07277578,0.00083994993,4.3931836e-05,0.00022957829,0.000117346135,0.0032345038,0.0016698071,0.025888579,0.015421228,0.00034689292,8.4690066e-05,0.031024747,0.022186242,0.0007229257,0.0067986967,0.0024645801,0.037718024,0.0015613508,0.13029724,0.008073684,0.010129099,0.22440188,0.0027594706,0.00058806146,0.003142694,0.1662265,0.014803667,0.007852081,0.00010363844,0.003389643,0.00020663395,0.00022535639,0.00075479015,0.0023732076,0.00089112454,0.00049351424,0.008239102
640415,Enfermedades infecciosas,0.000635171,0.031338006,0.043424007,0.0010664443,0.08293511,0.0009477008,2.1400718e-05,0.0017895338,0.00034314068,0.035015743,0.0015995891,0.020117177,0.001959788,0.000546037,0.00017190428,0.0029818409,0.5663222,0.07577913,0.0015294055,0.00015273223,0.00026325588,0.00024027399,0.008401044,0.0033434196,0.015926693,0.0008917553,0.00034066814,0.0009099052,0.00095262006,0.10312829,0.0028788943,0.0051212264,0.0006495342,0.002931669,0.00018053011,0.038231675,0.007994704,0.016158482,0.11354359,0.0021863822,0.0042800084,0.011551761,0.024185909,0.0014047273,0.15657064,0.000101452824,0.0030751755,0.00072490354,0.00015319063,0.00018960133,8.703689e-05,0.0002549646,0.00037282036,0.024911655
652795,Parasitología,0.0017335089,0.22795658,0.09053534,0.042316645,0.06529284,0.009976005,0.00035951004,0.009463494,0.011296406,0.036641356,0.028376628,0.17777982,0.03177532,0.0025560039,0.0027413538,0.009497638,0.15185778,0.10434605,0.003952493,0.00082107633,0.003359642,0.0005258534,0.010239958,0.0079800105,0.06850132,0.040965587,0.0019340025,0.0020257458,0.008378598,0.053634174,0.0044441246,0.013915676,0.0063197007,0.0148013225,0.0019274822,0.38060448,0.060937557,0.031795103,0.239813,0.013113011,0.008066901,0.010522506,0.31264225,0.021691455,0.13910747,0.001030619,0.007879568,0.0003161978,0.001717293,0.003973406,0.0020611763,0.0018462007,0.0056132562,0.030212639
636371,Parasitología,0.0006106165,0.14209104,0.02183245,0.0040405677,0.006846575,0.0008317916,4.358635e-05,0.008996403,0.0012848361,0.0040227547,0.0051741265,0.042887475,0.002674032,0.00055168197,0.0010838282,0.010799855,0.0859786,0.07573306,0.0008553189,3.845629e-05,0.0006539172,0.0001187172,0.0076482804,0.001072149,0.096466064,0.006942529,0.000345112,0.00027568228,0.0009193645,0.04432544,0.0009411944,0.0048753163,0.0007474783,0.00582418,0.00082231336,0.36297414,0.022752542,0.01776508,0.16504219,0.01011231,0.00076693535,0.0130814975,0.18329212,0.0024246166,0.069480136,0.00018684615,0.0037302368,0.00014760775,0.0006985245,0.001496166,0.0011333444,0.0010671645,0.0014351748,0.009924867
652796,Plaguicidas,0.0016419266,0.20223536,0.054635886,0.017511303,0.016302194,0.0022921106,0.0001918997,0.017425403,0.0095597105,0.0040323096,0.08438168,0.20633069,0.024395367,0.0013989413,0.007067428,0.01239829,0.08342654,0.08722183,0.0021028954,0.00016372616,0.002669164,0.00031071063,0.016876135,0.0046455003,0.05160077,0.01424595,0.0006680104,0.0008078234,0.004025111,0.024720557,0.0020373585,0.0144299315,0.004375447,0.017530462,0.0026504365,0.2856179,0.017337596,0.024091866,0.17431931,0.025441408,0.0035674074,0.010403375,0.3303729,0.018691923,0.04625419,0.0004911708,0.0061428444,0.0006615099,0.0009976821,0.0025520606,0.0036471682,0.0025054312,0.0034737939,0.014669159
628257,"Chemistry, Multidisciplinary",0.0032421763,0.051742308,0.072011776,0.22581667,0.019526927,0.006452833,0.0004007335,0.017123524,0.010303646,0.0027700786,0.1180064,0.59755725,0.092713766,0.0022325006,0.024725039,0.0033737011,0.032875326,0.040457822,0.0020551279,0.0007432661,0.0004915319,0.00062337174,0.0012501017,0.0040341825,0.0018245504,0.0006454441,0.00017708454,0.00037436353,0.015512124,0.007893331,0.013630307,0.013813352,0.002262755,0.007757258,0.008469503,0.008632458,0.000833185,0.006155284,0.07925745,0.03241689,0.0017202105,0.00323453,0.065557316,0.002639595,0.006631411,0.00048606057,0.004961878,0.0038109643,0.00021047867,0.0004804264,0.0017010592,0.00949649,0.0003441907,0.0066749253
628253,Plaguicidas,0.00031454806,0.2465105,0.013261732,0.0030847068,0.0033397623,0.0002784286,1.2736016e-05,0.0049919267,0.0011797262,0.001978049,0.0057232315,0.29114902,0.003611441,0.00057379436,0.003649706,0.0149098225,0.077983044,0.09690482,0.0007626914,3.9041543e-06,0.00018944843,4.8944054e-05,0.0017407598,0.0014346296,0.031321615,0.00076536817,0.00010372544,4.2235253e-05,0.0023103761,0.028221644,0.0012836234,0.01777933,0.00033367716,0.009353322,0.00045172105,0.17335857,0.0025349644,0.007205216,0.2479998,0.010122917,0.00021134218,0.010037969,0.34679452,0.00221018,0.013752716,0.0001478107,0.010966464,0.0001448614,0.00014140717,0.00041628483,0.00059669267,0.0010789317,9.239471e-05,0.0028874387
628254,Patología,0.0004763068,0.23439868,0.021319816,0.0032580704,0.0078253355,0.00062742754,1.9629244e-05,0.006603542,0.0016667893,0.0052737696,0.0042191865,0.14165021,0.0040362887,0.0004518345,0.0019455244,0.010930778,0.09823181,0.15255992,0.0009652205,1.2961102e-05,0.0002558505,0.000114347764,0.0035355634,0.0015855039,0.0506016,0.0013915256,0.00021627186,0.00012741463,0.0018257276,0.06167756,0.0010092325,0.014968725,0.00052145356,0.00883684,0.0008682006,0.1782049,0.006199861,0.011558826,0.2751596,0.012214472,0.00028883212,0.011862318,0.25882033,0.0018068308,0.0310376,0.000170666,0.010646759,0.00028978675,0.00035247204,0.0007621723,0.0011019154,0.0012182565,0.00026914486,0.0067714537
613178,"Chemistry, Multidisciplinary",0.00013143523,0.07688913,0.008740081,0.107231,0.0021220946,0.00089581584,1.5923553e-05,0.0018237655,0.0011443805,0.00046697806,0.045797262,0.6279839,0.00678084,0.00022066652,0.0033689605,0.0059260954,0.03665058,0.064665794,0.00026769072,6.8741383e-06,1.6465545e-05,1.8030623e-05,0.00034844995,0.0011244499,0.0021927413,0.00025017888,1.7346441e-05,3.713578e-05,0.0038816785,0.0017624627,0.0043780194,0.0071655526,0.00021046803,0.001328302,0.0006613429,0.068466485,0.00040124322,0.0023024727,0.07980922,0.004231796,0.0012043318,0.0021567864,0.22641958,0.0017383328,0.001985301,0.0001327044,0.002321025,2.0558879e-05,5.298466e-05,0.00031246326,0.0002852861,0.0012682951,7.217515e-05,0.0004044649
604414,Immunology,0.008490335,0.0015601157,0.045108084,0.004550451,0.0021237067,0.0016272824,3.681255e-05,0.0047875457,0.0035319133,0.0006748318,0.0006770729,2.0209443e-05,0.00067622465,0.00012568508,7.9098885e-05,1.4231752e-05,0.003962408,0.023489414,0.00014538018,0.0044933152,0.00023591597,0.29667208,0.014889128,0.00067827705,0.006046531,1.2350149e-06,0.0007008283,0.0033490858,1.8334445e-05,0.027205393,0.0003049312,0.00089448865,9.7162934e-05,0.00014989656,0.11855704,0.00059977366,0.010070597,0.003929376,0.0031940297,0.009548917,6.050819e-05,0.00025082086,0.0019835522,2.8835388e-05,0.023165138,8.5418396e-05,0.0010478736,0.020302862,0.0019837958,0.0016630864,0.001071864,0.002275669,0.0006669003,0.005214142
634266,Biochemical Research Methods,0.00050094194,0.00794435,0.18223678,0.17147186,0.054919012,0.03609401,3.827964e-05,0.0046416824,0.05199087,0.009743168,0.009401512,0.04185909,0.03637123,6.226158e-05,0.00032571182,7.153032e-05,0.002759145,0.028806375,0.0004364325,0.00065404776,0.00016583406,0.00081101916,0.0008871365,0.002049363,0.0014834824,0.0002336214,0.00019037521,0.0042068074,0.0001812433,0.006541901,0.0001647838,0.0011798412,0.007546695,0.001060418,0.008789463,0.0040398827,0.008014071,0.0012862626,0.015538688,0.019892756,0.00028528093,0.0004480456,0.005795558,0.0004682283,0.008295736,3.861122e-05,0.0004773451,0.001067974,0.000351574,0.00076597306,0.00088466273,0.0008332807,0.0013275242,0.0029336743
716945,Genetics & Heredity,0.010793224,0.0011986106,0.018937783,0.0031760489,0.02078283,0.00027382607,0.009749915,0.0032888658,0.0008436035,0.0025097395,0.00352299,1.6114649e-05,0.010458299,0.0022275161,0.00012427429,5.775169e-05,0.020459633,0.007609048,0.0016467071,0.7438319,0.006339828,0.16366282,0.028941695,0.00910527,0.0017692829,0.00024993095,0.01589934,0.014526531,0.0003119686,0.021618962,0.0036041373,0.00029513575,0.00037541447,0.00043971738,0.03271109,0.0014656091,0.0074602794,0.0035138964,0.0034471094,0.0012718891,0.0025850283,0.00056650024,0.0035044106,0.0015270836,0.038612388,0.00038790837,0.00044536058,0.07633719,0.00080819876,0.0020372497,0.00033024815,0.0010396274,0.0036992691,0.12756467
646927,"Biochemistry & Molecular Biology;Chemistry, Multidisciplinary",8.521005e-05,0.009993147,0.021667015,0.9155629,0.01332943,0.010887004,3.4165464e-06,0.00035385822,0.0032255687,0.0010202009,0.024159465,0.791116,0.009668345,3.7174224e-05,0.0005571032,0.00016788502,0.0049514924,0.009630023,0.00012354023,1.6055561e-05,1.4037029e-06,1.308747e-05,9.561938e-06,0.00055934506,9.409627e-05,1.7891094e-05,3.4925113e-06,9.633014e-05,0.0013124346,0.00021015201,0.0028046495,0.004360605,0.00015437708,0.00012825146,0.0003191799,0.0017660477,4.4673325e-05,0.0003205858,0.009857505,0.0014355951,0.0007715097,0.00010448338,0.031977016,0.00020372415,0.00086023967,4.827663e-05,0.00063789194,2.4457695e-06,2.731068e-05,0.00017908978,2.2688988e-05,0.00039720535,9.082069e-06,5.7739355e-05
634253,Biochemistry & Molecular Biology,0.00045614524,0.0014859877,0.032508105,0.9145383,0.005082033,0.015780376,6.6240045e-06,0.00073767634,0.001071719,0.0011831286,0.0067925397,0.273989,0.0027785802,0.00011712858,0.00021923606,2.4326999e-05,0.0024529768,0.001209929,0.00015143865,0.000326214,6.037841e-06,0.00038949394,1.46399825e-05,0.00066679803,9.175822e-05,6.4263877e-06,8.0119025e-06,0.0003176799,0.00029384898,0.0002015986,0.011111278,0.001633267,6.0269893e-05,3.6962727e-05,0.0005291258,0.0010567084,0.00019720098,0.00019917116,0.0017721223,0.0010988278,0.0008786823,8.524247e-05,0.0040429076,0.00010757326,0.0014030609,8.150659e-05,0.00053953106,1.4556286e-05,3.9747043e-05,0.00032718762,1.4393523e-05,0.00030517258,1.059823e-05,0.00013664359
649108,Genetics & Heredity,0.035351727,0.0022813634,0.050672848,0.10893248,0.023300394,0.0066130767,0.004848025,0.013004279,0.0047960845,0.005874928,0.028295744,0.00020923847,0.0134339845,0.004304833,0.0007561107,0.00012613628,0.023485312,0.01314784,0.0025486823,0.716642,0.0043440955,0.35768172,0.029817086,0.011360392,0.0018847883,0.00029285168,0.00783006,0.106536835,0.0006426581,0.011582892,0.020586023,0.002399883,0.0015226643,0.00036285826,0.06333125,0.0024544708,0.009037309,0.011801032,0.0039005762,0.0066534583,0.008592257,0.0022817617,0.011474152,0.0011101331,0.051594622,0.0025404661,0.0033909478,0.051856726,0.004443445,0.009607043,0.0012458368,0.0041756434,0.008170677,0.06508311
636200,Biochemistry & Molecular Biology,0.0005310863,0.009450996,0.115122594,0.98395365,0.029548926,0.14114684,1.4759799e-05,0.0010963535,0.027484674,0.0063628256,0.03709152,0.117964625,0.0347022,8.0961625e-05,0.00023646724,3.6700807e-05,0.001631889,0.011671044,0.00010447173,0.00080009847,2.3824858e-05,0.00031081284,8.308059e-05,0.0015998678,0.00072541315,8.855201e-05,3.2754262e-05,0.004753016,0.00019957985,0.00025074987,0.0012087466,0.0037778176,0.00042665395,8.072296e-05,0.008865984,0.007240582,0.0015908562,0.0004962623,0.0041475235,0.004783269,0.0011707167,9.8324825e-05,0.026927222,0.0004400524,0.0038159385,0.00027947113,0.0005533273,5.776034e-06,0.00075672846,0.0034041435,0.00019129338,0.0011395458,0.0004260423,0.00017155077
636240,"Chemistry, Multidisciplinary",5.5395394e-05,0.02410774,0.010018942,0.39984357,0.00280921,0.001278634,1.8798339e-06,0.0005040413,0.0008373811,0.00026897396,0.017429361,0.8854867,0.0042454256,6.640728e-05,0.0015966248,0.00094955723,0.015705395,0.015650751,0.0001445114,1.5827408e-06,1.7756358e-06,5.0211193e-06,1.5337131e-05,0.00039377,0.00021880251,1.9660025e-05,1.7158449e-06,8.509059e-06,0.0027364187,0.0004213097,0.0032625578,0.006218209,8.692367e-05,0.000447141,9.928282e-05,0.0059083016,3.5130124e-05,0.0006623559,0.027086245,0.0017916671,0.00021707015,0.00031574533,0.07865899,0.00023971545,0.00054112804,3.0933785e-05,0.0012899259,3.8239345e-06,7.915709e-06,4.642851e-05,2.0514304e-05,0.00040057153,3.0083263e-06,8.271364e-05
639654,Biochemistry & Molecular Biology,0.00023950958,0.0031120381,0.055677608,0.99133384,0.03688374,0.12650329,1.3584134e-05,0.00035447456,0.027650455,0.0068766614,0.023412831,0.12415031,0.018353794,3.935681e-05,0.00013148501,1.6146385e-05,0.0005317486,0.0044524,5.7739522e-05,0.0014174776,8.641991e-06,0.00015888966,2.333513e-05,0.0013798315,0.0001943143,4.6949255e-05,2.4952235e-05,0.0066194073,0.00013209815,0.00010551898,0.00119123,0.0012255243,0.000603603,3.095438e-05,0.002520453,0.0015774327,0.00048148906,0.00016463902,0.0016455724,0.0017646418,0.0012166488,4.6809637e-05,0.0082070455,0.00031886174,0.0016922717,0.00018011525,0.0002109983,3.0564431e-06,0.00026263614,0.0016669304,5.1955136e-05,0.00037319816,0.00012690658,6.9173664e-05
639543,Biochemistry & Molecular Biology,8.482309e-05,0.0010774754,0.09195853,0.99527854,0.012576981,0.13213924,9.3534544e-07,0.00018555684,0.009068962,0.0035688416,0.010584028,0.022006135,0.013505674,1.3995621e-05,1.3855713e-05,1.0400245e-06,0.00021907849,0.001171573,1.1231672e-05,0.0005962495,4.050964e-06,5.2335497e-05,7.42601e-06,0.00032298727,0.000117879295,1.0992081e-05,2.3829696e-06,0.0039581303,1.2211307e-05,2.3732451e-05,0.00028400164,0.0004271702,7.815537e-05,4.9513324e-06,0.0020010895,0.0013918483,0.00079791324,4.266695e-05,0.00047746324,0.000710451,0.00026294435,7.200957e-06,0.0041287714,5.681324e-05,0.0010168769,3.2722324e-05,4.8352926e-05,2.7038342e-07,9.128267e-05,0.0005677122,1.5150489e-05,0.00010955861,6.645947e-05,2.1744338e-05
730980,Biochemistry & Molecular Biology,2.6394466e-05,8.166701e-05,0.008389322,0.9941624,0.0013278681,0.014486959,2.4877744e-07,4.119669e-06,0.2724661,0.00022921411,0.0025781526,0.004372081,0.0037758818,9.899033e-06,2.5663832e-05,1.2688521e-07,5.4763905e-06,4.7593338e-05,1.9835872e-07,0.0021013163,4.694297e-07,6.284927e-05,3.2286061e-07,3.016986e-05,5.6967765e-06,4.9243454e-06,3.80639e-07,3.42615e-05,3.2531563e-05,2.1621754e-06,0.00016121836,1.637096e-05,7.301904e-05,3.5182652e-06,0.0014088874,1.329117e-05,6.3755404e-05,1.1241905e-05,1.7657889e-05,4.1485862e-05,8.3213545e-06,2.7607226e-07,9.143688e-05,2.7263031e-05,3.4228808e-05,2.1591175e-06,4.38395e-06,1.9059716e-07,3.241596e-06,5.0390303e-05,4.0922127e-06,2.5712017e-05,1.0560436e-05,1.4215e-06
731444,Plaguicidas,8.289818e-05,0.15245873,0.009603945,0.003288245,0.0024600986,0.000120440105,3.5887176e-06,0.002533735,0.0003953695,0.00066257373,0.00951781,0.25718626,0.00277697,0.00014693115,0.0010852776,0.00444141,0.051061805,0.043197732,0.00020161684,2.0224702e-06,8.846256e-05,5.6137546e-06,0.0007667001,0.00044218684,0.0149715245,0.0013414833,2.111635e-05,1.6363763e-05,0.00054889993,0.0079039885,0.0003595716,0.0028308078,0.0001776633,0.0028580765,8.3460625e-05,0.23077889,0.0020218617,0.0031939337,0.1649424,0.0047681844,0.0001773304,0.0027324178,0.2929055,0.0013466611,0.012686044,2.371856e-05,0.0012617331,2.2582653e-05,3.1740226e-05,0.0001081747,0.0001084272,0.00024171168,7.38335e-05,0.0019623216
633695,"Chemistry, Multidisciplinary",2.0902371e-05,0.0039839065,0.023769416,0.05574921,0.033722334,0.0026021386,2.8500717e-06,0.00014014135,0.068452306,0.0026419596,0.0016595053,0.088243976,0.018339267,8.07146e-06,0.000111407084,1.7348078e-05,0.00054635404,0.007025537,5.8099253e-05,5.5794877e-05,2.6268444e-06,2.708898e-05,4.045214e-05,0.00021591398,0.000101326754,4.504868e-05,2.3196746e-05,2.2309583e-05,0.002342166,0.0011057814,2.9402134e-05,0.00027255734,0.0010166271,0.0012725138,0.0013817897,0.00027557084,0.00012396302,0.00015367138,0.009173544,0.0006636114,1.5943582e-05,1.9905106e-05,0.0020851009,0.00024374035,0.00053934695,1.3152345e-06,0.00010669164,0.00021018667,3.022639e-06,9.342673e-06,0.0002005126,8.205264e-05,2.199079e-05,0.0007808495
715796,"Chemistry, Multidisciplinary",0.002194528,0.011523272,0.0314162,0.39787886,0.013515989,0.0050928653,8.406136e-05,0.004851523,0.0011218677,0.009811573,0.0070976582,0.69388664,0.008384714,0.005759002,0.0068674935,0.002459372,0.047722246,0.0061494997,0.00628423,0.00030666558,6.7579735e-05,0.00047075958,0.0001359238,0.0017523008,0.0012301737,0.00017994495,4.0839943e-05,0.00010048463,0.048981637,0.005605126,0.12625189,0.029608905,0.00028259796,0.004618413,0.0019481909,0.0035703003,0.00050130213,0.00096266053,0.042636804,0.0051984014,0.0016997001,0.0014520953,0.015770966,0.00070636853,0.0030625346,0.00066863355,0.016130026,0.0006498986,7.192944e-05,0.00018516871,0.00027861368,0.005327454,1.6483284e-05,0.001809477
718458,"Biochemistry & Molecular Biology;Chemistry, Multidisciplinary",0.00017936272,0.011540219,0.025843734,0.9083207,0.013912973,0.017901896,7.751849e-06,0.00083996874,0.004295218,0.0013336038,0.03484446,0.6817983,0.012612014,5.077281e-05,0.00077463035,0.0003151075,0.0069995383,0.020597477,0.00019650838,3.365076e-05,2.8841212e-06,3.6259273e-05,3.0702573e-05,0.0008542886,0.00018716141,3.0070416e-05,6.8665972e-06,0.0002658194,0.0013592079,0.0003307192,0.0035938434,0.0061358996,0.0002551207,0.00016536353,0.0011227956,0.0028853077,9.125247e-05,0.0006671794,0.011542417,0.002772315,0.0012849757,0.00020898768,0.04183855,0.00026045897,0.0013689572,0.00010955046,0.00096395414,7.378297e-06,8.697067e-05,0.00042501924,7.9430945e-05,0.0009772363,3.9209546e-05,9.349567e-05
723203,Biochemistry & Molecular Biology,0.004744612,0.011753719,0.052859455,0.1423237,0.09372258,0.0062831044,0.00092671014,0.0044295383,0.035381757,0.012631929,0.025631253,0.06817968,0.062243585,0.0013335149,0.0034451901,0.00029136922,0.019239586,0.01795725,0.001067132,0.03663696,0.00055708614,0.006474108,0.0014159712,0.010405299,0.0010981293,0.0008430446,0.0013324243,0.0049451673,0.0044601616,0.015819853,0.0053564403,0.0028209772,0.0081396215,0.002617786,0.0072494503,0.0029701882,0.0020298248,0.005518352,0.020285029,0.0065275035,0.0018275497,0.0014298817,0.014084707,0.0026632943,0.015552588,0.0003214424,0.0026375204,0.013364097,0.00036094483,0.0012392388,0.0007812548,0.0014964346,0.00089544844,0.01903215
719531,Infectious Diseases,0.0056395098,0.003624963,0.00691017,0.00021340066,0.013114886,0.00032240213,0.0020802268,0.006895552,0.0006610338,0.001042452,0.012506141,3.936697e-06,0.0011970191,0.00010266153,7.151947e-05,0.0007665547,0.020566784,0.042653862,0.008981207,0.015221765,0.0010433109,0.05458637,0.7049967,0.003957089,0.006041881,0.00020448155,0.009967348,0.108678065,0.0006073537,0.015808804,0.00023170741,0.0014633171,0.00043072514,0.0032650693,0.2862723,0.0010934393,0.0044155223,0.0044519096,0.01618464,0.005817453,0.0127491355,0.003661269,0.0039255875,0.0015451052,0.036255505,0.00022544213,0.0022336065,0.12834316,0.004892393,0.0054959343,0.030488217,0.0046769297,0.017541273,0.07319284
723276,Enfermedades infecciosas,0.027989853,0.07845157,0.110596485,0.16024423,0.14227048,0.016406117,0.009676489,0.039533913,0.014351564,0.04445953,0.11627466,0.16676019,0.12029434,0.0125406375,0.02158871,0.0075443992,0.19551255,0.10195078,0.012661719,0.07515818,0.006712645,0.020381575,0.015610018,0.05274857,0.008819583,0.0058743823,0.009935331,0.02675437,0.016402062,0.068075426,0.05338483,0.027093472,0.014360283,0.011170413,0.014555203,0.031222573,0.008499198,0.03860735,0.103458874,0.04124152,0.029765822,0.020421132,0.114537805,0.0147080915,0.113892436,0.0060098628,0.023244465,0.035202015,0.0050670635,0.008853399,0.003712974,0.0126190595,0.005790842,0.09223952
721164,Biochemistry & Molecular Biology,0.00085648306,0.000909516,0.097685166,0.82682425,0.004288745,0.037638646,7.883426e-06,0.0015419738,0.0042441273,0.0010653806,0.021565717,0.0038611789,0.014158669,8.8705674e-05,8.818242e-05,1.2640835e-05,0.0013881443,0.0032988612,6.2149215e-05,0.0024498377,4.982669e-05,0.00085845427,0.00024350529,0.00041201472,0.00043418756,5.4759195e-05,1.4383931e-05,0.0036808567,3.2380765e-05,0.0002329077,0.0013236194,0.00040310246,0.00014582474,1.5613263e-05,0.025402663,0.0036889673,0.005129177,0.00050256157,0.0013417178,0.0034099258,0.0014447503,6.2588864e-05,0.003658501,0.00017632553,0.0048492053,9.1334055e-05,0.00011233089,3.9761482e-05,0.00026240989,0.0011513035,0.00019007592,0.0011638806,0.0028209195,0.0003753355
723192,"Biochemistry & Molecular Biology;Chemistry, Multidisciplinary",0.00037752112,0.005351306,0.05846524,0.87122536,0.0045737945,0.012581132,4.0550613e-06,0.00122711,0.0011433165,0.00058971334,0.0102008665,0.7499229,0.004551918,0.00013287115,0.0007617613,6.0657418e-05,0.004885793,0.0017514209,0.00028488925,2.5727986e-05,6.410387e-06,0.00011581858,1.2480765e-05,0.000506367,0.00010253502,4.764349e-06,3.4441737e-06,6.414039e-05,0.0008689897,0.0002615828,0.007901425,0.008837658,4.868528e-05,0.00016774904,0.00038942022,0.001331613,7.7871635e-05,0.00032061085,0.0058141495,0.0025920875,0.0003737431,0.0001033967,0.011543653,0.00013378743,0.00096109527,4.882108e-05,0.0019940748,9.270551e-06,2.1364422e-05,0.00017325577,2.2835076e-05,0.00059783086,3.4815537e-06,0.000104724364
720094,"Biochemistry & Molecular Biology;Chemistry, Multidisciplinary",6.843944e-05,0.0073634936,0.026635401,0.9698846,0.026134301,0.010649853,4.6914197e-06,0.00014895774,0.0045415326,0.0013723713,0.049348146,0.6531987,0.023707418,4.33349e-05,0.0003796335,4.1159263e-05,0.0019046166,0.0037349747,8.2855106e-05,7.539402e-05,1.7250989e-06,9.387293e-06,4.929843e-06,0.0006566554,3.9096787e-05,2.1278958e-05,4.6896575e-06,0.00018037097,0.00095548196,0.000107581865,0.0024020015,0.0019811313,0.00018100964,6.517281e-05,0.00023579049,0.0008547095,2.8997783e-05,0.000116994066,0.0057006753,0.00073421665,0.001108493,3.641594e-05,0.021230714,0.00026431293,0.00073452014,3.6328216e-05,0.00027562864,1.2303456e-06,1.8168139e-05,0.0001311922,7.37485e-06,0.00020378747,7.01745e-06,4.181932e-05
716902,Biochemistry & Molecular Biology;Parasitology,0.00032123286,0.000113356895,0.0070329187,0.9210129,3.2733027e-05,0.0038633544,1.7168662e-06,0.0021390927,0.0004261028,3.0507583e-05,0.0018487816,0.0005852713,0.0016475673,5.1611045e-05,0.00011815907,3.935991e-06,1.5451657e-05,0.00050278316,3.2734715e-05,0.00017701383,8.4986334e-07,0.0007800756,2.7633312e-05,1.1123784e-05,4.0933406e-05,3.0105943e-07,3.3053152e-07,4.3411135e-05,0.00023793116,8.233057e-06,0.003614608,0.00054618245,2.1094274e-06,5.3080876e-06,0.79022694,6.2129664e-05,6.587287e-05,1.3599805e-05,0.000112836206,0.0009934821,3.1033243e-05,2.9047906e-06,0.00026029264,2.8364975e-06,1.9567495e-05,6.0716222e-05,0.00020323948,9.8047494e-05,1.6221671e-05,2.9549823e-05,0.0016561599,0.015521837,5.093736e-05,5.5148175e-06
716931,Farmacología,0.0030096353,0.1108434,0.1045221,0.08782503,0.077145584,0.052464813,0.0005972893,0.022353474,0.08713358,0.035846252,0.021157708,0.076799005,0.04152757,0.00046458867,0.0027614236,0.0056180735,0.023837691,0.28427446,0.004775535,0.0016030876,0.0008192807,0.0035962823,0.021228505,0.0063626147,0.034665447,0.0076834224,0.0025736098,0.008253238,0.006204417,0.061635643,0.0012907704,0.011708092,0.016083838,0.015020793,0.06458367,0.08070902,0.036393944,0.015582799,0.14668688,0.058550183,0.0022262468,0.007597136,0.080854334,0.00616412,0.033320446,0.0009858834,0.008561988,0.004946362,0.007566986,0.010365041,0.04136609,0.00864307,0.019099638,0.027096359
721162,Biochemistry & Molecular Biology,0.00010950314,0.0017828749,0.018965652,0.5206958,0.003239866,0.00021928601,2.2742386e-05,0.0007073023,0.0012181475,2.4217536e-05,0.39178684,0.028561465,0.37760392,2.6139964e-05,0.0010912814,5.463104e-06,0.0002466751,0.001040616,8.792266e-06,0.001003904,1.4869461e-05,3.2969135e-06,1.3136939e-05,9.017122e-05,9.2378195e-06,4.529154e-05,1.9378258e-06,4.7891957e-05,0.00012407264,4.4126704e-05,0.00019008953,3.540193e-05,0.00015009881,3.4875433e-05,0.002134518,0.00027096955,1.138766e-05,3.5526693e-05,0.002508095,0.0015446703,7.1129936e-05,7.997413e-06,0.0057250303,9.2158094e-05,0.0002675828,2.195412e-06,9.13388e-06,7.173154e-05,1.0775063e-06,6.905046e-06,1.4945279e-05,0.00026770504,4.318882e-05,0.0003170185
716926,"Chemistry, Multidisciplinary",0.0022790984,0.06112026,0.079932675,0.14783232,0.040720552,0.007622458,0.00031246446,0.00948678,0.019190546,0.015085333,0.030926233,0.59101224,0.07020701,0.004390885,0.015033907,0.0050019454,0.04275672,0.05126349,0.003259929,0.0007089344,0.00041242203,0.00051559316,0.001100137,0.0047108424,0.005063683,0.0020040025,0.00034949838,0.0002900665,0.04478218,0.021809848,0.014243312,0.016173482,0.0036300248,0.016829442,0.008047396,0.014429681,0.002589734,0.00556192,0.1261055,0.018590972,0.0019135261,0.0033516923,0.049991526,0.005634854,0.010157746,0.00052297424,0.0073455414,0.003279022,0.0002387415,0.00043836678,0.0022062925,0.009712993,0.00039403152,0.011955381
758123,"Chemistry, Organic",0.00034213474,0.004317762,0.019026076,0.0050190617,0.086338006,0.00012622483,0.00014930042,0.0015759357,0.0005760707,0.005094535,0.007650648,0.01795399,0.08876999,0.00017924029,0.00032319673,4.862635e-05,0.023607563,0.010727033,0.00036688204,0.0049271286,6.651654e-05,8.361007e-05,0.0003827744,0.0020560904,0.00015952923,0.00020008173,0.00014181294,0.0003054485,0.00196137,0.010507687,0.0006246552,0.00032999762,0.0005849832,0.00106108,0.0013243735,0.00065973884,0.00020274884,0.0005300142,0.027529754,0.0007931491,0.00036418106,0.00017060824,0.005554319,0.0006046082,0.008449005,8.09126e-06,0.00016320261,0.010553702,4.817885e-06,1.1818769e-05,7.966292e-05,0.00019785397,7.225558e-05,0.031589225
646254,Plaguicidas,0.0013080832,0.120798744,0.112119965,0.04901938,0.13183744,0.004779122,0.0003314799,0.003791357,0.018723287,0.026725879,0.053778894,0.03986539,0.1534861,0.0012375265,0.0016709554,0.00059336366,0.08449241,0.06666252,0.00048902346,0.004583855,0.0023577835,0.0003533266,0.005509044,0.005465735,0.015221129,0.012117133,0.00085899874,0.0019535935,0.0028858879,0.027304595,0.0008629436,0.00504473,0.0043492154,0.0058799293,0.0033919953,0.08339237,0.019966241,0.007411309,0.10039402,0.008053023,0.0017009847,0.0015742651,0.15595998,0.008670701,0.09455668,0.00021068126,0.0016729285,0.0005447026,0.00039080033,0.0011194118,0.0008767616,0.0012487035,0.0031690788,0.037380856
685901,Cell Biology,7.50032e-05,0.07012479,0.023100315,0.10706335,0.19738609,0.003177316,2.5409612e-05,0.00023984507,0.31999522,0.010643088,0.021281429,0.27035823,0.048695166,7.689874e-05,0.0016291457,0.00031657665,0.0055348445,0.0328643,6.685096e-05,0.0002245692,4.1481824e-05,4.2880285e-05,0.00025878765,0.001492526,0.0009949043,0.0024818815,0.00015567124,0.00020201267,0.006468648,0.0038307675,0.00011755714,0.0012086711,0.016441574,0.008539485,0.0005064351,0.0041957535,0.0006521922,0.0015041099,0.03385041,0.0014879014,0.000117001095,0.00027131906,0.032363746,0.0027001991,0.0036974174,1.3652562e-05,0.0006033131,0.00011524494,4.7779693e-05,0.00013369024,0.00016954247,0.00021307313,0.00017493738,0.0018390277
679814,"Chemistry, Multidisciplinary",0.00031130156,0.011851524,0.037956614,0.26707983,0.080155924,0.0024775101,1.8490317e-05,0.0006055413,0.004834303,0.011273035,0.013759547,0.80944455,0.042491306,0.0004796562,0.0020841605,0.0001843796,0.016073942,0.0032233435,0.00036442696,0.00026662348,2.9567467e-05,2.5372055e-05,2.091621e-05,0.0022317308,0.00015686866,0.00028794789,2.6915393e-05,0.00013128719,0.0060560326,0.002948594,0.004531545,0.0027829807,0.0014680101,0.0016179833,8.293494e-05,0.0014312128,0.00021214815,0.000633859,0.029150063,0.0020520145,0.000538561,0.00032940326,0.011189833,0.0011892442,0.0054650586,3.216177e-05,0.0008519754,0.00011740522,9.67715e-06,3.8593473e-05,1.6533455e-05,0.00017618501,1.0222809e-05,0.0022653046
685992,Patología,0.006858887,0.19450313,0.107320584,0.011479436,0.10047154,0.006704774,0.0006052641,0.022013117,0.02904344,0.032725304,0.021965863,0.094981275,0.021282032,0.003240342,0.007211314,0.010729447,0.19443797,0.18238518,0.0053764405,0.0011526945,0.0057836706,0.005806435,0.041793454,0.014260876,0.08566843,0.0058690854,0.0043851915,0.004317708,0.006924471,0.1829886,0.0044301483,0.037557334,0.010592125,0.03873802,0.0060518207,0.102451704,0.031975895,0.07289024,0.22036824,0.032428183,0.0038975321,0.024386708,0.15670294,0.011505172,0.117119454,0.0013442931,0.022942016,0.010206343,0.004281785,0.005268132,0.0062854863,0.0044135773,0.0035646998,0.05048177
686513,Biochemistry & Molecular Biology;Cell Biology,6.3168205e-05,0.0014796365,0.03814039,0.95973873,0.014483441,0.0356056,1.1290543e-06,3.9382907e-05,0.6624813,0.0012396661,0.009530237,0.024015376,0.021350956,5.240977e-06,8.1363774e-05,1.347006e-06,3.897394e-05,0.0008861986,3.4087288e-06,0.00067401386,2.7231622e-06,8.899883e-05,1.1897953e-05,0.00022310429,4.1208707e-05,4.504993e-05,3.9942915e-06,0.00024229729,0.00012757184,2.4732479e-05,2.2742928e-05,0.00018111564,0.0007539913,0.000104285,0.0077308663,6.661366e-05,0.0002766797,4.8891667e-05,0.00022477056,0.0005985992,1.4236666e-05,2.4085361e-06,0.00091421686,0.0002206015,0.00022119419,3.2728112e-06,4.938764e-05,4.2027814e-06,2.8240376e-05,0.00030208647,8.82101e-05,0.00012337528,0.000116660085,1.9448113e-05
686508,"Chemistry, Multidisciplinary",2.7166538e-05,0.0021226883,0.009294109,0.028162632,0.0016059169,3.8582064e-05,6.578469e-08,0.0001357339,6.0029386e-05,0.00029091813,0.00045348797,0.9713519,0.00069197,7.7766184e-05,0.0006974729,5.417827e-05,0.009642296,0.00020895757,6.427895e-05,2.6897533e-07,7.6535974e-07,9.623061e-07,3.183821e-07,7.493085e-05,1.6473556e-05,1.2859169e-06,1.3066176e-07,1.4493426e-07,0.0012167976,0.0008070989,0.003060625,0.0018809511,1.2324251e-05,0.00047803542,5.493425e-07,0.00010900838,3.6868391e-06,8.2717415e-05,0.015049626,0.00046763127,6.5615095e-06,3.1539425e-05,0.002441954,3.141173e-05,0.00027250638,1.0117152e-06,0.000567064,7.3494407e-06,6.44615e-08,2.8979898e-07,1.9283172e-07,1.5801717e-05,5.7931544e-09,0.000100112484
684863,"Chemistry, Organic",0.00082638586,0.0036118133,0.027382145,0.08693658,0.091123,0.0006822519,0.0021018402,0.00067360164,0.0040909923,0.0039988253,0.12131518,0.002892784,0.4409106,0.0004847109,0.00032250202,2.7715916e-05,0.007850443,0.0029039893,0.0002254533,0.25343096,0.0010521329,0.00017325362,0.0006630535,0.004702356,0.00027452243,0.011807873,0.0007797918,0.005470141,0.00086425606,0.00150383,0.0008279868,7.760106e-05,0.003821954,0.00039089404,0.0035452817,0.0057658455,0.0019001141,0.00042894276,0.008199631,0.0006983781,0.0056956587,8.1289094e-05,0.011850898,0.011894023,0.015117277,7.536649e-05,5.677073e-05,0.0004995438,5.0793296e-05,0.00045913257,0.00013793568,0.00020521184,0.0053281384,0.015876524
686512,Biochemistry & Molecular Biology,6.229282e-06,0.00028306796,0.018200241,0.9383066,0.0076278453,0.0031369554,1.0119441e-07,2.6354915e-06,0.3625951,0.0003168218,0.005735672,0.006562156,0.026344016,1.4597285e-06,1.1485186e-05,5.0846594e-08,1.3240438e-05,9.145398e-05,1.5188446e-07,0.00048800363,3.0003417e-07,4.3897066e-06,5.374179e-07,3.0694882e-05,4.4102135e-06,1.7950515e-05,3.125732e-07,2.2901091e-05,3.228518e-05,4.680462e-06,4.923256e-06,1.1818533e-05,0.00020242356,1.0483693e-05,0.00076366373,1.8689458e-05,6.0441413e-05,4.888727e-06,6.0658633e-05,3.922032e-05,2.9100338e-06,1.0996457e-07,0.00031283946,5.709071e-05,6.6816094e-05,1.380449e-07,2.9968066e-06,1.8698289e-07,7.5410003e-07,1.5939508e-05,3.472839e-06,8.148896e-06,1.2386735e-05,4.321948e-06
679908,"Chemistry, Multidisciplinary",9.784902e-05,0.008416144,0.031094577,0.25628135,0.026632292,0.001017598,3.5678058e-06,0.00057385035,0.006272764,0.0013470998,0.01576541,0.94011706,0.0682021,7.907016e-05,0.0035444477,5.78123e-05,0.0015166888,0.0016927237,0.0001225121,2.0950505e-05,7.600864e-06,3.8340786e-06,3.8526214e-06,0.00051584165,2.7464936e-05,3.3098717e-05,4.546556e-06,1.575527e-05,0.003653462,0.0007921159,0.0007004998,0.0017169822,0.00082684075,0.0014336926,7.475913e-05,0.00022485392,1.7045282e-05,0.00019134318,0.02208725,0.003530106,3.471487e-05,6.4349486e-05,0.00441729,0.0004043872,0.00073577586,4.84349e-06,0.00031643815,0.00012227785,1.3816414e-06,4.731449e-06,1.3832055e-05,0.00013245572,1.2361897e-06,0.001005104
680385,"Chemistry, Multidisciplinary",0.00047693873,0.001567432,0.0017010437,0.040051296,0.0036984875,7.388055e-05,4.2808744e-05,0.0016713914,1.4442487e-05,0.00041213297,0.0058281654,0.56551516,0.000538809,0.0007922797,0.0024041347,0.0058444757,0.07569864,0.0012909529,0.0020805923,8.448591e-05,1.1048644e-05,3.7127535e-05,2.572281e-05,0.00072476093,4.3376498e-05,2.1558752e-05,1.6068889e-05,3.86725e-05,0.0024333145,0.0013554185,0.17528267,0.0016029349,6.338157e-05,0.0003151826,7.092509e-06,0.00044352465,5.203078e-06,0.00022718153,0.01640808,0.0005746864,0.0015219961,0.0014654577,0.004812433,0.00011214701,0.0013185744,0.00012660031,0.0019074462,0.00032671104,3.1328539e-06,1.1952565e-05,2.0589857e-06,0.00023746793,1.3899754e-06,0.00050057605
686511,Biochemistry & Molecular Biology;Cell Biology,1.2667488e-06,0.00026606154,0.0036465914,0.9274652,0.0031434516,0.0012132175,1.0123898e-08,4.791588e-07,0.74413425,5.2996427e-05,0.001500908,0.06250938,0.0065716817,3.7504702e-07,3.2028478e-05,5.740208e-08,1.6929056e-06,6.150075e-05,2.734923e-08,1.3428462e-05,2.1653477e-08,8.722188e-07,2.8247543e-08,8.647507e-06,6.3375757e-07,1.8953566e-06,6.069763e-08,7.8402013e-07,6.191143e-05,1.3629088e-06,2.0485618e-06,5.47319e-06,0.00026325713,1.45790145e-05,0.00011380256,1.332526e-06,2.2690886e-06,3.0170863e-06,2.9297762e-05,1.5868498e-05,2.0190001e-07,4.7839443e-08,5.6572004e-05,1.7668906e-05,6.585614e-06,2.1943517e-08,1.2804127e-06,1.0209533e-07,6.3598314e-08,1.0714585e-06,6.611974e-07,2.6951247e-06,5.402473e-07,5.645498e-07
731137,Biochemistry & Molecular Biology,2.8256245e-05,9.043368e-05,0.0036727113,0.9967213,0.0028183698,0.0052619604,4.36855e-06,5.7230147e-05,0.00055119523,0.0002752143,0.01603825,0.11318303,0.0042629545,7.736694e-06,3.589904e-05,5.0730694e-07,2.5168014e-05,5.2667638e-05,9.748102e-06,0.0016538271,1.7836729e-07,7.969996e-06,2.3772853e-07,0.00017899198,1.1321326e-06,9.854892e-07,9.447415e-07,0.0006183989,3.7435275e-05,2.6174594e-06,0.0018723026,3.37575e-05,3.9503913e-05,8.768693e-07,9.041696e-05,3.1178322e-05,3.1131317e-06,2.9782816e-06,6.6737775e-05,9.3613875e-05,0.00033505965,1.2450694e-06,0.00041853625,3.0271218e-05,9.8496464e-05,9.924186e-06,1.3475261e-05,4.8072695e-07,2.2140132e-06,3.8596674e-05,6.600495e-07,3.0213509e-05,9.673013e-07,4.352212e-06
594101,Genetics & Heredity,0.00045399772,0.0006011036,0.018852979,0.020990483,0.07431363,0.00026400114,0.00024085266,0.00041463808,6.237858e-05,0.015543699,0.004544683,0.00049486593,0.021220159,0.0005513728,2.521219e-05,7.566598e-06,0.034900177,0.0015473755,0.00042647423,0.23968662,0.00017082685,0.000506354,0.00029722136,0.00312496,8.606308e-05,0.00025422862,0.00027726512,0.008745139,0.0002860345,0.0034230666,0.0046049883,0.00012985947,0.00028043866,5.9410126e-05,0.00032257766,0.000859289,0.00083181256,0.00030046736,0.003460985,0.00010465619,0.0057233153,9.874898e-05,0.0020610804,0.0006860969,0.019674972,3.3582375e-05,0.00011251539,0.00067896914,1.3373216e-05,4.4323744e-05,5.976082e-06,3.790678e-05,0.00014696858,0.020814309
658034,"Chemistry, Organic",0.0014960826,0.007573137,0.0342932,0.019831123,0.077104084,0.0007363441,0.0005553672,0.004837422,0.00299576,0.0041386764,0.030238068,0.017232984,0.09643864,0.000338752,0.0010827812,0.00015929257,0.022889294,0.020372301,0.00081413117,0.012437119,0.0002665343,0.0007448665,0.0023080043,0.0035255249,0.00046217296,0.00040018282,0.00052223325,0.0015698114,0.0024666204,0.011166059,0.001243904,0.00096708,0.0015643582,0.0016502094,0.007932318,0.0013952829,0.000507835,0.0019521298,0.029595852,0.0036848513,0.0011342802,0.0005445207,0.011630752,0.0013173117,0.012380053,5.6666177e-05,0.00058043125,0.022008268,5.6405774e-05,0.0001416571,0.00053008896,0.0009942448,0.0005753967,0.029469902
726285,"Biochemistry & Molecular Biology;Chemistry, Multidisciplinary",7.282891e-05,0.014612045,0.012848709,0.6536501,0.007660468,0.0020104386,1.9751656e-06,0.00020731876,0.0005646055,0.0008297326,0.015193557,0.86901504,0.004428504,9.5425836e-05,0.00062245294,0.00027790558,0.025289161,0.0067090974,0.00015946322,7.4106233e-06,1.4218864e-06,6.354209e-06,8.295705e-06,0.0005492255,0.000121859994,2.3944714e-05,1.6945354e-06,1.1281137e-05,0.00322519,0.00037257926,0.007384561,0.005466443,4.409469e-05,0.00023366637,5.1824743e-05,0.0039311685,4.150834e-05,0.0003404644,0.019760327,0.00084362115,0.0006065334,0.00017425847,0.06445728,0.00022226137,0.0010683988,3.0147425e-05,0.00088167243,1.9308288e-06,6.5723316e-06,6.343363e-05,5.767821e-06,0.00020629299,2.0143125e-06,8.559427e-05
652839,Plaguicidas,0.0015082096,0.14580353,0.10062811,0.06863194,0.08488816,0.009058324,0.0009888476,0.0090632895,0.038230274,0.020197311,0.10575631,0.036231972,0.14827311,0.0015167004,0.002235015,0.002654201,0.0566237,0.13512573,0.0014335419,0.004044557,0.003062197,0.00052583264,0.01866265,0.006375838,0.037303027,0.053626202,0.001890701,0.0034050774,0.00628582,0.024590906,0.0011089974,0.0045805294,0.009722377,0.009948211,0.01975841,0.21401459,0.055211484,0.007346852,0.12574594,0.0128508005,0.0060761343,0.0032272127,0.22823638,0.024835913,0.05939611,0.0004933519,0.001613986,0.0007028459,0.0016829274,0.0051334007,0.0070896307,0.004600648,0.025331981,0.03201896
688070,"Biochemistry & Molecular Biology;Chemistry, Medicinal;Chemistry, Organic",1.2754584e-06,1.3651234e-05,0.00023786197,0.98969007,0.00012295893,9.4869876e-07,5.2283567e-06,5.295534e-06,9.919843e-06,9.399147e-09,0.9855468,0.0003969901,0.5610398,6.902966e-07,0.0001202683,2.2913287e-08,4.1567122e-07,2.6312496e-06,2.6707736e-08,0.0010574698,6.834839e-08,5.0518933e-10,2.5466672e-08,7.5609756e-07,5.47281e-09,5.4777224e-06,3.806751e-09,6.6060006e-06,2.311434e-06,5.273288e-09,4.194589e-05,1.3088184e-08,3.405223e-06,2.4599064e-08,4.1956493e-05,5.451342e-06,5.5657527e-09,2.751504e-08,7.5891307e-06,2.6480654e-06,6.859809e-05,1.1114284e-08,0.00020187347,6.125675e-06,1.5969719e-06,9.51818e-09,4.8005693e-09,4.260995e-08,2.0364528e-09,4.223185e-08,4.661443e-09,5.1044376e-06,1.1013937e-06,1.1920142e-06
689478,Farmacología,0.0005772532,0.092462696,0.04140004,0.006947956,0.05970621,0.001413958,0.00023927176,0.010323173,0.036884658,0.0051615257,0.061312445,0.015831677,0.054041166,0.00014492814,0.0020413508,0.0012613554,0.022895439,0.14914438,0.00069916656,0.0004810028,0.0006041805,0.0002856456,0.033760805,0.0017156041,0.010396314,0.0023696532,0.00042219582,0.00059644564,0.0042342,0.022721753,9.160078e-05,0.0050755423,0.0036409013,0.025363589,0.022814121,0.010077027,0.0022546323,0.002693789,0.077909224,0.021185609,0.00022836424,0.0015569006,0.07329788,0.0028145502,0.011433539,4.667115e-05,0.002047972,0.010701742,0.0003893935,0.00080956024,0.012619939,0.003061363,0.0019642052,0.024392612
659439,"Chemistry, Multidisciplinary",4.2339172e-05,0.002917947,0.0041755307,0.17781065,0.012829889,0.00012361728,5.9496333e-06,8.63182e-05,0.0005756463,0.0016484427,0.016898215,0.8368981,0.035452407,0.00023201025,0.0010884786,4.3841937e-05,0.0033748716,0.000785718,0.00017485452,5.5880446e-05,2.894203e-06,1.3528133e-06,2.7224585e-06,0.00037513935,1.2696555e-05,0.000117593,1.8929414e-06,3.24287e-06,0.0572084,0.00039422032,0.0048073865,0.0006692162,0.0001740607,0.0008545995,3.0578503e-05,0.00016714836,6.1609903e-06,5.836079e-05,0.018789675,0.00016240284,0.0003126194,2.1803226e-05,0.0059148837,0.0009294217,0.00030242163,5.6415174e-06,0.00012634753,3.4259014e-05,2.8062817e-07,1.0447136e-06,5.470393e-06,5.5325923e-05,5.018702e-07,0.00072567764
747935,Plaguicidas,0.00010776196,0.1568261,0.011587698,0.004421622,0.0037258978,0.00018538584,6.18675e-06,0.0032146196,0.0005282852,0.001018874,0.013064135,0.15322493,0.004896097,0.00015194708,0.0009977858,0.0035094381,0.045688625,0.049315643,0.00019398976,5.153837e-06,0.00014264305,7.117117e-06,0.001071912,0.00048808273,0.017709138,0.0025533317,3.3043623e-05,3.8114118e-05,0.00046095485,0.008647111,0.00028228262,0.0022228558,0.0002902275,0.0025213223,0.00014851695,0.2630214,0.0032512269,0.0032775481,0.15342082,0.005822574,0.00022327581,0.0026622459,0.27945387,0.0014720522,0.01962395,3.1686635e-05,0.00094412157,2.7674954e-05,5.653356e-05,0.00016772632,0.00015980798,0.00028683792,0.00018989896,0.0030097496
731852,Biochemistry & Molecular Biology,8.9521683e-07,9.399515e-07,0.0004664386,0.9999657,0.0002054591,0.011089127,5.089171e-08,1.7287647e-06,0.00037851994,1.5372158e-05,0.0029553305,0.0025041148,0.0005036319,1.0305123e-07,3.3622973e-07,1.7808224e-09,4.360686e-08,1.080945e-06,7.735425e-08,0.00056344515,1.466844e-09,3.698552e-07,2.8826812e-09,3.1667882e-06,2.2301707e-08,5.932537e-09,4.5588484e-09,0.00017972667,4.7393743e-07,3.201487e-09,0.0001440001,4.778528e-07,8.887426e-07,4.5439688e-09,9.626173e-05,3.402885e-07,1.1056332e-07,1.69621e-08,2.4814548e-07,2.9236724e-06,1.02247395e-05,4.0990544e-09,4.5395673e-06,3.585358e-07,1.1016049e-06,5.2761385e-07,8.586163e-08,1.5586472e-09,9.315321e-08,1.8381469e-06,3.82543e-08,2.4951264e-06,6.245642e-08,1.0902371e-08
636409,Patología,0.00044988716,0.14153011,0.017986143,0.0005613486,0.021796698,0.00023941233,2.5009553e-05,0.006904949,0.0012480341,0.004679781,0.0099055255,0.0967557,0.003800553,0.00037621302,0.00196568,0.011019353,0.19293034,0.17956594,0.0027896704,1.1273716e-05,0.00019693456,0.00012466431,0.0199334,0.0018526298,0.01264964,0.0004299189,0.00012804261,0.000113713184,0.006893005,0.064261846,0.0009948418,0.03531788,0.00046429868,0.027498499,0.0016357406,0.02034675,0.0006370707,0.007219453,0.27590173,0.010518888,0.0004383056,0.011311637,0.09599748,0.0023228,0.00985122,0.000103715065,0.014148681,0.0050418656,0.00013261294,0.0001839985,0.0025415344,0.001177252,0.00012369994,0.013078826
633338,Rheumatology,0.0039869365,0.009827286,0.040975686,0.011199085,0.10443005,0.0025495274,0.00072519924,0.013624807,0.0025567163,0.02285717,0.0075275833,0.0065483623,0.02007853,0.0005478924,0.0006974211,0.0004995712,0.0585685,0.09804557,0.004354279,0.018049017,0.00037484439,0.008341156,0.012479746,0.007550017,0.0023698537,0.00033518937,0.0019528721,0.0103670955,0.002363777,0.06995145,0.0031830568,0.0043696966,0.0019716714,0.0027467073,0.024020039,0.0034744428,0.0026950946,0.0069407145,0.0666805,0.008720267,0.002639346,0.0035551295,0.012776791,0.00082707836,0.030303746,0.00028515962,0.0034783971,0.12839179,0.0004983976,0.00082583213,0.002437223,0.0022659716,0.0015115604,0.07234013
631093,Plaguicidas,0.0036472378,0.23927127,0.17341301,0.03061969,0.06908724,0.013723881,0.00039812463,0.016944785,0.056272827,0.027366528,0.022064576,0.0231343,0.036421124,0.0010686319,0.0014913469,0.0014436083,0.062736414,0.16861941,0.0019275942,0.0017649006,0.0044825734,0.0051960717,0.04408028,0.0068988604,0.09998001,0.006671806,0.0026430995,0.0033301322,0.0034201231,0.10655667,0.0009287419,0.020051073,0.0034356131,0.012543969,0.024781471,0.1352163,0.107863195,0.0232043,0.16096617,0.027287012,0.0014807077,0.0044231,0.2508167,0.008104107,0.106041476,0.0005129578,0.008872897,0.0017941208,0.004892572,0.009398901,0.014065319,0.0041954885,0.007102532,0.032462195
646799,Biochemistry & Molecular Biology;Parasitology,5.9615508e-05,6.369689e-05,0.027467396,0.99886155,4.227712e-05,0.046654444,4.0958057e-08,0.00032261488,0.003298764,1.03718085e-05,0.0047225095,0.000760276,0.0023911041,1.2511159e-06,7.2429825e-06,7.116006e-08,1.4165767e-06,0.00019419687,9.431229e-07,2.9690436e-05,1.425454e-07,8.006686e-05,2.3214657e-06,3.4210948e-06,1.2765018e-05,5.905637e-08,1.0334764e-08,5.2452862e-05,3.5156427e-06,2.724204e-07,9.268352e-05,0.00013722175,5.4153793e-07,4.699659e-07,0.44011563,4.0299587e-05,5.8572106e-05,3.3815702e-06,1.2062242e-05,0.0005930835,3.9758565e-06,1.3255608e-07,0.00018535562,6.951714e-07,6.355839e-06,4.8932375e-06,1.1749407e-05,3.3821206e-07,1.8153623e-05,5.0787e-05,0.0001372474,0.0016009009,2.0349733e-05,3.1561805e-07
765542,Genetics & Heredity,0.0010563955,0.0003925019,0.010589832,0.17058384,0.008791678,0.00031008295,0.0007312132,0.00023969258,0.00031921364,0.012892375,0.0017513058,0.00055614236,0.0074001662,0.008204217,0.00015470348,6.915709e-06,0.0046228585,0.00014945785,8.850702e-05,0.6712822,0.0004931166,0.0027971473,4.503923e-05,0.000962489,0.00024169071,0.00050443306,0.0002815706,0.0003611372,0.0010136217,0.003533377,0.03845198,0.00012694712,0.00017430584,0.00010877537,0.00015851345,0.0010524156,0.0020753222,0.0002576851,0.001098754,0.00011362789,0.0008061977,4.5176843e-05,0.00086891436,0.0006009306,0.009107584,0.00010957512,0.00018756943,0.0001401249,2.1010192e-05,9.245762e-05,4.750144e-06,5.8017475e-05,1.6418646e-05,0.008565571
753003,Biochemistry & Molecular Biology,0.002147003,0.0035774221,0.021789871,0.10117468,0.023680493,0.0011950993,0.00041541352,0.0076222164,0.002373333,0.0018834226,0.03385584,0.02512623,0.05392324,0.00038375874,0.0020745231,0.00014316836,0.0066947206,0.016769394,0.0005647199,0.018524291,9.510244e-05,0.001339463,0.0006963975,0.002328201,0.00022208811,0.00015111684,0.0002304876,0.0018835302,0.0013658934,0.0052746,0.0040942696,0.00079495873,0.0011368499,0.00039777052,0.013425815,0.0010347808,0.00027201348,0.0014031731,0.014398568,0.005446043,0.00081465073,0.0007049634,0.0070910677,0.00034854544,0.0046831914,9.425872e-05,0.0006261393,0.029795056,6.739941e-05,0.00017495324,0.0004305907,0.0017377174,0.0004068082,0.0146004995
755493,Rheumatology,0.0019945332,0.0010723859,0.007418226,0.0009536839,0.015448222,0.00020910028,0.00020881677,0.0060790665,0.0017772237,0.0007187432,0.0011579869,0.0004324319,0.0030301868,9.448973e-05,0.00050618994,0.00013113803,0.004637177,0.016355649,0.0016359043,0.0027097203,7.1624716e-05,0.01384098,0.0041017598,0.00097385223,0.00034549617,3.259433e-06,0.0007115582,0.0006239093,0.00087342423,0.015446632,0.0006856664,0.0006799631,0.00039158683,0.0017704193,0.024932617,5.5743447e-05,0.00010312365,0.0011807308,0.012884586,0.0039047268,5.505519e-05,0.0004949787,0.0010732367,3.2133965e-05,0.0024204934,3.15271e-05,0.000989247,0.6881939,3.5912017e-05,4.3926226e-05,0.0009298296,0.0011989201,8.848998e-05,0.010953861
759594,"Biochemistry & Molecular Biology;Chemistry, Multidisciplinary",1.0138959e-06,0.00084036664,0.003926259,0.9301915,0.0025405749,0.0002781972,5.813477e-09,1.1962209e-06,0.0116216345,1.8435452e-05,0.0033939981,0.95832455,0.005166305,7.432943e-07,0.00017007824,3.4161027e-07,1.5056808e-05,6.261728e-05,2.262793e-07,1.6419322e-07,5.930173e-09,3.0265277e-08,3.587322e-09,1.2371328e-05,1.6573354e-07,2.7548708e-07,9.177336e-09,1.3253927e-07,0.00025490773,2.1004123e-06,4.685877e-05,5.7607635e-05,2.6410527e-05,1.413198e-05,2.7800304e-06,3.6543927e-06,1.3404893e-07,3.526095e-06,0.00041692925,2.5457539e-05,2.3507775e-06,2.1839759e-07,0.00019297843,2.2630145e-05,5.3255503e-06,3.280712e-08,4.1589233e-06,3.0915935e-08,7.794396e-09,1.4730962e-07,3.638274e-08,2.7614021e-06,7.092873e-09,9.698804e-07
759083,"Biochemistry & Molecular Biology;Chemistry, Multidisciplinary",3.743324e-05,0.0073629776,0.038236912,0.7659426,0.06611378,0.0068234215,1.3680161e-06,3.781464e-05,0.22490495,0.0032198904,0.011459914,0.5343785,0.04419627,2.4409122e-05,0.00037263506,8.740725e-06,0.00038045208,0.001558151,1.6648895e-05,8.3869585e-05,2.467217e-06,1.1575309e-05,4.039071e-06,0.0004990087,3.5993344e-05,7.730768e-05,6.57351e-06,5.375673e-05,0.0016768168,0.00019914856,0.00012806362,0.0005729623,0.0016161266,0.00047017905,0.00030137307,0.00020794968,9.449731e-05,0.00011346871,0.0038840282,0.00051680085,4.582116e-05,1.0873847e-05,0.0032955983,0.0007098731,0.00045696602,3.4683376e-06,0.00012228041,5.2758846e-06,5.5999217e-06,3.5390825e-05,1.5907179e-05,5.334833e-05,9.526503e-06,8.468409e-05
755467,"Chemistry, Multidisciplinary",0.0004545299,0.0044884803,0.03656749,0.11413114,0.015591351,0.0010789678,2.171017e-05,0.0028494855,0.0005173287,0.0030941395,0.0078288345,0.2770515,0.01981355,0.00028643679,0.0009828358,7.549596e-05,0.012735166,0.00491896,0.00045577032,0.00060290465,2.2929018e-05,0.00013485781,5.562763e-05,0.00095814257,9.790661e-05,2.8929475e-05,1.845841e-05,0.00011650723,0.0016241882,0.0035794994,0.0052355533,0.002068857,0.0001786668,0.00033841518,0.0006273992,0.0007435112,0.00011511578,0.00050314824,0.020570531,0.0029945695,0.00021783935,0.0002364163,0.0072976537,0.00014658131,0.0028821884,2.2544524e-05,0.00097176497,0.001276384,7.6046563e-06,2.1001117e-05,4.1877825e-05,0.00036205837,9.751477e-06,0.0031361338
661199,Biochemistry & Molecular Biology,0.00038632518,0.010392656,0.029736834,0.19055066,0.1203614,0.0011021926,0.00020892132,0.00088488613,0.00085464556,0.011647888,0.061185937,0.042710226,0.13423473,0.0005117969,0.0005279746,0.00011039337,0.045714628,0.0086052045,0.00016287815,0.017234448,0.00013313306,3.293182e-05,0.00017306457,0.0026685735,0.00032836388,0.002450206,0.00015376607,0.0022077952,0.0008852025,0.003515712,0.0034714888,0.00041986513,0.0013231921,0.00022950977,0.00027073277,0.011051164,0.0007442549,0.0009327226,0.021019988,0.0008387778,0.0055222106,0.00035138385,0.02619937,0.0015767142,0.032650497,4.9787453e-05,0.00023428499,0.00012689254,2.8493394e-05,0.00012581074,1.7115339e-05,0.00016797855,0.00041945628,0.009625171
667096,"Chemistry, Medicinal",0.0004746138,0.113263026,0.033046275,0.018161457,0.0260732,0.0012696893,0.00016238425,0.008497387,0.030901691,0.0023796153,0.15782605,0.104247205,0.05982544,0.00034654536,0.005716249,0.0033071763,0.020177485,0.089054294,0.0010251967,0.00013298904,0.00048281203,0.00010962277,0.013641626,0.001728596,0.0059619816,0.0026905844,0.00016731388,0.00019006614,0.014509864,0.0076929857,0.0004026132,0.008823406,0.0022564621,0.031542975,0.013048437,0.012106549,0.0011018582,0.0022585262,0.10376687,0.015816476,0.00046966836,0.0015160347,0.12269072,0.006325399,0.004524545,8.315572e-05,0.0028044865,0.0029468508,0.00018743105,0.00046800677,0.008245829,0.003775801,0.0008933545,0.0072263675
659417,"Chemistry, Multidisciplinary",0.0036592884,0.00794438,0.025147216,0.06804522,0.014814498,0.00076723244,0.00017315966,0.0043871244,0.025627602,0.00048980035,0.030399397,0.13129024,0.043095715,0.00083822897,0.025097754,0.00030877846,0.006328496,0.007707356,9.908742e-05,0.0021485167,0.0002817067,0.0012807669,0.00021034786,0.0013916965,0.0003273127,7.026954e-05,0.00010944438,0.0002861753,0.0010044115,0.0048293388,0.0025900237,0.0013876039,0.0042648916,0.0021197372,0.0024894516,0.0004995507,0.00013551278,0.0041439505,0.008944263,0.008704346,8.2965074e-05,0.00079887646,0.0047430154,0.0003404175,0.002856598,6.215153e-05,0.00089863304,0.014532711,4.5120352e-05,9.848162e-05,0.00012903332,0.0017707732,8.3563194e-05,0.0034871602
659557,Biochemistry & Molecular Biology,0.00083170127,0.0129473675,0.07299597,0.48749498,0.114674166,0.008558018,8.247538e-05,0.0014595775,0.035007678,0.01259416,0.040140554,0.3694884,0.12313214,0.0004356031,0.0021370172,0.000106115425,0.00624898,0.007709653,0.0004068018,0.0030099286,8.87225e-05,0.00024159349,0.00015279019,0.003163268,0.00028420018,0.00048914185,0.00011673276,0.0013392774,0.0036048652,0.0030250915,0.0021780957,0.0031130854,0.0038099848,0.0014433258,0.002357403,0.0015980889,0.0006147297,0.0009118432,0.017117843,0.004654902,0.00073634164,0.00035122727,0.01028707,0.0016783277,0.0053167357,8.1301194e-05,0.000975627,0.00051855744,8.940227e-05,0.0002687187,0.00019852386,0.0006173728,0.00015394505,0.003868099
764301,Plaguicidas,0.00089004094,0.15332446,0.18329212,0.110434145,0.043931022,0.010888674,5.8518726e-05,0.006854967,0.008368573,0.019554904,0.021084426,0.09206761,0.070282415,0.0007949701,0.0011938273,0.0006773114,0.046348926,0.06489312,0.00065332913,0.00045402956,0.0012407966,0.00020164627,0.0013315909,0.0025241603,0.01948518,0.0037760735,0.00026564408,0.0007157463,0.0013144637,0.024198385,0.0010103418,0.009184168,0.0013519577,0.0026613912,0.0021098475,0.120391935,0.02545179,0.0074396813,0.12948209,0.016592694,0.00068629207,0.0012603303,0.21620806,0.002417213,0.076910794,0.00018824905,0.0025065602,0.00012925462,0.00041070752,0.00097200944,0.0005013465,0.0013006058,0.0010836672,0.0116461655
764075,Biochemistry & Molecular Biology,0.0006100211,0.0040836395,0.14858195,0.17657152,0.015684705,0.0035973967,2.290653e-05,0.0021379497,0.0010799365,0.0058812643,0.008160647,0.01679806,0.059276775,0.00039400771,0.00020008709,1.3420089e-05,0.008319122,0.002828546,0.00017688914,0.0034152023,0.0001976183,0.00026781939,0.00010052432,0.00080373004,0.00053626153,0.00013093611,3.753523e-05,0.0004827421,0.00022138092,0.0030511492,0.0011988197,0.0008038281,0.00021777707,0.00015871914,0.00193388,0.003775274,0.0028405725,0.0005164837,0.009087132,0.002959636,0.000255413,8.039631e-05,0.0072822804,0.00026320468,0.012788568,3.0173427e-05,0.00029653328,0.00018200808,2.8024195e-05,9.135922e-05,4.229938e-05,0.00032296262,0.000114577415,0.0039948616
647552,"Biochemistry & Molecular Biology;Chemistry, Multidisciplinary",0.00010651343,0.01334182,0.035045665,0.9553867,0.014543861,0.014475099,4.119736e-06,0.0002918663,0.005482479,0.0011216998,0.026817998,0.7682718,0.01426187,5.5676246e-05,0.0005608697,6.244554e-05,0.0023561933,0.0045435918,0.00014790868,2.429176e-05,2.4804215e-06,2.0363555e-05,7.0559295e-06,0.000743395,8.4425265e-05,1.3314766e-05,4.5672987e-06,0.00010013865,0.0016471437,0.00015918398,0.002410419,0.006589328,0.00014156298,0.0001486799,0.0003768304,0.0013804327,4.5313835e-05,0.00020302569,0.0077045523,0.001467326,0.0005357052,4.5437984e-05,0.03429643,0.00029595938,0.00069328095,5.5696957e-05,0.00086261187,1.4334785e-06,2.8549399e-05,0.00020279195,1.8534896e-05,0.00035318968,4.5042016e-06,4.3420823e-05
731145,"Chemistry, Organic",0.0071413075,0.024090778,0.05578558,0.16948526,0.106906,0.0038690178,0.0046576136,0.017552838,0.014894318,0.0074476576,0.21929683,0.11144568,0.27348313,0.0022735372,0.016391704,0.0010734994,0.0287901,0.03218855,0.001788902,0.05987305,0.001738284,0.0021001967,0.0035077026,0.012455764,0.0012360394,0.0031884005,0.001964925,0.009430916,0.006253076,0.014183682,0.008248064,0.003100145,0.015080537,0.00421767,0.011258847,0.00614679,0.0012182113,0.007556776,0.03964517,0.018182782,0.005610393,0.0034904608,0.033589493,0.005036329,0.024804082,0.0005932505,0.0021996107,0.0298969,0.00050502864,0.001150409,0.0013015815,0.004240515,0.0023087005,0.046205718
731461,Biochemistry & Molecular Biology;Cell Biology,8.7557004e-05,0.0007450372,0.02904377,0.94754875,0.013369481,0.017144,3.7255413e-06,6.535361e-05,0.49143225,0.0005996984,0.01854666,0.008319916,0.045596838,4.799139e-06,0.00010952863,1.4294473e-06,3.0620235e-05,0.0007695269,2.7233466e-06,0.003042524,3.6903427e-06,7.436544e-05,1.2327637e-05,0.00021671197,2.4130557e-05,5.4575532e-05,5.497993e-06,0.0004277154,5.790339e-05,2.0583322e-05,2.1395943e-05,5.7698624e-05,0.00094751886,5.4946093e-05,0.011070057,4.6717327e-05,0.00014834866,3.567849e-05,0.00015705482,0.0007845769,1.5423893e-05,2.321539e-06,0.00070140767,0.0001478544,0.00022548706,2.8818886e-06,2.6314818e-05,1.4422033e-05,2.1640279e-05,0.00024035967,7.74727e-05,0.00017739163,0.00024920425,2.9857878e-05
731463,Biochemistry & Molecular Biology,1.0009599e-05,0.0016813289,0.030125566,0.28734943,0.077675566,0.0030338333,4.6303904e-07,1.7024277e-05,0.15793313,0.003456163,0.0015075901,0.045991573,0.022943918,3.5025378e-06,2.2366672e-05,7.297524e-07,0.00018161334,0.0007929542,4.771888e-06,0.0001321953,1.2099568e-06,7.801286e-06,4.794715e-06,0.00016463133,2.5509498e-05,3.5404126e-05,3.4179607e-06,6.357461e-05,0.00017981134,0.00019738046,7.297291e-06,8.919501e-05,0.0009514849,0.00020360084,0.00029341815,0.000114617615,0.00016154969,2.8750239e-05,0.0013325264,0.00020831244,4.7277995e-06,2.7666345e-06,0.000702633,0.00012298695,0.00041051966,3.3060718e-07,3.1884e-05,5.8107744e-06,1.6554978e-06,1.299121e-05,1.2437219e-05,1.0776702e-05,1.1832301e-05,0.00013538735
625891,Biochemistry & Molecular Biology,0.02756283,0.009824492,0.16545574,0.3847873,0.025807485,0.054787423,0.00079319417,0.027520342,0.013322463,0.010241433,0.03011899,0.0116471,0.020382466,0.0031199239,0.0021600183,0.00042515746,0.026453914,0.02877134,0.0030025097,0.04317972,0.0026677258,0.114209354,0.010189641,0.010811456,0.005650454,0.00029688067,0.0019247101,0.04677781,0.0008530981,0.011633054,0.020260055,0.0124540925,0.0022145482,0.0007674346,0.06346582,0.011371113,0.019628664,0.015164966,0.013596985,0.02901167,0.0065624425,0.0037096015,0.022030476,0.0016074795,0.04074289,0.0038626832,0.008098263,0.0096988045,0.006451683,0.0126543995,0.0027679708,0.009940342,0.0064144125,0.016630137
718764,Parasitología animal,0.00038259325,0.012937261,0.023557771,0.0005423708,0.014569256,0.0011199451,0.00010586144,0.0017045178,0.0074059367,0.0043600583,0.0018802322,7.848197e-05,0.0030960375,2.7885888e-05,1.011966e-05,0.00016723876,0.0073704817,0.031517357,0.0006683402,0.00064420677,0.0017694705,0.0015902118,0.14546905,0.0007462967,0.046899054,0.004626623,0.0020860871,0.0050325054,0.0001325218,0.026959619,1.5449816e-05,0.0003406365,0.0009354059,0.002661467,0.030424876,0.055301256,0.15095688,0.00435194,0.020102834,0.0024311142,0.00090165035,0.00072969525,0.007124248,0.0023481424,0.05515012,2.979061e-05,0.00015531524,0.00033036876,0.0035938073,0.0054691527,0.01156408,0.0004139604,0.03414792,0.024348488
789492,Patología,0.00082566764,0.012107571,0.009906826,0.011002037,0.019334929,0.00025684305,0.00019043311,0.0054872,0.0009067013,0.0016024557,0.038040433,0.070787996,0.027438046,0.00037215312,0.0025981662,0.0018445547,0.047884677,0.046901442,0.0010644889,0.0005253887,3.6980742e-05,0.00016253156,0.002486259,0.0016498322,0.00041220922,0.00018137765,8.278008e-05,9.409206e-05,0.024055706,0.0064534596,0.004519256,0.0028884837,0.00021958438,0.0045651016,0.0130299665,0.00104329,8.261305e-05,0.0016232419,0.082557864,0.0032800087,0.0014980914,0.00097356,0.025551934,0.0010160189,0.0025762785,7.0275775e-05,0.0010630859,0.023983296,1.9940448e-05,4.8657566e-05,0.0016692373,0.0038602836,0.00016779877,0.008261743
633703,Biochemistry & Molecular Biology,0.0030012897,0.0047656912,0.11167055,0.19933881,0.017814273,0.016278766,0.00013682939,0.008947455,0.027625006,0.004819106,0.008777718,0.0040061185,0.02448701,0.00018391185,0.00035382548,3.6454538e-05,0.0031039007,0.020350141,0.0004802105,0.014532567,0.00019113366,0.014740362,0.0040936726,0.0018204899,0.0016726481,0.00010001974,0.00036255934,0.005601151,0.00035952753,0.0062499424,0.0005851739,0.0018281902,0.0009892856,0.00048599986,0.14294499,0.0022087772,0.0076710023,0.0017966417,0.006505795,0.016795415,0.00033447752,0.00033919187,0.0069456827,0.00033757032,0.008472403,0.00012875003,0.001162814,0.007215179,0.0008681919,0.0021202313,0.0044785943,0.0035351268,0.0024440796,0.0071859253
676360,Biochemistry & Molecular Biology,0.0010152028,0.0014314888,0.043180883,0.10942925,0.032654446,0.0022770541,0.00015489003,0.0020455623,0.0037116394,0.0056027663,0.012081117,0.003409645,0.04266225,0.00025369253,0.00017524192,1.2636291e-05,0.004700952,0.0056574917,0.00029912742,0.04480934,0.00012157191,0.0017140922,0.00060383114,0.0019918962,0.0002681485,0.0001758738,0.00019592542,0.005190625,0.00041766916,0.0036885028,0.0011316257,0.00042099837,0.0009621722,0.00017931416,0.010355601,0.0011266317,0.0015728237,0.0006571374,0.0058931443,0.0016029327,0.00074134563,0.00014833297,0.003717438,0.00045707775,0.006675299,4.3841854e-05,0.00028876192,0.0037138404,6.673988e-05,0.00026037727,0.0002516888,0.00039470635,0.0005634379,0.00962448
721163,Plaguicidas,0.0031305025,0.30987868,0.12814556,0.14797992,0.11509252,0.03463575,0.000573654,0.015393444,0.043352265,0.051063377,0.06712307,0.27907243,0.06344107,0.0021244788,0.0057016625,0.010286137,0.14124578,0.30779678,0.0051439535,0.0017190392,0.0019438196,0.002174605,0.015623352,0.015897555,0.03998252,0.011492382,0.0027477671,0.004372081,0.01169774,0.06219357,0.006814053,0.04360834,0.0070544067,0.014582811,0.011286137,0.20849127,0.028953,0.03437554,0.27476865,0.03683032,0.007953261,0.013916349,0.3916342,0.015453169,0.090528786,0.0022480397,0.018195046,0.0013293253,0.005371761,0.011247451,0.007679867,0.0059656706,0.0073383064,0.026741534
636753,Plaguicidas,0.0017862038,0.21138988,0.0421943,0.008156893,0.014939632,0.0014184411,0.00019214048,0.021114001,0.0037374543,0.005412365,0.04541311,0.16336823,0.018246787,0.001567988,0.0075972825,0.014183642,0.13309756,0.1593105,0.0027470484,0.00012704934,0.001492215,0.0003960208,0.019475225,0.004832906,0.037337855,0.0027571109,0.00048685138,0.00045573426,0.0048692776,0.04262568,0.0026442173,0.029003894,0.0013478242,0.017858142,0.004495848,0.1296122,0.0056896745,0.013964952,0.21476524,0.035711348,0.0015139668,0.013993003,0.2992647,0.007492128,0.036271177,0.00049984205,0.012877651,0.0025922924,0.00074163213,0.0015851469,0.0045835655,0.004433548,0.0011131972,0.01717356
718761,Biochemistry & Molecular Biology,0.0002674777,2.4745124e-05,0.003829161,0.86123294,7.004769e-05,0.00038295615,1.3279982e-05,0.0006334384,7.92443e-05,2.19047e-05,0.012707958,3.2247426e-05,0.00489429,9.980061e-05,4.598119e-05,8.792483e-07,2.1127267e-05,8.6226966e-05,1.5785196e-05,0.02860103,1.9617419e-06,0.00046718062,1.48651225e-05,1.5909682e-05,8.328595e-06,2.1850476e-06,9.515421e-07,6.399705e-05,0.00012163117,7.350962e-06,0.0066030105,1.7934708e-05,1.4010079e-06,1.1036869e-06,0.18727635,5.144314e-05,5.1081002e-05,1.4107124e-05,7.3006646e-05,0.00018702298,0.00012981106,1.0828559e-06,0.00031658116,4.9146524e-06,5.7496607e-05,2.6465164e-05,1.2477789e-05,0.00012630464,6.1258033e-06,2.1543645e-05,6.141179e-05,0.001496342,5.6084064e-05,3.5031702e-05
715405,Parasitology,0.0010440242,1.8422077e-05,0.0047782985,0.000536408,1.71734e-05,9.279999e-05,3.6831455e-07,0.0008303839,0.00012188054,3.617968e-06,1.5936545e-05,4.708281e-07,2.8574183e-05,1.8956893e-06,4.9227674e-06,1.0723853e-07,2.0260715e-05,0.00033097624,3.148314e-05,1.8908298e-05,1.617793e-06,0.22135456,0.0010334112,7.5179387e-06,6.985737e-05,1.6474115e-10,5.603747e-06,4.1389874e-05,2.7466074e-06,0.00021462234,1.6199148e-05,0.00020566255,5.030826e-07,1.7222816e-05,0.6990452,1.2210643e-06,6.207985e-05,1.2932396e-05,0.000103082544,0.0009444598,4.805972e-07,4.9959476e-07,2.3087414e-05,5.0254795e-07,0.00011434188,2.2281395e-06,0.0004413162,0.015999332,1.0295198e-05,1.1544793e-05,0.002421513,0.0011989698,4.6755904e-06,1.5863247e-05
716957,"Biochemistry & Molecular Biology;Chemistry, Multidisciplinary",0.00017310074,0.0015348868,0.0035758074,0.7572288,0.0031040406,0.000929242,1.1504831e-05,0.00019875114,0.00025180978,0.0004908761,0.00714629,0.80630714,0.0015531257,0.00067556306,0.0018008497,0.00035030715,0.0073075844,0.00053520274,0.0002871797,5.5918135e-05,1.872782e-06,2.0282021e-05,2.5078582e-06,0.00031872498,3.6446374e-05,1.5533185e-05,2.2561096e-06,1.13213155e-05,0.009082981,0.00016427036,0.09250708,0.0014154508,4.912933e-05,0.00019365398,3.5701672e-05,0.00043872042,1.2723137e-05,0.00010128434,0.0034559465,0.0002262313,0.0014521811,0.00014297396,0.0032828657,0.00018662715,0.00036981876,5.7923276e-05,0.0007539985,9.874283e-06,2.3646417e-06,2.2501434e-05,2.4744086e-06,0.00037036563,7.856248e-07,7.610111e-05
789507,Plaguicidas,0.00080300734,0.18843643,0.00880493,0.00152094,0.0029771114,0.00022807982,4.4968117e-05,0.009669755,0.0011637808,0.001213177,0.011438575,0.17677847,0.0031802438,0.001135251,0.0086195115,0.043324962,0.11882103,0.09091854,0.001476637,7.118509e-06,0.0004073022,0.0001216655,0.00965086,0.0020354262,0.03434246,0.0006494284,0.00020631029,0.000119294586,0.0029102769,0.026225401,0.0024250017,0.030247934,0.0005366151,0.016545268,0.0014776243,0.1360499,0.0015090356,0.009877337,0.1747966,0.015808025,0.00045791225,0.03236645,0.25983995,0.0038693892,0.012495059,0.00043195643,0.01995059,0.00069582736,0.0003173696,0.0008789975,0.0022807643,0.0023300268,0.0002608847,0.0033746692
648898,"Chemistry, Multidisciplinary",0.0010071838,0.15127611,0.054336987,0.06596521,0.16164191,0.0069508418,0.00027676809,0.0035714034,0.027465995,0.03786351,0.05874247,0.4890974,0.050972868,0.0012658868,0.005085743,0.004901469,0.14734674,0.18470691,0.0021879608,0.0009380263,0.0004320695,0.0004312227,0.004612754,0.012642013,0.006972952,0.0067900983,0.0008639144,0.0013266514,0.02243816,0.04030855,0.0047608856,0.016909307,0.011508448,0.014836409,0.0015766721,0.04815918,0.0036455728,0.01615801,0.19991007,0.010705307,0.0056149517,0.0066893008,0.16818465,0.0148414755,0.029800536,0.0005081001,0.006269745,0.0014038172,0.00061462424,0.0012771387,0.001273781,0.0015692485,0.0010988247,0.019732509
655347,"Biochemistry & Molecular Biology;Chemistry, Multidisciplinary",2.6430609e-05,0.0023591532,0.016980397,0.93080544,0.00961966,0.0031062653,4.1519698e-07,4.073446e-05,0.0057405797,0.000301643,0.008875154,0.936857,0.006798848,1.6694908e-05,0.00046299817,9.347147e-06,0.00049594784,0.0004124307,1.8971698e-05,5.774872e-06,3.3088318e-07,2.248137e-06,3.7725496e-07,0.00018334948,5.1346256e-06,3.2454625e-06,4.7698177e-07,1.0648836e-05,0.00083011814,4.0037878e-05,0.0010308006,0.00091472483,8.467505e-05,6.8751586e-05,3.0171443e-05,8.36631e-05,5.0308063e-06,4.5198693e-05,0.0024017503,0.00030036285,0.000110437795,8.38127e-06,0.0018412241,0.0001492058,0.00012491431,2.8826912e-06,0.00013660894,7.8380333e-07,8.868452e-07,1.1938553e-05,1.3712253e-06,4.7982743e-05,3.7003653e-07,1.4863577e-05
639778,Rheumatology,0.0056206416,0.002154079,0.025823334,0.044493224,0.024451787,0.0016953195,0.0022582426,0.015340869,0.0020686807,0.0027144765,0.021004591,0.0012304258,0.03301341,0.0004872135,0.00074578944,0.00014861753,0.0065310174,0.02418036,0.003144191,0.1474617,0.0003523736,0.018540207,0.008499448,0.0038458232,0.00058138964,0.00019740738,0.0016888394,0.008498021,0.0018055916,0.0096195135,0.0045264154,0.0008967552,0.00076112594,0.00061529677,0.14114855,0.0009891735,0.0011703041,0.0020946234,0.013994739,0.0063019088,0.0023675088,0.00072637096,0.0068208594,0.00059749675,0.0071959305,0.00029911858,0.0011832229,0.19376652,0.00031521567,0.0007567241,0.0033945674,0.004156978,0.002638612,0.032458533
673337,Biochemistry & Molecular Biology;Parasitology,8.601696e-05,0.00012985055,0.012812362,0.78052276,0.00011590741,0.0002643225,8.312487e-06,0.000627919,0.00039116186,1.4301086e-06,0.2990446,8.614156e-06,0.12934493,4.956e-06,4.969785e-05,8.4315553e-07,1.1746192e-05,0.0010002418,8.3486054e-07,0.0021084154,6.413347e-06,9.467904e-06,8.0269376e-05,7.1913078e-06,1.8045468e-05,8.351405e-06,4.0851327e-07,0.00013384485,2.4437275e-06,2.1813437e-06,3.5464273e-05,2.9871821e-06,3.6154881e-06,5.801239e-07,0.4874515,0.0001934423,5.120615e-05,4.6011755e-06,0.00014384284,0.0009730046,9.257964e-05,7.4530953e-07,0.0017957439,6.695666e-06,6.127227e-05,2.9107027e-06,8.5386273e-07,2.5477066e-05,4.004132e-06,2.7615475e-05,8.706445e-05,0.0053657847,0.002466306,2.2383934e-05
687151,"Biochemistry & Molecular Biology;Chemistry, Multidisciplinary",0.0003950393,0.0038127769,0.011428291,0.86276275,0.017616985,0.0025944202,8.902913e-05,0.00047424817,0.00247986,0.001454617,0.044061575,0.7740801,0.020412471,0.0004840592,0.003579163,0.00014336835,0.003215651,0.0011806559,0.00030179892,0.001072865,1.2037856e-05,5.614506e-05,7.165861e-06,0.0019201045,3.8680504e-05,7.204965e-05,2.842541e-05,0.00021786075,0.005265466,0.00034944326,0.021591788,0.0011238089,0.00061883434,0.0002502247,0.00010168722,0.00054883404,2.875652e-05,0.00024430268,0.0056113643,0.00087100826,0.0024295915,0.00014702491,0.007832317,0.0009174438,0.0010676587,9.836271e-05,0.00055561657,5.228167e-05,1.14493605e-05,0.000109097506,8.344336e-06,0.0003343481,5.3147382e-06,0.00036460484
686371,Análisis cromatográfico,0.0013177778,0.2171838,0.16619487,0.005567923,0.13634965,0.0059543764,8.592441e-05,0.011499599,0.037874475,0.02305896,0.012503633,0.03804832,0.025567438,0.00031140694,0.000963311,0.0012618498,0.0546189,0.11606896,0.0027870382,0.00019555252,0.0023453494,0.0013168029,0.036535975,0.004688849,0.04201879,0.0024559703,0.0012378037,0.0020293756,0.0023712632,0.09920227,0.00027604547,0.02127819,0.0038219283,0.026685156,0.0066860886,0.042003863,0.025115464,0.015055621,0.20345134,0.02205032,0.0005790311,0.003020062,0.12459737,0.0058295005,0.060380697,0.00015885556,0.011102787,0.001964168,0.001562632,0.0018369236,0.007840272,0.0011378981,0.002206601,0.022591941
684895,"Chemistry, Multidisciplinary",0.0002852048,0.002754291,0.005896224,0.3292011,0.016242664,0.00038534164,0.0001262176,0.001350825,0.00021299678,0.00047390268,0.14010455,0.4722342,0.043556947,0.0002710197,0.0032515514,0.0004569279,0.0121007785,0.0030654024,0.00036059695,0.00069022033,1.251169e-05,9.252445e-06,4.3431428e-05,0.00095924054,2.454383e-05,0.00019318794,1.4867107e-05,0.00021563336,0.0037614342,0.0004186338,0.018881807,0.00043377164,0.00039770905,0.00018861861,0.0002565706,0.0010666477,1.7130558e-05,0.00029047392,0.015771454,0.0009945953,0.0063896705,0.0003051243,0.009325494,0.00059534406,0.001619523,3.5940113e-05,0.00022417044,0.00028821322,4.2935726e-06,2.0728323e-05,1.7336717e-05,0.00051016815,4.3623822e-05,0.001202457
680795,"Chemistry, Multidisciplinary",0.00010548477,0.0065717474,0.024479054,0.13633785,0.008199605,0.00027163615,7.0442643e-06,0.000987919,0.0023646003,0.00012655552,0.064111434,0.69061834,0.086933315,6.987809e-05,0.0040509854,4.738204e-05,0.0017260456,0.0016066235,5.2484836e-05,3.1461834e-05,1.3071828e-05,3.6890583e-06,1.4099767e-05,0.00019678871,2.1526128e-05,2.3234295e-05,1.8570954e-06,7.0397646e-06,0.001621377,0.00034749188,0.00051912275,0.00065780856,0.00025581586,0.00074421865,0.00026150676,0.00021741481,1.0328357e-05,0.00011819568,0.013260634,0.0030043218,2.6487056e-05,4.3731285e-05,0.0055688606,0.00020288459,0.00032239815,2.4272622e-06,0.00014090014,0.00021307313,5.917227e-07,2.661362e-06,2.1152831e-05,0.00026633867,2.8257787e-06,0.0005532646
685003,Farmacología,0.001463768,0.09132083,0.13492382,0.010138042,0.06995936,0.0044751833,0.00011889507,0.014570414,0.0055784974,0.015027235,0.042819224,0.02020173,0.044330426,0.0004581705,0.0010746103,0.0010120348,0.09648605,0.14231548,0.0013557109,0.0006231018,0.0023191595,0.00053490844,0.025793051,0.0049945326,0.018618455,0.0020151322,0.00052613043,0.00421121,0.0006235056,0.04682176,0.0005843468,0.010374353,0.0027093724,0.0041681197,0.0059152315,0.04787125,0.015851237,0.008926506,0.10435486,0.026330223,0.0016565652,0.0038661999,0.09200703,0.0032586246,0.09860007,0.00015878893,0.0028939603,0.0024411052,0.0008594065,0.0011078259,0.002065603,0.0018320716,0.0039354092,0.033249374
673344,Farmacología,0.00052428397,0.07514412,0.014681171,0.00031791863,0.04152851,0.0002658427,4.8717553e-05,0.010104324,0.001730703,0.004773448,0.01153973,0.011938055,0.0024458822,0.00015237744,0.0010290537,0.008684545,0.17814444,0.21263058,0.0039748703,3.233692e-05,0.0001687602,0.00040812092,0.09246988,0.0018902314,0.007608108,0.00023609013,0.0002772255,0.0005088719,0.005823852,0.057030316,0.00049557706,0.027215768,0.00073247164,0.03327798,0.0050525237,0.0045703216,0.00038851402,0.006934794,0.18018088,0.012246575,0.00063075725,0.010665238,0.044430282,0.0010211251,0.009236389,7.925035e-05,0.012619766,0.02800676,0.0002585309,0.0002389886,0.0071125804,0.0016900008,0.0002818096,0.019363698
684876,Biochemistry & Molecular Biology,0.00069335033,0.0016872099,0.015874552,0.0876131,0.006979485,0.00048702036,7.658041e-05,0.0051969066,0.00054621085,0.0002997389,0.032582536,0.011147346,0.036692828,9.653437e-05,0.0007105929,4.6593595e-05,0.0025081905,0.0066447053,0.00021255876,0.002429558,2.1051224e-05,0.00021059491,0.00043148338,0.00047777916,6.990703e-05,3.1017353e-05,2.6140562e-05,0.0004509019,0.00047241812,0.0009215219,0.001390973,0.00031289758,0.00014352416,0.00011141633,0.021008657,0.00046466326,8.3673076e-05,0.00029955947,0.008455816,0.0038223625,0.0003748982,0.00014154032,0.004267201,0.0001093602,0.0014700441,2.2002345e-05,0.00018449813,0.0067043803,1.4512901e-05,3.910503e-05,0.00029188275,0.0017540406,0.00023413291,0.003014504
659560,Enfermedades infecciosas,0.0022449677,0.1511005,0.045861997,0.0068754014,0.03410219,0.002348643,0.0002029525,0.009465283,0.0035148452,0.01483836,0.018160336,0.1151909,0.006678983,0.0019115874,0.0022867878,0.015743464,0.3524136,0.15932834,0.0045938087,0.00028650314,0.0009164142,0.0010805132,0.033919875,0.007253319,0.04150869,0.003614728,0.0010215729,0.0008197953,0.008962744,0.067150936,0.006558256,0.029201547,0.0010647486,0.016472578,0.0030952797,0.11523036,0.009828844,0.027150583,0.21147037,0.012014702,0.006690939,0.02233322,0.19544004,0.010909131,0.06847421,0.0007095315,0.016800022,0.0018262297,0.0011253537,0.0025695662,0.0031990814,0.00274955,0.0017029477,0.02085297
754958,Parasitology,0.0021832604,0.002328542,0.014883422,0.08720608,0.012206712,0.0013054879,0.001071208,0.0053889854,0.04161915,0.0013414245,0.025083717,0.00085722446,0.06886361,0.00013508239,0.00076476816,4.8437527e-05,0.0009245556,0.012970727,0.0002829193,0.11757367,0.00014764939,0.0054001575,0.0042688446,0.001595574,0.00044881887,0.0006324786,0.00055929867,0.002433971,0.0022341518,0.0019631323,0.00033440103,0.00029307455,0.0016404265,0.0011315676,0.31897318,0.00043243478,0.00084101665,0.00078631943,0.0036670105,0.003713812,0.00030529508,0.00011665052,0.0053257053,0.00078535045,0.0019420655,5.771937e-05,0.00036655169,0.049051378,0.00019445717,0.00070513645,0.011424069,0.0045301733,0.004370091,0.010987564
755341,"Chemistry, Multidisciplinary",0.004766144,0.04427316,0.05567131,0.2054474,0.04233575,0.014006372,0.0004916291,0.016735591,0.006557874,0.021926466,0.032712154,0.754139,0.020287322,0.0040148594,0.013437279,0.014554696,0.10981026,0.05645186,0.019016974,0.0007119475,0.00043747682,0.001393679,0.0024262664,0.010259536,0.0046996567,0.0021228045,0.0005274548,0.0010514646,0.050792914,0.02627345,0.05986011,0.044583533,0.0037568787,0.015664898,0.004438758,0.017986929,0.002503188,0.0085404655,0.14722575,0.02318951,0.012339621,0.008746206,0.07445944,0.0069198785,0.014848853,0.0019768954,0.02439652,0.00366812,0.0008031715,0.0017004876,0.0030147734,0.008607085,0.0005553415,0.0093108835
766637,Parasitology,0.011344064,0.031207066,0.09627265,0.09521349,0.030095575,0.0074285446,0.0055205976,0.09139602,0.010847788,0.005062484,0.10943655,0.0051743276,0.22584367,0.0013131016,0.006876349,0.0012123437,0.0070043984,0.064270504,0.0036092747,0.026557555,0.0036585478,0.0066245394,0.034261692,0.0064745443,0.006083779,0.0015513847,0.0031975429,0.030028375,0.0015081938,0.011871509,0.0017669708,0.0066892155,0.0035156584,0.0036993534,0.48548272,0.013341865,0.0060614995,0.0031400213,0.04490636,0.09628895,0.0023940213,0.0028953792,0.034508966,0.0030250687,0.019273337,0.001601385,0.005229663,0.05739997,0.0034809948,0.0055302107,0.04392174,0.045995362,0.025286857,0.030879313
672851,"Chemistry, Multidisciplinary",5.9265378e-05,0.037345417,0.0055499305,0.0012078051,0.013998208,4.7499347e-05,1.88992e-06,0.00068072305,0.00013016904,0.0028762675,0.006087814,0.5077477,0.001904876,0.00012405336,0.00071358186,0.0036683483,0.27915153,0.058229875,0.00045164613,2.3078944e-06,7.646414e-06,3.9147913e-06,0.0004250286,0.0010583492,0.0010471495,0.000121012825,7.726614e-06,1.1495629e-05,0.0028474866,0.016040433,0.0013908577,0.0043264725,0.0001615874,0.003887513,2.1477224e-05,0.008217034,7.185587e-05,0.0018550942,0.16428252,0.0014867557,0.00034285142,0.0021243473,0.05211789,0.00071964524,0.0050663888,1.2878514e-05,0.0016770787,0.00022757176,6.565334e-06,1.0022924e-05,2.5451347e-05,0.00011274275,6.073404e-06,0.00216796
590800,Parasitology,0.00034011825,0.0073361075,0.1107354,0.020872993,0.019137425,0.0026397456,7.271926e-05,0.0041069193,0.01794617,0.0012820973,0.01991921,0.00023733075,0.08335444,1.7501588e-05,4.7008212e-05,1.3925404e-05,0.0016972777,0.02839909,8.090405e-05,0.0031906806,0.00030716683,0.00058613543,0.010607133,0.00055071525,0.0025744792,0.00043422298,0.00026268777,0.0021410098,4.080491e-05,0.0029963697,8.739158e-06,0.00016747061,0.00069952884,0.00037854625,0.12908132,0.00471464,0.010345188,0.00039366278,0.006466301,0.00992254,0.00012999214,5.4733355e-05,0.009629005,0.0006327279,0.011682606,1.2592886e-05,6.371675e-05,0.00082358497,0.00038394055,0.0009244547,0.00387411,0.0016121084,0.01709597,0.005913706
755444,Biochemistry & Molecular Biology,0.002147003,0.0035774221,0.021789871,0.10117468,0.023680493,0.0011950993,0.00041541352,0.0076222164,0.002373333,0.0018834226,0.03385584,0.02512623,0.05392324,0.00038375874,0.0020745231,0.00014316836,0.0066947206,0.016769394,0.0005647199,0.018524291,9.510244e-05,0.001339463,0.0006963975,0.002328201,0.00022208811,0.00015111684,0.0002304876,0.0018835302,0.0013658934,0.0052746,0.0040942696,0.00079495873,0.0011368499,0.00039777052,0.013425815,0.0010347808,0.00027201348,0.0014031731,0.014398568,0.005446043,0.00081465073,0.0007049634,0.0070910677,0.00034854544,0.0046831914,9.425872e-05,0.0006261393,0.029795056,6.739941e-05,0.00017495324,0.0004305907,0.0017377174,0.0004068082,0.0146004995
682338,"Biochemistry & Molecular Biology;Chemistry, Multidisciplinary",0.0008263614,0.029702596,0.08501046,0.47638544,0.019480241,0.010850132,4.9561637e-05,0.0025543694,0.025973901,0.0041634752,0.05034065,0.44827917,0.078871235,0.0004911675,0.002754274,0.0002684168,0.006516232,0.016685477,0.0007033234,0.0004291109,0.00010210035,0.00031145418,0.0003783617,0.0016540184,0.00091687136,0.00040581738,5.7488767e-05,0.00014211088,0.011983435,0.002752564,0.0031404793,0.008115872,0.00079394475,0.0028142158,0.010071083,0.004291754,0.0011057092,0.0013899972,0.036367264,0.008947222,0.00069187337,0.0002942656,0.034944516,0.0023173739,0.0028597906,0.0001480759,0.0016286704,0.00032484878,0.000120301906,0.00038331116,0.0011983635,0.0021836127,0.00016637635,0.0020469003
683565,Infectious Diseases;Microbiology;Parasitology,0.059110455,0.013973102,0.04808639,0.02887802,0.029862054,0.013733811,0.016523326,0.04025853,0.020103322,0.0058931774,0.14065781,0.0001778155,0.01795672,0.0019387817,0.0018854405,0.0037126867,0.02775974,0.0616827,0.018910343,0.073788635,0.026560137,0.21615005,0.6016589,0.027187519,0.0295024,0.0045055025,0.036853254,0.5672046,0.0014613083,0.012023341,0.0023633183,0.013331844,0.0094694495,0.0060961116,0.4249138,0.0127677545,0.04183051,0.013702773,0.016452018,0.044433482,0.072775155,0.0085102245,0.023492312,0.022120148,0.12123285,0.0064489543,0.011510195,0.040788658,0.09063923,0.092045285,0.083574854,0.059806503,0.27564022,0.073421486
700280,"Chemistry, Multidisciplinary",0.0012257221,0.19936275,0.05127636,0.0489704,0.04197255,0.003991226,0.00017473268,0.006350907,0.007074907,0.0193765,0.04043208,0.66868275,0.027056023,0.0026802246,0.0072287144,0.013801821,0.18187274,0.110754445,0.005965636,0.00021401809,0.00053987827,0.00025111614,0.0031992851,0.00851697,0.012356533,0.0054154713,0.00046997113,0.00027683485,0.035463244,0.035841044,0.0109788105,0.032394398,0.002365908,0.022119716,0.0010220965,0.092553966,0.0041674175,0.012206218,0.28380403,0.0144286575,0.0036464494,0.006420664,0.30777326,0.017038062,0.027329592,0.0007491262,0.015556927,0.0005919763,0.0004239352,0.0010535246,0.0012244881,0.0022688003,0.00043772065,0.012424393
626499,Rheumatology,0.0009894407,0.0014503547,0.015253013,0.0023438411,0.06833606,0.0010876806,0.0008155746,0.0037903609,0.006050043,0.005676305,0.0016755419,0.00012447638,0.008879114,3.7212e-05,4.3644253e-05,3.6204296e-05,0.0037844689,0.032179996,0.0018077976,0.037792258,0.00018675515,0.010657337,0.019039305,0.004192257,0.0010646648,0.00015982322,0.003247698,0.03143482,0.00020244921,0.019829782,7.068151e-05,0.00020005713,0.0035626797,0.0011844671,0.051640198,0.00088616787,0.0042716158,0.0009664062,0.0070125423,0.0036120794,0.0005114273,0.0005307111,0.0018653353,0.00038639238,0.010177563,2.683113e-05,0.0003068308,0.108816914,0.0004331194,0.0012072341,0.0027670206,0.0005491928,0.004101263,0.040332016
644718,Cell Biology,9.622704e-05,0.071037926,0.02584627,0.009809711,0.100324035,0.0015586169,3.2983146e-05,0.0008947384,0.16082749,0.0050768936,0.008634287,0.04066499,0.022125635,4.9572365e-05,0.0008582366,0.0004963997,0.008365721,0.06937131,0.00015009438,0.00011003489,6.5656626e-05,9.706819e-05,0.002412227,0.00071407814,0.0038326257,0.0011773496,0.00020166703,0.000105398,0.006055671,0.01163646,3.7557566e-05,0.0015162289,0.004780462,0.020074403,0.0031067715,0.0048499946,0.0010677985,0.0016506267,0.049663458,0.0027762686,4.2840395e-05,0.00036294822,0.03307354,0.0014747678,0.0035524247,8.5680285e-06,0.0010487264,0.0009829262,5.8633912e-05,0.000145167,0.0016766979,0.0005387551,0.00031968174,0.0049874214
642512,"Chemistry, Multidisciplinary",0.00015994687,0.0083738705,0.015762256,0.13964796,0.013024731,0.0006244763,5.4067486e-06,0.0006995299,0.00049672247,0.0013178452,0.016366735,0.93618083,0.008177673,0.00018014858,0.0020332236,0.000705047,0.03911483,0.0058518997,0.00042058056,1.3738701e-05,6.3727543e-06,7.835785e-06,1.9276242e-05,0.001021185,0.00010281572,7.0612325e-05,5.702016e-06,2.263934e-05,0.0036836364,0.0020352758,0.007719659,0.0030490798,0.00028172095,0.00083431386,2.846884e-05,0.0017964228,4.1532294e-05,0.0006953003,0.045235693,0.0018056158,0.0010219972,0.0004559935,0.017974447,0.0005601408,0.0021771702,2.0304838e-05,0.00096929935,5.3865773e-05,4.291755e-06,2.0887266e-05,1.0122498e-05,0.00019011782,4.409187e-06,0.00068928464
642746,"Chemistry, Multidisciplinary",0.00019628069,0.009752065,0.022993267,0.003709478,0.03803356,0.000299419,1.7024488e-05,0.0022237494,0.00034740524,0.0047148145,0.004793115,0.23361559,0.010931794,0.00013957151,0.00064135954,0.0008153516,0.07819231,0.025758296,0.0009837727,4.6086025e-05,2.269087e-05,2.85973e-05,0.0004047314,0.0010610041,0.00041739648,9.7357784e-05,3.9636547e-05,5.9123406e-05,0.0035680772,0.017165875,0.0016976147,0.0023728297,0.00038331773,0.0029674922,0.00035483227,0.001703821,0.00015943614,0.0013298147,0.11086721,0.0023211055,0.0005135126,0.0008325866,0.009455412,0.00047964073,0.006254973,1.3987495e-05,0.00079727796,0.0031319982,5.8011897e-06,1.1654884e-05,0.00010451117,0.0003173929,2.381643e-05,0.005842871
642528,Biochemistry & Molecular Biology,0.00037800914,0.0031221816,0.02544849,0.22316255,0.004800176,0.0027204019,1.222797e-05,0.0012834028,0.021534167,0.0005112684,0.009610641,0.12673767,0.01651595,7.0299495e-05,0.0009840357,4.971634e-05,0.00090942025,0.005693534,0.00013930611,0.00023498543,8.667793e-06,0.00044307864,0.00010518064,0.00039528005,9.6248696e-05,2.462267e-05,1.34848e-05,2.6755552e-05,0.0043408684,0.0007075658,0.00095498096,0.0009811443,0.0002431429,0.00069371384,0.01688617,0.00021171855,0.000119431395,0.00035914197,0.0063477727,0.0025218467,8.196895e-05,5.631333e-05,0.003933518,0.00021374036,0.0003405696,1.5509944e-05,0.00035391928,0.0014811957,1.1836342e-05,4.4365526e-05,0.0007436505,0.0012943274,5.342689e-05,0.0005101957
645869,"Chemistry, Multidisciplinary",0.0007867684,0.09771403,0.03529898,0.007193424,0.14468044,0.0011571947,0.00014259329,0.0031516997,0.0053202114,0.050812274,0.011710817,0.30996472,0.027401945,0.0013772274,0.0028479605,0.0039587226,0.15754482,0.091654934,0.004846046,0.00031699342,0.00034999204,0.00016910944,0.0029941653,0.0064624054,0.0059819235,0.0032340458,0.00054591184,0.0003772808,0.04503761,0.08950545,0.0035904197,0.017900722,0.0042084916,0.03421264,0.00062348135,0.014908555,0.0014109161,0.0076837568,0.2753116,0.0050759036,0.0017276575,0.0037519794,0.0747234,0.008632609,0.022724446,0.00021216534,0.0076914174,0.0036548837,0.00013506718,0.00017076137,0.0007342692,0.0007868887,0.00013322194,0.03623969
769704,Análisis cromatográfico,0.0012985697,0.15393385,0.048758753,0.004955958,0.102118365,0.0024251277,0.00033228355,0.0058646854,0.025519952,0.037042916,0.0067311386,0.014019996,0.032335483,0.0006162035,0.00083666726,0.0016063,0.06253606,0.14658657,0.001316536,0.0014333336,0.0014477252,0.0010294067,0.022177223,0.0038767222,0.051465813,0.010393483,0.0020862482,0.0013979479,0.0060792454,0.11133516,0.00032977998,0.006060583,0.004016572,0.026748948,0.0106880795,0.077153906,0.033449404,0.013187248,0.15392365,0.00846441,0.00060552347,0.003942423,0.08173857,0.0057876254,0.0694319,0.0001666671,0.0032877699,0.0032703995,0.0012744449,0.002042719,0.007833706,0.001844114,0.0035489288,0.0778759
769818,Rheumatology,0.0012188875,0.0065967236,0.03609922,0.0059631574,0.060292147,0.00060015277,0.0001282972,0.0072519663,0.0027730414,0.006293327,0.0038363123,0.024784664,0.026139272,0.00024383006,0.00096140295,0.00012667735,0.017784651,0.024657067,0.0013722876,0.0018951957,0.000104272665,0.0013230485,0.0015886393,0.0020878033,0.0004800851,4.0649127e-05,0.00025522048,0.00044816607,0.003090785,0.027002182,0.000977749,0.002981879,0.000700407,0.0035720735,0.008021223,0.0003763036,0.00029489613,0.0013049286,0.03910638,0.004901746,0.00012505113,0.00059265184,0.005383163,0.00022963081,0.0059636775,2.4623021e-05,0.0017367458,0.109391175,2.5716898e-05,4.0680847e-05,0.00076298986,0.0009793642,6.119088e-05,0.025850145
767703,Biochemistry & Molecular Biology,0.00011028153,0.001585802,0.012589268,0.99351364,0.015627848,0.0059926705,6.5838714e-05,0.00019211463,0.0013072715,0.00040036062,0.25852412,0.09901835,0.044298485,8.144389e-05,0.00036694115,1.816464e-05,0.0004076862,0.00069930987,4.8291593e-05,0.0035638819,4.301458e-06,9.812937e-06,4.427487e-06,0.00066461076,1.3303228e-05,4.163417e-05,1.2059423e-05,0.0017615308,0.0002227421,1.657757e-05,0.005519022,0.00016117364,0.00019174625,8.441471e-06,0.0002076121,0.0005256775,1.4478328e-05,2.807023e-05,0.0007137169,0.00030701663,0.005846667,1.8971064e-05,0.009017032,0.0003078132,0.0007043832,5.8515103e-05,5.299031e-05,1.1939061e-06,1.813241e-05,0.00018627444,2.3095104e-06,0.00024252287,2.3278455e-05,3.4895664e-05
722911,Análisis cromatográfico,0.00053821487,0.33780155,0.018324897,0.0009277915,0.006841982,0.00042847137,4.4100074e-05,0.011421021,0.0028808087,0.0029297867,0.010862995,0.055754993,0.006184787,0.00045147736,0.0030529045,0.014150811,0.06445336,0.17408086,0.0018493851,9.672823e-06,0.0005560075,0.00015303749,0.027386354,0.0014733173,0.04852805,0.0010306494,0.0002766686,0.00014253591,0.0050593507,0.050824318,0.0005230141,0.046578564,0.00048796667,0.025360635,0.0066218753,0.105923966,0.0026441605,0.008044123,0.25136387,0.020048754,0.00021195527,0.013003331,0.25964656,0.0044256942,0.014600118,0.00023985306,0.024415536,0.0011504845,0.00044166847,0.0010216829,0.011884515,0.0022982778,0.00046757804,0.009103457
768099,Patología,0.00041835912,0.2098692,0.025529578,0.0018539734,0.030185478,0.0004304305,2.5688565e-05,0.0054364307,0.0037867776,0.005993696,0.020734731,0.25628084,0.009646144,0.00052768935,0.0036807917,0.007563642,0.14830022,0.16515392,0.0019321073,1.5416217e-05,0.0002758563,0.00010451157,0.009522373,0.0025421884,0.011091291,0.0007476015,0.00012665379,0.00010997991,0.0091888085,0.05162481,0.0010727375,0.037143186,0.001079612,0.02869576,0.0010283716,0.027466364,0.00083838427,0.008893751,0.27582702,0.01154879,0.00043629322,0.0069152894,0.16163702,0.0042839036,0.011745791,0.00010781849,0.012615548,0.0021873375,0.00014363299,0.00020076723,0.0016956005,0.0010127574,0.00013024054,0.010864767
775777,"Chemistry, Multidisciplinary",0.0017267459,0.035790913,0.040600527,0.16375804,0.073929414,0.0034851243,0.00042143962,0.0061776717,0.0073123635,0.014369944,0.061626002,0.78240764,0.100356705,0.0026425328,0.015807757,0.0032817533,0.04492114,0.022974644,0.0032926193,0.0012543515,0.0002651592,0.00017550429,0.0004151877,0.0066976673,0.0009647498,0.0018313298,0.0002693168,0.00043189197,0.04310282,0.012717366,0.019341383,0.009662229,0.004496394,0.010285399,0.0012281863,0.0053547686,0.0005124985,0.0030708613,0.10495731,0.010517572,0.0028285543,0.002796187,0.044121023,0.004989163,0.0099784825,0.0003523328,0.004093136,0.003044326,8.902497e-05,0.00020759508,0.00045023294,0.002375289,0.000119231474,0.014680143
775950,"Chemistry, Multidisciplinary",0.0006738989,0.0017180076,0.017925333,0.17489055,0.00151824,0.0008688076,5.9718545e-06,0.0020486212,0.00017130624,0.00039725247,0.0016930074,0.32729226,0.0013515895,0.00072956766,0.0019501046,0.00024560728,0.012408805,0.0015133772,0.00033826954,6.2919076e-05,8.416825e-06,0.0002680999,1.9093779e-05,0.0001947316,0.0001298035,3.797876e-06,3.1677125e-06,8.367861e-06,0.001948828,0.0012717571,0.03939094,0.0030290203,2.0624939e-05,0.00019992384,0.00067181676,0.00052045577,7.445704e-05,0.00037794045,0.007555228,0.0021319005,0.00013413846,0.00024260704,0.002625214,3.7160895e-05,0.0007674032,4.5242676e-05,0.0018486619,0.00046891754,4.0459795e-06,1.548953e-05,1.9541701e-05,0.0014331078,2.4615433e-06,0.00033900468
776312,Biochemistry & Molecular Biology,4.665079e-06,1.5020766e-05,0.0004168792,0.99954045,0.00071366417,0.00460077,1.1821267e-06,5.4737434e-06,0.00024679763,8.8546694e-05,0.0031670267,0.11930409,0.00031914975,3.5097166e-06,7.6125075e-06,2.2242004e-07,4.372076e-06,7.198904e-06,2.7733522e-06,0.0005209484,1.7450736e-08,2.4991748e-06,1.9427164e-08,3.4352186e-05,2.499775e-07,1.2373333e-07,1.5919527e-07,6.677126e-05,4.807215e-05,1.8240895e-07,0.0046033585,9.157193e-06,7.2873254e-06,2.2026e-07,1.0347602e-05,4.5065085e-06,3.3790224e-07,3.979605e-07,7.025372e-06,6.592457e-06,0.00027131985,2.394197e-07,7.497295e-05,7.1344125e-06,1.1748781e-05,7.0059823e-06,2.557653e-06,1.3881292e-08,3.4462923e-07,8.747388e-06,7.6935045e-08,7.0499095e-06,5.0143242e-08,2.651631e-07
776313,Biochemistry & Molecular Biology,0.000231461,0.0034883518,0.048613504,0.30067995,0.0029332903,0.0022569825,4.3793916e-06,0.0012582691,0.010528183,0.00040228612,0.009421775,0.04684416,0.02517145,5.31836e-05,0.00041310512,1.4600038e-05,0.0005597867,0.0050986256,5.785433e-05,0.00015236538,6.2746426e-06,0.00017593807,0.000106991974,0.00015429362,0.00012853315,1.6921753e-05,4.920773e-06,2.3278853e-05,0.0015817003,0.00045455567,0.00040901732,0.00095334876,6.3821964e-05,0.0002599536,0.056239635,0.000308787,0.000212275,0.00018152557,0.0061186566,0.0027883733,6.3988504e-05,1.7757828e-05,0.0041503506,0.00014443796,0.00033299552,9.895569e-06,0.00021035489,0.00033617907,1.1216953e-05,3.5401117e-05,0.0008922971,0.0020799332,6.4570035e-05,0.00036253795
776443,"Chemistry, Multidisciplinary",0.0010195646,0.20472388,0.0778103,0.22990865,0.06651432,0.010789447,0.00019938282,0.004104065,0.03665098,0.0140325995,0.091552585,0.5354616,0.077589944,0.0015734972,0.006616793,0.004276009,0.061275147,0.10318301,0.0015870233,0.0005605159,0.00050279085,0.00028299075,0.0020844413,0.0059810644,0.0082846135,0.005997714,0.0004486245,0.00046136393,0.020942288,0.013977651,0.0052996227,0.019103523,0.0036447712,0.010985957,0.0028845135,0.069847524,0.0054064593,0.008871492,0.16463482,0.013140741,0.0028755588,0.003197894,0.29309627,0.012501749,0.019516867,0.0005637935,0.0055263103,0.0002983223,0.0005119431,0.00178955,0.0013658961,0.0024400672,0.0008568537,0.0074873785
776445,Patología,0.0015913607,0.22254601,0.05478791,0.0034353076,0.07153572,0.0016850363,0.00013160681,0.00908341,0.011436719,0.02089532,0.011849825,0.12930685,0.012126989,0.0013733506,0.003315098,0.011376299,0.18262614,0.13612288,0.0039474103,0.00015019087,0.0015641564,0.00064634415,0.021202883,0.0049335216,0.055452816,0.0058578863,0.0011025455,0.00059133937,0.011428696,0.120811425,0.0017991062,0.02769405,0.0030999104,0.051500283,0.0020870904,0.08305676,0.010724777,0.028594527,0.3047653,0.012853015,0.0013421625,0.012700058,0.14925896,0.009892846,0.051925648,0.00037912081,0.017606666,0.0030734087,0.0007987249,0.0011741515,0.0038484824,0.0017210885,0.0009080345,0.033576023
776444,"Chemistry, Multidisciplinary",0.0010899464,0.033599257,0.013429536,0.050418727,0.14596935,0.001743561,0.00060519774,0.0022732625,0.0016500875,0.04329828,0.014660976,0.54608965,0.012237655,0.002056057,0.0035871102,0.0093036685,0.23888607,0.0464064,0.0038487876,0.002376,0.00015959433,0.00018645836,0.00084302574,0.01164706,0.0019557602,0.0035632383,0.0008428105,0.0011107165,0.018845866,0.038279586,0.04072161,0.0046002762,0.003896403,0.004520708,0.00013323083,0.013110414,0.0009423546,0.0035997066,0.1280319,0.00261979,0.017406294,0.0080501,0.050402936,0.0053813485,0.036588505,0.00049853895,0.004594097,0.0013071274,0.000111154644,0.00035991438,0.00010484766,0.0007292194,0.00016512215,0.015178312
776451,Biochemistry & Molecular Biology,0.00028952555,0.015053875,0.16850562,0.9749002,0.062314723,0.14408305,5.9540776e-06,0.00055481767,0.07475957,0.011235573,0.020433923,0.33867198,0.029978756,6.336736e-05,0.00024406008,2.6222304e-05,0.0015068701,0.00865662,0.00011887126,0.00033438604,1.7978717e-05,0.0002360586,4.005896e-05,0.0015298796,0.00044049812,7.1492665e-05,3.4202927e-05,0.0021591736,0.00038098128,0.0004465009,0.0007983646,0.0063984618,0.0007817817,0.0001792673,0.0028973087,0.0030802095,0.0012003919,0.00061262207,0.00663908,0.0035490484,0.000624955,8.1872706e-05,0.019049617,0.00053093344,0.0033943546,0.00012562527,0.00084500015,4.4986205e-06,0.00036372393,0.0017628713,0.00010989301,0.00041259488,0.000109004024,0.00014190275
754315,"Biochemistry & Molecular Biology;Chemistry, Multidisciplinary",0.0008608235,0.029567277,0.022957133,0.72567683,0.023945987,0.0040030205,0.00028219138,0.0018297047,0.00499194,0.0015065051,0.22768235,0.71623325,0.05120449,0.0018947069,0.0130805615,0.003352868,0.026154013,0.014488695,0.001105416,0.00055432157,9.137586e-05,6.9480804e-05,0.00021396812,0.0035096498,0.0006131849,0.0010314859,8.1126935e-05,0.00039655267,0.016718447,0.0011245103,0.0370861,0.005605301,0.0014681227,0.0016292932,0.0007426922,0.010063299,0.00025179776,0.0017427787,0.03046481,0.0034626862,0.014753699,0.0015418011,0.082080916,0.004984743,0.0032073853,0.0004332629,0.0021208012,9.1886235e-05,0.00010194597,0.0005016398,0.00011747868,0.0024160545,0.00014422918,0.0011263625
722548,Patología,0.00035219092,0.179713,0.0064371713,0.00018599827,0.006057129,8.814485e-05,1.8899445e-05,0.007493284,0.0011635264,0.0020756617,0.0024561575,0.06996001,0.0016473186,0.00030078174,0.0027562655,0.027358819,0.07604129,0.1159086,0.001586058,2.6748376e-06,0.00023429863,6.533884e-05,0.011310305,0.0007073926,0.04143164,0.00068823044,0.00017182136,6.147477e-05,0.0034569928,0.081017986,0.0003851525,0.017668264,0.0006768207,0.04212701,0.0010965038,0.055519603,0.0011421747,0.009330327,0.25396484,0.01008675,9.356934e-05,0.021746604,0.08155284,0.0015690663,0.009164967,9.470813e-05,0.012807557,0.002280939,0.00018907616,0.00023661925,0.0034994138,0.00095177314,0.000113424576,0.008176459
722720,Microbiology,0.007859551,0.002747239,0.021721346,0.005146482,0.068434566,0.0019805601,0.0018383764,0.01281489,0.001380498,0.0063291374,0.014709963,5.77692e-05,0.008724443,9.86875e-05,9.164812e-05,0.00012078363,0.010430316,0.03312448,0.0069577107,0.049523316,0.0016059016,0.027416416,0.10666574,0.00829192,0.0019211328,0.0004938485,0.0062477123,0.5266109,0.00013522209,0.012783843,0.0002920147,0.0022092522,0.0021107318,0.0008648376,0.08660201,0.0021294872,0.0043635294,0.002886836,0.017311642,0.0072178715,0.010209297,0.0020095387,0.0038419177,0.0011929492,0.038363628,0.00027092904,0.0019023627,0.060060494,0.0041347295,0.006927715,0.0058299587,0.0023338508,0.02499198,0.06466298
722781,Microbiology,0.006767417,0.0019490542,0.025610097,0.0091035105,0.07752869,0.0027831395,0.0005517361,0.009837759,0.00091736426,0.00796733,0.009570738,9.437924e-05,0.003905222,7.755009e-05,7.431092e-05,4.4107477e-05,0.008529357,0.02008724,0.003614203,0.019954856,0.0012301861,0.026655238,0.033206027,0.007888024,0.00082934566,9.975894e-05,0.003383032,0.66773856,3.3056673e-05,0.00909948,0.00037686524,0.0032419853,0.0021111679,0.00031767838,0.016575694,0.0010971595,0.001902428,0.0016641753,0.013367298,0.005267352,0.008718692,0.0014015097,0.0022696403,0.0004808554,0.04045165,0.00021905823,0.0020143786,0.022105362,0.002116823,0.0038731494,0.0009871875,0.0011257976,0.0059947046,0.030419944
772838,Plaguicidas,0.0011900414,0.154545,0.1508241,0.1375563,0.11596849,0.018962378,0.00030319765,0.0067532044,0.05148424,0.027028902,0.07098076,0.02947883,0.12564428,0.00040585225,0.0008718972,0.0006181809,0.0418119,0.1828724,0.0007057919,0.0037093936,0.0012188666,0.0008708817,0.014268125,0.0062494506,0.018655699,0.0072990246,0.0013294842,0.005462063,0.0017247167,0.02324551,0.00048297035,0.007865383,0.0041894354,0.0034904792,0.021905385,0.100056805,0.029930176,0.0077727986,0.09096439,0.018010944,0.002699272,0.0017242224,0.21799473,0.0070879096,0.07377048,0.00030575236,0.0021130343,0.0005039623,0.0022882638,0.0061430275,0.004696916,0.0026274307,0.013211913,0.021933384
719171,Biochemistry & Molecular Biology,2.4568675e-05,0.0005786236,0.041434716,0.9962061,0.010946735,0.058087107,3.4942897e-07,4.2311967e-05,0.005390966,0.0025816201,0.005243228,0.07757825,0.0059262556,6.1257156e-06,9.171044e-06,5.2223635e-07,0.00010423549,0.0004076032,6.3349316e-06,0.00023381303,6.3426853e-07,1.1654594e-05,8.399621e-07,0.00019960232,2.4910081e-05,4.369221e-06,9.736949e-07,0.00089641433,1.6996391e-05,1.2758738e-05,0.0003172698,0.00022437442,4.6863774e-05,2.7243389e-06,0.00027268703,0.00036753458,0.00014537602,1.4918039e-05,0.0003610834,0.00019817267,0.0001942013,2.5935951e-06,0.0018204221,3.8821705e-05,0.00041343525,1.0729192e-05,2.5923686e-05,7.824265e-08,1.3963625e-05,0.00017211307,2.256781e-06,2.6457039e-05,6.168851e-06,7.79035e-06
763506,"Chemistry, Multidisciplinary",0.00011498149,0.13236006,0.0055904817,0.009047762,0.0038407757,0.00017260382,1.3693403e-05,0.0018422025,0.0010847466,0.00076417,0.030485807,0.62525153,0.0056145927,0.00029832654,0.0036997683,0.0124215735,0.06540349,0.05751561,0.00046758718,4.092775e-06,3.7990954e-05,1.1125842e-05,0.00091422425,0.0015767112,0.0045564687,0.00092626305,3.7424637e-05,2.424596e-05,0.006697024,0.0052769603,0.001911935,0.006115896,0.0004388815,0.006337285,0.00021599534,0.097685486,0.00046729975,0.0036691485,0.16598557,0.0037574891,0.00088179763,0.0039806683,0.26939252,0.0054197107,0.0034394288,9.156515e-05,0.0025558518,6.130191e-05,4.327494e-05,0.00015696307,0.0003294067,0.0005574923,6.617142e-05,0.0013053545
766100,"Biochemistry & Molecular Biology;Chemistry, Multidisciplinary",0.0011893383,0.005345228,0.019348575,0.8437274,0.008390139,0.013459717,5.5969827e-05,0.0012482433,0.002604979,0.002120426,0.01729053,0.66902447,0.0044994536,0.0006410727,0.0018989362,0.00045221456,0.011877311,0.0038207285,0.0010023119,0.00047485318,2.0201678e-05,0.00075408584,5.7790032e-05,0.0022423067,0.00023964436,5.758281e-05,3.094753e-05,0.00018758643,0.008970058,0.00067178893,0.060756743,0.0070581483,0.0002311172,0.0004899141,0.00087092863,0.0019001033,0.00018569101,0.000997801,0.0076379473,0.001530029,0.003957653,0.00046724657,0.014147046,0.0008316299,0.0015574775,0.0004532116,0.0026192144,8.623461e-05,8.229093e-05,0.0006291128,8.6010325e-05,0.0010943542,2.275549e-05,0.00033426334
692921,"Chemistry, Multidisciplinary",0.0016819645,0.18973492,0.08622342,0.022100812,0.12695208,0.0048476495,0.00022029632,0.007075051,0.015200402,0.040562104,0.0307491,0.32379222,0.04055423,0.0020503728,0.004828546,0.005967328,0.20421034,0.1453963,0.0035507167,0.0005832979,0.0012480845,0.00060900365,0.008401672,0.011208425,0.018260278,0.0050303135,0.0009729031,0.001025277,0.01555402,0.07639788,0.004480825,0.030545294,0.0049505574,0.024394395,0.0018632405,0.060534094,0.007691082,0.020983258,0.25910118,0.014548495,0.0029013422,0.008160802,0.18365437,0.012344016,0.05569414,0.0004960596,0.01281431,0.0022573487,0.00061114656,0.0009948327,0.0016767937,0.001909139,0.00082863716,0.030027637
692902,Parasitología,0.00067080016,0.1393446,0.006503631,0.000771602,0.0039403522,0.00027424356,6.692081e-05,0.009819749,0.0006577023,0.0018155326,0.011490805,0.057713177,0.0018882648,0.00052385806,0.0026396252,0.07159451,0.16875318,0.1332928,0.0020892662,1.1868329e-05,0.00030319215,0.000115054,0.041520618,0.0021332297,0.048024755,0.0019893595,0.0003547129,0.0003489807,0.0028759174,0.028735112,0.0018177875,0.017160954,0.0005581997,0.013646504,0.0033821235,0.1861239,0.0025166296,0.013621456,0.16843405,0.011663413,0.0018743104,0.056917258,0.13700287,0.0061563198,0.020875571,0.00047925385,0.014769509,0.00090444763,0.00063833734,0.0016501944,0.00731184,0.002472182,0.00158101,0.006173256
692914,"Chemistry, Multidisciplinary",0.0002066442,0.09510381,0.038120702,0.011736219,0.048308294,0.0006900733,1.5088947e-05,0.0014531065,0.0014834246,0.013507732,0.013113837,0.49064547,0.020696182,0.0005046413,0.0015091032,0.001611233,0.15424408,0.04640249,0.0006239364,5.5820212e-05,0.00013184368,2.1122734e-05,0.00049705256,0.0027914934,0.0031995787,0.0010589336,7.116882e-05,7.0938644e-05,0.0047313683,0.023104819,0.0018101844,0.007096797,0.0008362344,0.005554551,9.151992e-05,0.029272184,0.0011266249,0.0049360553,0.18529177,0.0037003274,0.0005217183,0.0015653282,0.11219578,0.0027934138,0.026465658,4.431656e-05,0.0022564875,0.00019083901,2.5621332e-05,5.073385e-05,6.0133265e-05,0.00023962402,4.4186454e-05,0.008153561
692931,Biochemistry & Molecular Biology,0.0032010055,0.008726982,0.13576664,0.16813903,0.13140284,0.02196255,0.00044124364,0.00529462,0.02620631,0.027632052,0.01803881,0.027539788,0.062173788,0.00054021366,0.0006551433,9.243383e-05,0.013653168,0.019630905,0.0013386856,0.028791731,0.00090054533,0.0070934216,0.0016686876,0.0118970275,0.0013599453,0.000645581,0.0012228971,0.023700366,0.0006747919,0.015048248,0.0019173989,0.0024631443,0.008624084,0.0014307658,0.0061624525,0.0047571277,0.00848706,0.004490266,0.019990657,0.009671052,0.002095131,0.0011691845,0.011625283,0.0018428401,0.025954317,0.00028384032,0.0015744354,0.004550401,0.0007426541,0.0024317168,0.00061165245,0.00067731075,0.0018096432,0.015876547
692915,Parasitology,0.00018676529,4.8811773e-05,0.0013914547,0.0025320495,0.00017089656,1.4494324e-05,3.1952724e-05,0.0014298239,6.776514e-05,1.825186e-05,0.0013018636,1.1946134e-06,0.004413089,7.3238825e-06,1.5040175e-05,2.819289e-06,4.6436035e-05,0.0016206175,4.255135e-05,0.0057537295,1.3983689e-06,0.000530264,0.0010790715,4.905943e-05,2.7815453e-05,2.2975728e-06,1.562585e-05,0.00016887597,0.00011279093,0.00014303546,6.613042e-05,8.317451e-06,4.1236076e-06,1.5118965e-05,0.8765449,1.5807414e-05,4.783276e-05,1.3320354e-05,0.0007105158,0.0002514271,5.6212724e-05,3.5156093e-06,0.00021375074,1.193861e-05,8.780073e-05,2.987977e-06,2.0011505e-05,0.0441466,3.098822e-06,9.243053e-06,0.0043256734,0.0036920495,0.0006208769,0.00047068758
693001,Biology,0.0007233371,0.11134496,0.07417982,0.0053745154,0.19005229,0.0043676496,0.0001484838,0.005745007,0.04834382,0.022732798,0.008467245,0.020498013,0.022674585,0.00018624068,0.00073398126,0.0010384283,0.037498042,0.13108057,0.0016420627,0.0003732802,0.0010795626,0.0010120485,0.01723318,0.0045429687,0.024758365,0.0034628077,0.0017049399,0.002730884,0.0019973058,0.08959481,0.00017270917,0.0047971723,0.013563916,0.023418354,0.0039973687,0.035388872,0.01623836,0.009882598,0.1251199,0.010485663,0.0005362316,0.002546219,0.04784945,0.0031405601,0.03661977,9.506254e-05,0.003284278,0.0032078167,0.0010755509,0.0014350894,0.0034101992,0.00080444105,0.0027007074,0.024456551
692991,Parasitología animal,0.0010105906,0.026391152,0.104607716,0.023195712,0.062244702,0.00821332,0.00019464844,0.0032491428,0.007980146,0.039429978,0.005015491,0.0022307076,0.023028146,0.00050925504,0.0001026396,0.00024768425,0.03962365,0.0469904,0.0005540174,0.0052688443,0.001712731,0.0013178351,0.0088213505,0.003826361,0.04022549,0.010120739,0.0013981662,0.0052700657,0.00039656725,0.04022266,0.00046060214,0.0010517295,0.0023951863,0.00176483,0.0064500454,0.15451413,0.2170688,0.0056224307,0.043292787,0.004297371,0.0023090094,0.0011945383,0.036427733,0.0038881262,0.1291859,0.0001691317,0.00044750966,0.0002324808,0.0016475978,0.0036751148,0.0010954728,0.00085128605,0.0133615825,0.0304087
692963,Enfermedades infecciosas,0.0002908466,0.012610957,0.011181311,0.0001363571,0.040181927,6.168964e-05,4.1583876e-06,0.0011966755,8.2709375e-05,0.0048710196,0.0025618384,0.014296993,0.0005736114,0.0001692748,0.00013717571,0.0027349086,0.59697366,0.053329047,0.001516026,1.6736163e-05,3.8004182e-05,7.351243e-05,0.011500385,0.0015847317,0.0016445073,7.679431e-05,4.7707712e-05,0.00024917122,0.0011042871,0.039915696,0.001693179,0.007832121,0.00015553799,0.0032424817,9.7966e-05,0.0022597257,0.00018451063,0.0031244892,0.08972478,0.0010605393,0.0013626978,0.006091574,0.009783212,0.0004801956,0.016072819,2.5721853e-05,0.003336074,0.0026697034,2.0511194e-05,2.3118304e-05,7.313255e-05,0.0001345299,3.9483086e-05,0.0088511435
623975,"Biochemistry & Molecular Biology;Chemistry, Multidisciplinary",4.2213425e-05,0.041938428,0.04768276,0.7914934,0.012630133,0.006012065,8.061498e-07,0.00023808295,0.00408649,0.0011879281,0.012002906,0.7554736,0.015023439,2.5258372e-05,0.0002731971,4.4886667e-05,0.0027638013,0.006880222,8.280747e-05,4.6901314e-06,2.7508383e-06,5.7575776e-06,5.0763447e-06,0.00045226433,0.00016051659,2.0418938e-05,2.982875e-06,1.8067078e-05,0.00074127637,0.00034992685,0.0004621551,0.0051361453,6.313665e-05,0.00022609609,0.00013006544,0.0045176344,0.000110687135,0.00021795361,0.023552595,0.0018631774,9.358397e-05,3.5563102e-05,0.08044423,0.00021494918,0.0012792029,1.3095548e-05,0.00059199834,8.0404834e-07,1.2383699e-05,9.891974e-05,1.0297634e-05,0.000117893236,2.7482004e-06,8.755216e-05
691733,"Chemistry, Multidisciplinary",0.000658002,0.103039145,0.03860107,0.038281515,0.12772799,0.0020905202,0.00021312699,0.0014312174,0.006570483,0.047689278,0.02255573,0.4418889,0.06448406,0.0024924586,0.003358263,0.0037202255,0.15626583,0.048285697,0.0015795346,0.0008557721,0.0004398018,6.6204186e-05,0.0007882385,0.0072013424,0.0069185128,0.016031764,0.00054926786,0.00032264568,0.029960426,0.03351283,0.0054662563,0.0060162493,0.005660054,0.014397077,0.0003165887,0.06582294,0.0044947467,0.006671838,0.19843131,0.0030943395,0.0036088286,0.002847645,0.11297386,0.01789436,0.047284424,0.00021807772,0.002423451,0.00035799292,9.587487e-05,0.00028000638,0.00018717587,0.0006637148,0.00036737326,0.024362674
689464,Biology,0.002376824,0.103919916,0.18192463,0.10718013,0.19298238,0.019215362,0.00039635578,0.0069436966,0.03606938,0.06943628,0.038092647,0.033200897,0.13278398,0.0010356924,0.0010005635,0.00049288257,0.08439315,0.13402377,0.0010576515,0.011927986,0.001712506,0.0019418733,0.010175286,0.009978134,0.015940763,0.007359689,0.0017473033,0.008652006,0.0025683509,0.04814473,0.0012632809,0.009974945,0.0057401527,0.00465783,0.014471683,0.06552521,0.031993877,0.012969355,0.09568912,0.013403299,0.002916449,0.0026385193,0.11740293,0.005939236,0.11141972,0.00046851562,0.0031952744,0.0014588196,0.0018225828,0.003907445,0.0024416463,0.002186787,0.0077299005,0.04696601
689458,Rheumatology,0.0012203464,0.00012398194,0.00246313,0.00061208714,0.0063463836,3.4670666e-05,0.00091512053,0.0014511587,0.00047218398,9.9166056e-05,0.00272931,4.997139e-07,0.003143541,1.4697268e-05,1.34397615e-05,3.0642152e-06,0.0005868006,0.0052748253,0.0004059323,0.29862255,8.208244e-05,0.034036472,0.03035872,0.0006338756,9.944731e-05,9.755169e-06,0.0013987075,0.00891986,6.64958e-05,0.0019803764,5.187736e-05,1.6362703e-05,9.974476e-05,8.4219886e-05,0.23550913,2.6538532e-05,0.00022565226,0.00022912322,0.0007923688,0.00052793865,0.00029149454,4.0247964e-05,0.00061228295,5.5361073e-05,0.002102123,7.4488994e-06,6.7070745e-05,0.35225165,5.8795336e-05,0.00018022055,0.0009547549,0.00045867218,0.0018086848,0.023155445
689209,"Chemistry, Multidisciplinary",9.831132e-05,0.03761175,0.0072642253,0.00095737877,0.049943686,9.137909e-05,9.185277e-06,0.0010508647,0.0015877427,0.008516667,0.005535369,0.33893132,0.0059037665,0.00016389017,0.0014133105,0.0029098024,0.05763137,0.04241015,0.0011846207,7.4092027e-06,3.5833094e-05,9.127174e-06,0.00067847985,0.0015023063,0.0017379167,0.000768409,4.740793e-05,4.5591634e-05,0.012222833,0.035888247,0.00056257745,0.0034209653,0.0034990464,0.02657445,5.348949e-05,0.0042572315,0.0001293772,0.0021565894,0.18422252,0.0021374067,0.00022711286,0.0018558193,0.019841298,0.001842348,0.0035138568,1.693331e-05,0.001386819,0.0020009915,1.4805264e-05,1.3141901e-05,0.00010826914,0.00014468649,1.3203896e-05,0.007871383
656830,Biology,2.8992004e-05,0.003070237,0.016009402,0.0029378391,0.19429933,0.00050865154,2.1298307e-05,0.00026373848,0.017496731,0.0052318564,0.0013743677,0.02346951,0.039004788,1.1569923e-05,0.00011717471,1.4213373e-05,0.0018099955,0.004055139,0.00015750146,0.00021905593,1.8635868e-05,2.1433967e-05,0.0001279523,0.0007226966,0.00013956073,0.0001553764,8.234053e-05,0.00018081024,0.0009990161,0.0031753439,1.5411262e-05,0.00011414512,0.00905351,0.0043360465,0.00019320266,0.00027760662,0.00016409172,0.00017105274,0.010739347,0.0008194684,1.7656728e-05,7.229927e-05,0.0013846159,0.00024214001,0.0018680744,1.2955948e-06,6.1786566e-05,0.0025881801,3.1661993e-06,6.861478e-06,5.989467e-05,2.8881375e-05,2.8465229e-05,0.005149173
658068,Biochemistry & Molecular Biology,0.009580895,0.018242005,0.0687225,0.40229547,0.21449298,0.013950809,0.007297722,0.017147552,0.010975446,0.039110914,0.14527534,0.08950285,0.19280012,0.004903963,0.009093639,0.00130282,0.03539503,0.022631723,0.0049377535,0.15261364,0.002091592,0.0026916876,0.003354617,0.02864719,0.0014226144,0.004884126,0.004150579,0.085084595,0.005226479,0.012872632,0.02496783,0.004830265,0.02191557,0.002421742,0.00909687,0.009010421,0.0025633583,0.0056831315,0.032735582,0.014779276,0.028995208,0.004797742,0.025046125,0.008876677,0.048757095,0.0018166535,0.0040014787,0.01083269,0.0012647393,0.002544252,0.000979922,0.0047695874,0.0050913193,0.035967987
641936,"Chemistry, Multidisciplinary",0.001586064,0.11161576,0.088298686,0.015319699,0.06310173,0.0028822843,0.00011276425,0.0104743,0.0095250895,0.016256629,0.018520232,0.26063472,0.033379182,0.0010139574,0.0050170873,0.0028579405,0.12748297,0.12075634,0.0013934552,0.0003583863,0.00065291923,0.00058821036,0.004147102,0.004612671,0.009528798,0.00092035613,0.00035322338,0.00036774558,0.004939185,0.06597548,0.0024648989,0.017980045,0.002442807,0.015027052,0.0023684879,0.019665109,0.003681766,0.012257159,0.17043689,0.02295578,0.0005191495,0.0053881365,0.08574072,0.0021413004,0.03368561,0.00018373903,0.006933009,0.0058653723,0.00024363093,0.00041332038,0.0011754188,0.002191102,0.0002834655,0.020936666
642089,Rheumatology,0.001410413,0.0046902713,0.010651728,0.0007603503,0.07326292,0.00023168819,0.0002715872,0.008574156,0.00034394683,0.0050375336,0.006094205,0.0036190536,0.009070038,0.0001657468,0.00057999993,0.0010401239,0.08050552,0.06715786,0.003508326,0.0015683493,0.0001406368,0.0009654633,0.010153429,0.002697183,0.0008747535,0.00013450836,0.000489168,0.0021798352,0.0017790375,0.050145097,0.0014994852,0.0014614225,0.0009670104,0.003451002,0.006768401,0.0008319537,0.00030396722,0.0031642367,0.086968586,0.003938326,0.0012227929,0.0031725348,0.0042576664,0.00030125963,0.012059555,6.334858e-05,0.0012562883,0.23984437,6.7116176e-05,8.146137e-05,0.0009149654,0.0010284912,0.00038905512,0.0411581
670792,Patología,0.00042721827,0.092401914,0.0066988575,0.00017974654,0.017122336,0.00021414363,6.5094246e-05,0.0076818187,0.002125402,0.002776768,0.012738577,0.018330658,0.0014155635,0.00013706967,0.0011015906,0.03405465,0.10097028,0.11757357,0.0034471028,1.5097613e-05,0.0004100028,0.000159956,0.1310866,0.0014800733,0.030455757,0.0029103502,0.00048394108,0.0009576402,0.002908924,0.04425162,0.00029513042,0.009188982,0.002722616,0.045100547,0.0028586104,0.04903751,0.0019130791,0.019391239,0.15179923,0.010957431,0.0017281732,0.032795355,0.030722966,0.0043214657,0.01802295,0.00011467524,0.006400351,0.0051606246,0.0008108797,0.0008988925,0.013107138,0.0009915716,0.0019729722,0.017402494
666244,"Chemistry, Medicinal",0.0020602783,0.089315906,0.08792442,0.2617259,0.07829935,0.006676917,0.00070933404,0.0064950995,0.023176422,0.007488912,0.3408371,0.3291131,0.22238985,0.002462119,0.01441372,0.0023220154,0.043083943,0.039828427,0.0015665456,0.0030124353,0.0015591935,0.0002947162,0.0031726842,0.007906202,0.0030923574,0.005101184,0.0005418037,0.0018304094,0.010853407,0.0062394817,0.006281553,0.010309541,0.0066571585,0.007385865,0.004027381,0.026866337,0.0021669618,0.00495255,0.07529003,0.017062925,0.005504604,0.002356441,0.14828534,0.014445314,0.018759161,0.0005510981,0.0033565715,0.000882809,0.00037908164,0.0010213227,0.0010511024,0.0032979895,0.0014408168,0.009692902
665676,Microbiology,0.006120803,0.0013718002,0.007197995,0.0049556596,0.040602934,0.00074323214,0.00016303992,0.008168659,5.000867e-05,0.0035030204,0.0070588,0.0008176612,0.0006313473,0.00035013654,0.00022694122,0.0007345558,0.09224408,0.019850258,0.0058937,0.0022436725,0.00025884117,0.009131015,0.009753618,0.005878477,0.000321326,1.7066965e-05,0.0007686039,0.1488169,9.8735894e-05,0.00936525,0.019323673,0.002965009,0.00050593115,0.00016715952,0.00087503396,0.00066097715,0.00029361152,0.0021963068,0.02184931,0.0021524131,0.026270851,0.007779233,0.0024050155,0.00013741961,0.03607602,0.00044490272,0.0025818732,0.02841857,0.00035059583,0.00037597102,6.0434555e-05,0.0010673623,0.0005850094,0.010989208
667989,Biochemistry & Molecular Biology,0.0007107487,0.0074907774,0.042674046,0.32442537,0.012229347,0.002187912,0.00014436583,0.004421912,0.00451814,0.00033968035,0.2645194,0.05473111,0.15646574,0.00013221269,0.0023138146,0.00012558515,0.0028690381,0.0075798053,0.00019401456,0.0015221216,0.00012192925,8.5102205e-05,0.00067261694,0.0008367761,0.0001634613,0.0002803288,4.3249278e-05,0.0007036797,0.0006758526,0.0004812617,0.00089482154,0.0005912886,0.00077864045,0.0004069069,0.011578023,0.0021921967,0.0002530613,0.00052772154,0.011454372,0.008374895,0.001186289,0.00016333385,0.01605118,0.0010395858,0.00270793,4.3049382e-05,0.000192705,0.0006052064,4.4604745e-05,0.00017442838,0.00043803116,0.002219902,0.00096162653,0.0017722177
667944,Biochemistry & Molecular Biology,0.00036701444,0.0032345636,0.035537936,0.6590345,0.009136789,0.0018236969,7.85803e-05,0.0015163373,0.0077050077,0.00025658213,0.22857879,0.02047666,0.26233092,5.4906493e-05,0.00086076773,1.4433247e-05,0.00039543645,0.002696834,5.9257804e-05,0.0039784457,3.8289716e-05,5.760236e-05,0.00014443052,0.00037848923,4.8858623e-05,0.00016491237,1.8600731e-05,0.00040269017,0.00054297986,0.00012962638,0.0003630379,0.00020183479,0.00036794596,0.00013614689,0.021642365,0.00057519967,0.00011879001,0.0001227346,0.0033043781,0.0031381813,0.00038676092,2.2406168e-05,0.0077453535,0.00049134094,0.000760484,1.8169714e-05,5.5345186e-05,0.00022489103,2.287878e-05,9.8170705e-05,0.0002754655,0.0010390502,0.0003940471,0.0007842608
755423,Rheumatology,0.0014801981,0.0027835486,0.019003298,0.03022215,0.0426874,0.00090039644,0.00048207483,0.005287992,0.004186788,0.00359753,0.012448792,0.0063819974,0.04403809,0.00016027235,0.00064470695,8.032182e-05,0.005738389,0.019559475,0.0007333806,0.03155543,8.922069e-05,0.002016809,0.0016173712,0.0023150656,0.00025894013,0.00019855492,0.00048678202,0.0019188338,0.0017882796,0.008577732,0.0010848633,0.000558576,0.0013735258,0.00089950004,0.021988917,0.00052209594,0.0003665501,0.0011023888,0.013687694,0.003346254,0.0004726505,0.0004227276,0.0050930995,0.00038307314,0.004979871,4.7149406e-05,0.0005054578,0.06783334,6.148585e-05,0.00017190576,0.0009937712,0.0009825455,0.0005233642,0.025367064
647808,Plaguicidas,7.042195e-05,0.15707402,0.031751335,0.01178581,0.007993854,0.00040306197,4.760956e-06,0.0017701243,0.0010426799,0.0020369445,0.013861275,0.20857629,0.014648148,0.00014734126,0.00067459897,0.00068816775,0.030379592,0.038795173,0.00014247259,1.077066e-05,0.00016743214,5.285579e-06,0.00034056325,0.00051499764,0.008524994,0.0020647557,2.3089968e-05,2.4541301e-05,0.000626139,0.008415094,0.00021730167,0.0025180243,0.00032528542,0.0018675083,9.131245e-05,0.1591466,0.0034986488,0.0023554873,0.14859657,0.0047033494,0.0001126773,0.00062493054,0.28602055,0.0013790532,0.018791495,1.5260215e-05,0.00065217423,1.6664017e-05,2.0847447e-05,7.0740585e-05,5.9950784e-05,0.00015631664,7.681036e-05,0.0035590066
647810,Patología,0.0002186513,0.13680501,0.0134181,0.0010096831,0.011542385,0.0002103308,9.195575e-06,0.0043043857,0.000859816,0.0028537407,0.009271165,0.20410556,0.003139963,0.00021875351,0.0016934184,0.009941539,0.15702966,0.15025055,0.0010072258,4.673647e-06,0.00010191155,3.7285674e-05,0.005474212,0.0011799413,0.011856841,0.00057398353,5.6359957e-05,5.8889156e-05,0.0024286532,0.038232047,0.0007348337,0.014578098,0.00047252144,0.011584907,0.00043926784,0.048530634,0.0007880094,0.0068153534,0.2482714,0.008471181,0.00034175263,0.0087985275,0.1301957,0.0017106555,0.011206887,5.9386104e-05,0.0060940874,0.00084684236,8.4854e-05,0.00014488323,0.00074531767,0.0005996107,0.00010722658,0.006243412
661143,Biochemistry & Molecular Biology,0.00011523197,0.00014160457,0.00427334,0.37171292,0.008380204,8.618356e-05,0.00010465449,0.00020566922,2.9125298e-05,0.0010720029,0.017531423,0.0028575573,0.025799975,0.00024845905,8.32426e-05,1.6319749e-06,0.001442675,0.0001147934,3.338883e-05,0.15641455,1.0137869e-05,2.780564e-05,4.597092e-06,0.00034437416,3.9065453e-06,3.956061e-05,1.2351017e-05,0.00046254537,0.000224542,0.00014643505,0.008298757,2.1530912e-05,6.0620005e-05,5.540316e-06,8.545962e-05,0.00015968033,1.8630024e-05,2.6542657e-05,0.0005855494,6.297676e-05,0.0008112786,8.509075e-06,0.000790683,8.750634e-05,0.0012340896,8.616711e-06,2.3529788e-05,0.000100180674,7.6506416e-07,5.733977e-06,7.370129e-07,2.2260807e-05,5.528878e-06,0.0012257566
637575,"Biochemistry & Molecular Biology;Chemistry, Multidisciplinary",0.0027879397,0.017981492,0.03275582,0.65193206,0.019957487,0.013644219,0.0002715548,0.0067991666,0.0026522358,0.006326721,0.034563184,0.7453034,0.013739812,0.0026114914,0.008326398,0.0041337754,0.0519245,0.014553895,0.0039902707,0.0006073653,9.696245e-05,0.0005742503,0.0002899772,0.004580986,0.0014992794,0.00046261595,0.00011832458,0.00069851155,0.018127803,0.0039301617,0.084379375,0.018301828,0.0009343673,0.0025349427,0.0017984477,0.011072307,0.00076393055,0.0027472943,0.037785906,0.0074828505,0.009078892,0.003228873,0.043113653,0.0018765882,0.0071094497,0.0011747052,0.0090225255,0.0003823699,0.00030193359,0.0013994664,0.00036589825,0.0057231495,0.00012889142,0.0019243336
582812,Parasitology,0.0015207076,0.012574915,0.047275875,0.013864482,0.009999061,0.0012210918,0.00014930157,0.026586516,0.009251503,0.00076372095,0.026796967,0.0077276845,0.040824234,9.908411e-05,0.0015464284,0.00022390022,0.0026046615,0.019242294,0.0010355687,0.0005030895,0.00023281334,0.00086319156,0.01447154,0.00057786034,0.0012598167,0.000107652886,0.00010674841,0.0003544281,0.002199985,0.0038414872,0.00015052507,0.0037792805,0.0003138067,0.007027586,0.23068826,0.0007713792,0.0006203242,0.0006074237,0.025249435,0.03017942,7.0109105e-05,0.00029402442,0.009896448,0.00055735384,0.0021115716,3.663835e-05,0.0015359306,0.03813749,0.0001182295,0.00021544963,0.027246943,0.009566843,0.0007944238,0.0075934697
704670,Parasitología,0.00027619713,0.06931564,0.045974974,0.0042986553,0.07045851,0.0016302615,0.00020535062,0.0019929865,0.01672776,0.010621483,0.020354923,0.0025891615,0.073620476,0.00010132135,9.380823e-05,0.00026137067,0.011244334,0.027755897,0.0006624844,0.0011837679,0.0041254982,9.7546064e-05,0.025411643,0.0018818913,0.026514862,0.08624982,0.0010968392,0.0035899763,0.0006033263,0.010907656,2.5463025e-05,0.00073880376,0.00470357,0.0071583744,0.0075903796,0.17354964,0.08421234,0.0026413403,0.056890734,0.0030975833,0.00096712925,0.0005231876,0.04876688,0.020775016,0.057587028,4.5536275e-05,0.00024073375,0.000112907794,0.0008218579,0.0025208788,0.0051253634,0.00034652583,0.039771058,0.03197565
583007,Patología,9.767013e-05,0.0582948,0.025521854,0.0004908625,0.027353017,8.3151754e-05,1.0168273e-05,0.0020663596,0.0027097731,0.0014394015,0.017728822,0.05533501,0.030598601,6.9396185e-05,0.00066398206,0.00046668277,0.02113189,0.021866549,0.00034649594,1.3073623e-05,0.0003757424,7.590535e-06,0.0028848357,0.0007369899,0.004111462,0.0019219999,4.0488918e-05,4.084781e-05,0.0012850174,0.010675311,3.173608e-05,0.0015974453,0.0012461946,0.01806038,0.00035627506,0.01351058,0.00095816224,0.0013587013,0.10064481,0.003792888,6.0749866e-05,0.0003708898,0.045439333,0.004657967,0.0065569673,5.779186e-06,0.00040733346,0.0007104348,1.3173533e-05,2.8103628e-05,0.00045310275,0.00014302536,0.0001434612,0.011117383
938598,Parasitología animal,0.001021509,0.054260466,0.17490347,0.036474682,0.13827057,0.011648268,0.00031034087,0.003261761,0.016122263,0.036814153,0.026792135,0.004545274,0.09872094,0.00063483603,0.00016338805,0.00020685846,0.0382792,0.032273572,0.0008800811,0.00559294,0.0066216653,0.0006148035,0.013919215,0.0063075437,0.029136375,0.033316113,0.0016568925,0.012881245,0.0005263709,0.017351003,0.0003026397,0.0017124213,0.0050563226,0.0027808247,0.0063414513,0.18432505,0.207899,0.0042854073,0.051210124,0.0046810955,0.005321584,0.0007939885,0.0706989,0.018451128,0.16068451,0.00020027091,0.00053215574,0.00010841532,0.0015177904,0.0043515097,0.0013240292,0.0007981958,0.037359525,0.029435813
746532,Enfermedades infecciosas,0.002956843,0.052720517,0.061585426,0.026899176,0.07143053,0.0026862272,0.0007190618,0.013221228,0.0055029914,0.015248306,0.06331416,0.11255423,0.10857944,0.0017896829,0.0051557096,0.0027668406,0.12975623,0.07370218,0.0023324657,0.0032460375,0.00086792884,0.0006427817,0.00813029,0.006514196,0.00493113,0.0023153352,0.0006792064,0.0011381913,0.013564886,0.03207752,0.004875716,0.008931494,0.0024361557,0.012139386,0.010989165,0.014448559,0.002660928,0.008127496,0.123943575,0.014601695,0.0031858843,0.003696769,0.068323344,0.0052928147,0.039299816,0.00035121324,0.003628816,0.011296455,0.00028184536,0.0005548158,0.003120087,0.0045781713,0.001306408,0.041863117
631050,Biochemistry & Molecular Biology,0.0015251081,0.005523099,0.06684231,0.6608893,0.0030669023,0.040388074,7.2294292e-06,0.0054374547,0.0074535003,0.0016521557,0.0028485712,0.39761397,0.0025881606,0.00044549644,0.0019365924,0.00032488717,0.0036805419,0.008394778,0.001226532,4.016319e-05,3.0638552e-05,0.0022634098,0.00013339304,0.00043657524,0.0007751443,9.423628e-06,1.1504337e-05,8.951812e-05,0.0037082287,0.0012407618,0.013535293,0.025659585,0.00017907051,0.0011864799,0.016713493,0.0010319278,0.0004835798,0.001111754,0.0090302965,0.009616852,0.0002321964,0.00042284286,0.004628448,0.00010398432,0.00080993294,0.00025829807,0.0062176143,0.00038836905,0.00011255928,0.00024765683,0.0010102739,0.0056408476,3.5823323e-05,0.0002651527
631132,"Chemistry, Multidisciplinary",0.00012130511,0.06330312,0.0010944386,0.00015820526,0.00052936916,1.3312811e-05,2.9037935e-06,0.002454089,5.676304e-05,0.00027960545,0.0012062019,0.19455086,0.00024313711,0.00023015073,0.00259273,0.08027452,0.16257259,0.057070013,0.0003989561,1.8102915e-07,1.8753643e-05,7.217505e-06,0.0014686786,0.0005201207,0.014532862,8.7580134e-05,1.9096075e-05,1.1692837e-05,0.0006934309,0.015159029,0.001274023,0.00785671,8.1705344e-05,0.005429422,0.00011825149,0.077671245,0.00019282135,0.0039087855,0.13413417,0.0031827497,0.00010863844,0.040853836,0.10242473,0.000531382,0.003605696,6.810156e-05,0.0075028655,0.0001776391,3.182467e-05,8.805663e-05,0.00020229565,0.0005708642,2.0492404e-05,0.0005936561
636532,Parasitología,0.0007122614,0.14479642,0.04585458,0.060933724,0.03557828,0.004297263,0.00010321868,0.004020372,0.0055148257,0.014130045,0.023207597,0.24388283,0.023815876,0.0010325669,0.0022402217,0.0047985245,0.13000806,0.13554467,0.0007248735,0.00032133027,0.000442652,0.00016799553,0.0019519122,0.0038763061,0.02341284,0.009505253,0.00039489078,0.0005556933,0.0031033873,0.02761924,0.0028462482,0.00558118,0.0026611178,0.0037907192,0.00088664173,0.2585953,0.015248572,0.01283301,0.17716123,0.008898346,0.0031780303,0.005520718,0.25790733,0.0058212653,0.058321692,0.0003233234,0.0025396976,0.00015935302,0.0004952951,0.001406743,0.0004975176,0.0014999913,0.0017838887,0.011170124
636756,Infectious Diseases,0.0023140206,0.15077347,0.010685115,0.00027979797,0.0059533063,0.00032724408,0.00032747412,0.031227246,0.0027231185,0.0011102426,0.01753695,0.0058095427,0.0020508266,0.00061091804,0.004525881,0.05913351,0.06407969,0.0968228,0.005502636,4.429691e-05,0.0018217709,0.0013063599,0.25401425,0.0022948845,0.052752607,0.0009182719,0.0014414433,0.0016994647,0.0024733208,0.041885242,0.0007894513,0.03721034,0.0013850306,0.0473573,0.020110492,0.043035664,0.0022331572,0.015451071,0.10413007,0.03783054,0.0006391306,0.061180826,0.067023255,0.004331405,0.017558342,0.0006008126,0.026127696,0.009938141,0.002686544,0.0032821728,0.04506715,0.005071174,0.0025161458,0.015163706
747234,"Chemistry, Multidisciplinary",0.0015617172,0.005662244,0.0310692,0.0169438,0.024427567,0.0007032774,9.068869e-05,0.008711837,0.0009902616,0.0040579345,0.0038879102,0.076341175,0.014979515,0.00034577344,0.0018571492,0.00022397644,0.018300934,0.02107272,0.000904423,0.001728449,7.964309e-05,0.00096352724,0.00034770792,0.0017102867,0.0003634865,2.8834067e-05,0.00012915087,0.00028509495,0.0013157631,0.025305215,0.0038744577,0.0025103567,0.0004991866,0.0010597495,0.0019881849,0.0006349949,0.00024758343,0.0016458874,0.03391128,0.007881985,0.00012226083,0.0010485837,0.005353969,0.00012053052,0.006441373,3.7431706e-05,0.0017244277,0.056163114,2.0630585e-05,4.3608597e-05,0.00015655023,0.00080053083,2.6188665e-05,0.017633373
746351,"Chemistry, Multidisciplinary",0.005140841,0.018008482,0.011778572,0.14633815,0.024257598,0.0033903064,0.0016171571,0.0090818005,0.0028467772,0.0067096855,0.04315709,0.6794888,0.0069317706,0.01249454,0.029156655,0.0953333,0.12993796,0.024918897,0.017981932,0.0010891426,0.00054398476,0.00090130925,0.0013175489,0.011066726,0.004188402,0.0032558904,0.0013491341,0.0017979984,0.032184735,0.015200652,0.23387416,0.01097484,0.008941833,0.010907059,0.00048071108,0.018324928,0.0008631557,0.009777706,0.074935384,0.008540832,0.05170877,0.027274298,0.038105313,0.008585871,0.015329924,0.004905594,0.011758334,0.0025803815,0.0006154376,0.0014439148,0.00037631884,0.0063538537,0.00062196195,0.005926623
755143,"Chemistry, Multidisciplinary",0.0038607623,0.020212108,0.08477255,0.18383692,0.031536255,0.006308952,0.00030327108,0.01175515,0.0038364648,0.007987462,0.034943476,0.28769973,0.050426327,0.0020043335,0.006188258,0.00085896475,0.04867751,0.02332647,0.0018130479,0.003655792,0.00041154996,0.0017532895,0.00085441314,0.0049075037,0.001309786,0.00037307243,0.00030218903,0.0010205071,0.0051611974,0.014483739,0.018038424,0.0083705885,0.0014470175,0.0018621829,0.004070048,0.006236245,0.0014028676,0.0060024722,0.050111663,0.01510017,0.002236147,0.002084085,0.032941796,0.001413668,0.01741109,0.00042566558,0.004573482,0.004807124,0.00020650533,0.00048762283,0.0005011315,0.0029424743,0.00025922523,0.011756008
754579,Biochemical Research Methods,0.00043681797,0.088418655,0.20513874,0.013991662,0.08930968,0.005117011,4.2723957e-05,0.003650667,0.0061832923,0.02932866,0.0057146307,0.027370242,0.03356331,0.00034103825,0.00019616038,0.00022775236,0.0556107,0.044591986,0.00095780304,0.0003702463,0.001248236,0.00027051344,0.0039384495,0.0027964665,0.017969228,0.0027506915,0.00034331996,0.00069984584,0.0010795594,0.042256903,0.00034278003,0.005019295,0.0010460069,0.0036241417,0.0017033328,0.059458584,0.042120073,0.004568305,0.12235508,0.0059740576,0.0005980221,0.00066359114,0.09742093,0.0032293103,0.06431029,5.9927974e-05,0.0015640514,0.00019049142,0.00023251385,0.0004382264,0.0005732477,0.0004382966,0.0008237639,0.014352234
747556,"Biochemistry & Molecular Biology;Chemistry, Multidisciplinary",0.00026637397,0.0029481878,0.052683048,0.7504808,0.009810933,0.0056455457,3.4093532e-06,0.0007433741,0.0017250854,0.0025549948,0.0058260937,0.6456665,0.011591363,0.00013870276,0.0005684133,2.4361985e-05,0.00269174,0.0015522741,0.00018579177,0.00012371929,6.2746603e-06,6.381289e-05,5.262819e-06,0.00058296975,7.415794e-05,1.4092185e-05,4.7364015e-06,7.241533e-05,0.00085697696,0.000681808,0.0041572526,0.0025103134,0.00011255112,0.00016803444,0.00025960983,0.00062220887,0.00012587012,0.00018271385,0.0071181054,0.0018886757,0.00019948436,7.13091e-05,0.0049078716,0.00012288474,0.0012126836,1.9715997e-05,0.00065348204,3.8044578e-05,1.0005914e-05,6.464428e-05,1.3717138e-05,0.00020989549,3.1136365e-06,0.00040190338
736626,"Chemistry, Multidisciplinary",0.0023240233,0.010587249,0.007260172,0.32805586,0.012560452,0.002432862,0.000281693,0.0044105067,0.00072093774,0.007717468,0.015951898,0.7101705,0.0050054328,0.009118267,0.011640816,0.012451717,0.06267396,0.007597549,0.017183738,0.00038341072,9.374833e-05,0.00034627932,0.00024106035,0.0028159919,0.00097450794,0.0005651345,8.19284e-05,0.00018014394,0.12129258,0.0042457175,0.27981701,0.025735635,0.0006928737,0.0066483924,0.00074494886,0.002816249,0.00015365439,0.00081097486,0.045442276,0.0031612152,0.00641772,0.0033033355,0.020970587,0.0015526777,0.002450368,0.0020889412,0.015948266,0.0007909453,9.372767e-05,0.00020218264,0.0002621758,0.0054244865,2.793316e-05,0.0017414097
747511,"Chemistry, Multidisciplinary",0.0004323719,0.005595935,0.070432425,0.20801198,0.014970643,0.0024986977,1.0910598e-05,0.002388687,0.0014660383,0.0051409868,0.005847233,0.3487361,0.026812391,0.000310253,0.00093877193,5.187909e-05,0.0075319703,0.004413948,0.00026653276,0.000365299,3.1591804e-05,0.00010393852,3.0207488e-05,0.00079181255,0.00022051235,4.7089736e-05,1.5133954e-05,8.949081e-05,0.0011124023,0.0038260645,0.0028711725,0.0023695787,0.00026383402,0.00042302895,0.0006073102,0.0012782492,0.00035286677,0.00043414353,0.017102398,0.0043267105,0.00012308832,0.00018445504,0.006625261,0.00017697264,0.0037593297,2.0556978e-05,0.0007562372,0.00047351047,1.0749829e-05,3.538661e-05,4.0489842e-05,0.00036368304,1.0891387e-05,0.002821333
737724,"Biochemistry & Molecular Biology;Chemistry, Medicinal;Chemistry, Organic",5.5215183e-05,0.0012068397,0.0068094046,0.6257888,0.0035421918,4.1099953e-05,9.0323796e-05,0.00064787146,0.00031039116,9.579344e-06,0.86292565,0.03282104,0.6439382,4.899659e-05,0.0045740874,7.52827e-06,0.00015397309,0.00046030153,8.6088585e-06,0.0025443307,2.3592567e-05,2.7677717e-07,7.0039982e-06,6.557198e-05,3.0572128e-06,0.0001325299,1.2585581e-06,9.2538605e-05,0.0001445606,1.5814894e-05,0.00033044026,1.35507125e-05,0.0004454179,2.9741477e-05,0.00042839543,0.00019451209,1.8061249e-06,1.3513741e-05,0.0016987327,0.00074119796,0.0001424688,7.82239e-06,0.0040111314,0.00013711007,0.00014376537,1.3444763e-06,5.036087e-06,7.1734416e-05,3.1704317e-07,1.6303043e-06,3.365606e-06,0.00013989021,1.6884902e-05,0.00037441013
754592,"Chemistry, Multidisciplinary",0.0002670295,0.12018695,0.007267916,0.0009453632,0.0036566397,9.1415604e-05,1.0223316e-05,0.0038184987,0.0003627177,0.0013551203,0.0071773445,0.33199388,0.0017601546,0.0006153663,0.00349061,0.026837008,0.19171116,0.06794952,0.0011354574,2.266865e-06,0.00010974546,2.312944e-05,0.0031919198,0.0013543135,0.014864466,0.0004727391,4.877957e-05,2.6673286e-05,0.0032740433,0.02199073,0.0021144955,0.017081609,0.00022221814,0.0123962425,0.00022075616,0.07356273,0.0006182003,0.0052954108,0.2029129,0.0058335033,0.00038655451,0.015218742,0.17437313,0.0024833493,0.008955044,9.3183866e-05,0.0099743,0.00036965308,5.0826733e-05,0.00013366323,0.00037254803,0.0007861992,5.009187e-05,0.0028003517
746710,Biochemistry & Molecular Biology,0.0013246837,0.0008715338,0.011557507,0.17228372,0.020071134,0.0007258655,0.00031072812,0.0012021518,0.0002732083,0.008737058,0.007658232,0.0114915855,0.0090837525,0.0014396043,0.00042072273,4.434167e-05,0.015070264,0.0018764178,0.00044123208,0.11846928,8.243716e-05,0.0017398304,0.000108344626,0.0025509794,9.8513e-05,0.00011945087,0.00018290682,0.0018009346,0.0012854825,0.0036072962,0.037143603,0.00051997084,0.00032519986,9.663282e-05,0.00047711132,0.00073219626,0.00029188555,0.00064255384,0.0043538054,0.00051561475,0.0024122454,0.00027420043,0.0027246857,0.0003401776,0.007391964,0.00015476957,0.000597234,0.0021761947,2.784098e-05,0.00010972107,1.5851752e-05,0.00020559944,4.109972e-05,0.008071572
746655,"Biochemistry & Molecular Biology;Chemistry, Multidisciplinary",0.0014870713,0.014523352,0.05087739,0.41653615,0.024384076,0.008513604,6.9786336e-05,0.006379286,0.0050257044,0.0048502153,0.025988452,0.7044603,0.026876125,0.0006437657,0.0054955827,0.0009230338,0.017349068,0.016319638,0.0017990813,0.0003512924,6.5243956e-05,0.00034837754,0.00017275578,0.0029126483,0.00047153363,0.00015200912,5.850149e-05,0.00036668903,0.006002293,0.0044887103,0.013356705,0.011137217,0.0010368446,0.001876926,0.0019445895,0.002514994,0.0003443914,0.0016903267,0.03737748,0.011709162,0.0010073665,0.0013225937,0.021618497,0.00074072834,0.003915731,0.00020658372,0.0038609658,0.0013044714,9.8753495e-05,0.00031832777,0.00031116864,0.0021843568,6.581856e-05,0.0024990174
731386,Infectious Diseases,0.0023589109,0.14288576,0.011915927,0.00035353468,0.007630712,0.0003456685,0.00029810707,0.032157682,0.0028563526,0.0011582925,0.023985337,0.0073855473,0.002463579,0.0006381707,0.005060042,0.05349944,0.0789145,0.10266066,0.004928894,4.997988e-05,0.0016746566,0.0012573777,0.2450763,0.0026831017,0.040221956,0.00081922446,0.0012173558,0.0017637803,0.0023380248,0.03786264,0.0009115526,0.03651299,0.0015312044,0.04322264,0.01676666,0.035051763,0.0017917397,0.014810462,0.101556726,0.039244834,0.00073926436,0.05677589,0.06841016,0.0042792037,0.01788996,0.0005760844,0.023163635,0.011293387,0.0023604396,0.0027173478,0.03447023,0.0050493926,0.0024686675,0.015354639
752531,Biochemistry & Molecular Biology,0.00041112432,0.008296767,0.03679961,0.20545453,0.014427551,0.0016968384,5.7668476e-05,0.003766947,0.004822872,0.00054632674,0.10226602,0.18073088,0.10941578,0.00010221725,0.002328038,0.00013576834,0.0031846853,0.009849847,0.00016585905,0.0005195205,4.3856995e-05,4.500583e-05,0.00024061787,0.00068510865,0.00013024687,0.00018943545,2.2507229e-05,0.00019605717,0.0010744081,0.0009051063,0.00073340547,0.0007151854,0.0008395446,0.0006132504,0.0051254337,0.001366932,0.00014029778,0.00045573732,0.015607856,0.0078038434,0.0003194259,0.00020678631,0.012495953,0.0005304665,0.0019002517,2.0754373e-05,0.00020841039,0.00088753254,1.8335966e-05,6.7998444e-05,0.00030097138,0.0013303949,0.00025016672,0.0019925532
756021,"Chemistry, Multidisciplinary",0.0002670295,0.12018695,0.007267916,0.0009453632,0.0036566397,9.1415604e-05,1.0223316e-05,0.0038184987,0.0003627177,0.0013551203,0.0071773445,0.33199388,0.0017601546,0.0006153663,0.00349061,0.026837008,0.19171116,0.06794952,0.0011354574,2.266865e-06,0.00010974546,2.312944e-05,0.0031919198,0.0013543135,0.014864466,0.0004727391,4.877957e-05,2.6673286e-05,0.0032740433,0.02199073,0.0021144955,0.017081609,0.00022221814,0.0123962425,0.00022075616,0.07356273,0.0006182003,0.0052954108,0.2029129,0.0058335033,0.00038655451,0.015218742,0.17437313,0.0024833493,0.008955044,9.3183866e-05,0.0099743,0.00036965308,5.0826733e-05,0.00013366323,0.00037254803,0.0007861992,5.009187e-05,0.0028003517
639019,Rheumatology,0.00046150424,0.00063605816,0.0051996415,0.00011031403,0.07240578,0.0002740402,0.00026806313,0.0015728972,0.0002135684,0.0076499637,0.0005692252,3.713815e-05,0.0013249489,1.6976386e-05,5.833211e-06,7.013585e-05,0.012757781,0.02728124,0.009082238,0.0043531423,0.000171244,0.0034311183,0.037697766,0.004258853,0.00081886933,0.00015616929,0.002922462,0.07225263,0.00015688316,0.032756712,7.933253e-05,0.00016174326,0.0016360778,0.0010039054,0.0078572715,0.0009697543,0.0034984362,0.0013595718,0.018924622,0.00079713087,0.0033089845,0.0012150761,0.00055172684,0.0003742665,0.017262002,1.9445497e-05,0.00014943276,0.09482068,0.0002538343,0.00041989054,0.0007948292,0.00012522773,0.0029509251,0.056714777
636665,Parasitología,0.0032405048,0.12568626,0.12021805,0.07371854,0.15992,0.02650717,0.0009740977,0.008333985,0.034015212,0.12822542,0.017250584,0.01879624,0.049462885,0.0022880156,0.00095968886,0.0023527145,0.11811058,0.179408,0.0020780088,0.012150684,0.0034562177,0.0036320898,0.018744007,0.0114747565,0.07997995,0.036708366,0.006092952,0.014338312,0.0041001574,0.1108367,0.0030392972,0.00724933,0.012533408,0.008409068,0.010802075,0.27346954,0.1774254,0.026713591,0.1468225,0.010802671,0.009411295,0.008626456,0.13404341,0.010023447,0.21063125,0.0012580581,0.0038799036,0.0009352099,0.006359423,0.011735505,0.004199487,0.0028410426,0.023042751,0.0635192
635318,"Biochemistry & Molecular Biology;Chemistry, Multidisciplinary",0.00082201534,0.007415396,0.026175668,0.8468381,0.023497825,0.013057811,4.6903882e-05,0.0009817077,0.005257238,0.0099734,0.013295506,0.8131855,0.011625119,0.000817706,0.0021789859,0.00037797072,0.009162303,0.0039834753,0.001383195,0.00046924327,1.885741e-05,0.0002507245,3.0526993e-05,0.002648073,0.0002821548,0.00013519514,3.993351e-05,0.00027679894,0.01742658,0.0014329652,0.03480635,0.009002245,0.00063009217,0.0010759338,0.00064002845,0.0013903169,0.00022799699,0.000541978,0.015120989,0.0018998772,0.0030526184,0.00032621372,0.012721498,0.0011504878,0.0020283414,0.0003609242,0.0031764794,6.41536e-05,7.814404e-05,0.00037695348,9.01169e-05,0.0009789229,1.34342e-05,0.00054490415
635894,"Chemistry, Multidisciplinary",0.0019708364,0.027175432,0.037020206,0.19982603,0.09222893,0.005925781,0.0003214286,0.004893756,0.00554423,0.02418149,0.025181498,0.83489376,0.028423559,0.0018527032,0.011092123,0.003652199,0.05939612,0.02225438,0.0039509125,0.0010498175,0.00019226801,0.00034535475,0.00023805733,0.010214652,0.00088445627,0.0009469598,0.00035479644,0.0009450702,0.016014285,0.018607998,0.02927836,0.010156755,0.00571245,0.005458089,0.0002934934,0.004305215,0.00053834415,0.0033236863,0.0930614,0.009562993,0.0042892992,0.004348098,0.034516282,0.0029371004,0.014657675,0.00046280294,0.0059314654,0.001988344,0.00012457305,0.0003723235,0.00014600478,0.0014003589,6.8958616e-05,0.008326619
789495,"Chemistry, Multidisciplinary",0.0009166538,0.21057276,0.028915633,0.016836908,0.019613894,0.0013462732,8.353746e-05,0.005384951,0.0031494533,0.011169138,0.015568016,0.515781,0.011023247,0.002314081,0.0058564316,0.019330632,0.18988045,0.09471168,0.0024908301,7.332067e-05,0.0004941949,0.00016317553,0.002502818,0.0057154465,0.02722153,0.004390825,0.00040583848,0.00018198605,0.011253552,0.03879911,0.0071135093,0.019212972,0.0013328552,0.0166255,0.0004911939,0.17435764,0.0062270463,0.014767421,0.27972677,0.0099872425,0.002114104,0.012041056,0.3241548,0.009078381,0.037740465,0.00046538957,0.012391052,0.00033162624,0.0003162231,0.0008042353,0.00058606954,0.0017396663,0.00030459065,0.009150428
789498,Parasitología,0.0009683006,0.17891914,0.022810113,0.006972364,0.0110635385,0.0010058096,6.492518e-05,0.0066908314,0.001812004,0.008379418,0.007264277,0.27730513,0.0045072753,0.0018596816,0.0035193574,0.030185034,0.22554386,0.09411112,0.0020466715,4.754661e-05,0.0005600098,0.00018314083,0.004900118,0.0038283935,0.06104734,0.00502751,0.00050002855,0.00022940716,0.004712568,0.048838437,0.005270076,0.01427898,0.0010000636,0.012990441,0.00060038787,0.27922928,0.011899276,0.021770837,0.24041155,0.008994085,0.0021100752,0.02392108,0.25783935,0.006665366,0.0582187,0.00045098786,0.012718079,0.00029748815,0.0004725753,0.0012307409,0.0008425716,0.0018215559,0.0006374372,0.008920665
789512,Patología,0.00021062241,0.14457291,0.0059658573,0.0004552671,0.00254248,6.825212e-05,6.097343e-06,0.0037588887,0.00033625067,0.0013317938,0.002805415,0.2073969,0.0010901275,0.00036352928,0.0020621868,0.027731922,0.14030932,0.065495946,0.0008179437,1.3668541e-06,0.00011520264,1.8615532e-05,0.0031133578,0.0007695606,0.029720081,0.00073821965,5.973661e-05,2.1999365e-05,0.0018566807,0.031132972,0.0009173476,0.0111748325,0.00021645198,0.01257469,0.00019360376,0.11844954,0.0011820704,0.0070079053,0.22295633,0.0054500992,0.00017699576,0.016160998,0.16545585,0.0018590984,0.012523148,7.35179e-05,0.00873496,0.00022281411,6.4719214e-05,0.00015929257,0.00046646775,0.00054230896,6.483003e-05,0.0031040628
636676,Patología,0.00037426737,0.12513153,0.0032935066,0.00016526625,0.0016677211,9.789476e-05,2.3355122e-05,0.0071162554,0.000257522,0.0009742531,0.0027752814,0.024069129,0.0006659512,0.0002261625,0.0015535015,0.07245828,0.13593052,0.15393479,0.0013982648,2.2390286e-06,0.00010477351,7.323752e-05,0.032580435,0.0008579876,0.043342873,0.00038217698,0.00016559895,0.00013909426,0.001772658,0.035611853,0.00088069815,0.0203515,0.00018946994,0.011076422,0.0035811549,0.10259155,0.0010050362,0.008192054,0.15972772,0.008988107,0.00037767092,0.06291967,0.09694101,0.001768138,0.009156335,0.00027018867,0.01987682,0.00084254186,0.00033872426,0.0008152487,0.0076031354,0.0017675901,0.00043657547,0.0030744812
789504,Farmacología,0.0022082352,0.1875905,0.07362799,0.008296442,0.20424305,0.010075528,0.0005272328,0.016174696,0.048471596,0.057169206,0.012720497,0.02646325,0.026121248,0.0003889422,0.0016236199,0.004079105,0.08213914,0.3368912,0.0041867006,0.0013868647,0.0012981102,0.002956819,0.054563906,0.007098841,0.048489694,0.007187412,0.0037568482,0.006412386,0.0064586536,0.19289017,0.0005858997,0.014671554,0.014345295,0.03894185,0.018413104,0.05525975,0.023859337,0.024749944,0.22762617,0.028141007,0.0012751581,0.011264641,0.080515794,0.0044411463,0.06922423,0.00041853942,0.010640598,0.014523706,0.004263655,0.0052531254,0.019543651,0.0028850154,0.006841302,0.07079373
647519,Biochemistry & Molecular Biology,0.001332003,0.025253415,0.08774167,0.89077955,0.059244324,0.14983243,6.519886e-05,0.0032342563,0.017056417,0.020027574,0.020158483,0.33452684,0.010886028,0.00019939043,0.0005553746,0.00059261505,0.020564642,0.046275087,0.0008493439,0.00068323436,5.698041e-05,0.0015449447,0.0005235566,0.00612011,0.002372869,0.0002157981,0.00019260416,0.007284562,0.0011069423,0.002151293,0.0073797284,0.01679865,0.0012491174,0.0005231884,0.004950494,0.01983896,0.0031907656,0.0031263416,0.020499513,0.00764697,0.0066752257,0.0012609216,0.068463236,0.0010926463,0.012892225,0.0011315087,0.0037586226,3.835835e-05,0.0018810163,0.008130405,0.00057505106,0.0018613482,0.000644056,0.000634611
765630,"Biochemistry & Molecular Biology;Chemistry, Multidisciplinary",0.0002459977,0.006593943,0.032780115,0.7874213,0.020993326,0.006881734,8.166992e-06,0.00021762885,0.053003598,0.0034676755,0.0146747865,0.64167285,0.034648616,0.00018248803,0.0015154277,4.3198994e-05,0.001157977,0.0027746668,7.979772e-05,0.00035494883,8.829018e-06,7.6778786e-05,8.958113e-06,0.00088021276,9.6060816e-05,0.00013623988,1.3220478e-05,6.772696e-05,0.0051866253,0.0005592419,0.0021209577,0.0017561385,0.001008664,0.0006171716,0.0008821389,0.0005140856,0.00017989641,0.00031788982,0.006497944,0.0012539703,0.00023450691,5.422531e-05,0.0053416546,0.0010208401,0.0007328029,3.1964246e-05,0.00040991997,4.274918e-05,1.7301407e-05,0.00011293127,5.9559872e-05,0.00028607406,1.7282095e-05,0.00031145537
758662,Patología,0.002475961,0.2562524,0.084235966,0.014382281,0.093903735,0.005294341,0.00028549368,0.012748507,0.015328615,0.03992518,0.024073731,0.21581165,0.027971111,0.002202323,0.0050066803,0.010168723,0.21459594,0.2234531,0.005290937,0.00050494896,0.0019256566,0.0012480335,0.018342104,0.010406965,0.042024367,0.0062008724,0.0015278619,0.0012204535,0.015019593,0.12091153,0.0042277277,0.043349512,0.0041414504,0.034838434,0.0039003596,0.09886345,0.013605379,0.03088417,0.3300252,0.022120936,0.0027707126,0.013813215,0.23174621,0.011723439,0.06813534,0.0008102147,0.02145249,0.00387684,0.001398007,0.0021862783,0.00441903,0.0031282548,0.0014464423,0.04072327
757827,Rheumatology,0.0003842582,0.0014917233,0.00441962,0.00011540099,0.03159596,2.9551682e-05,0.00017441591,0.0045413016,7.197465e-05,0.0009578943,0.0064513898,0.0002888495,0.008690536,3.0085706e-05,0.00011307166,0.00022421683,0.022906918,0.030803923,0.0016021726,0.0008608038,0.00011216306,0.00017764741,0.013731887,0.0008179269,0.0003362462,9.86131e-05,0.00019832258,0.0015445336,0.00041925264,0.013687611,0.00012968102,0.00025528058,0.00033527153,0.0014626407,0.009274666,0.0003742763,0.000121286255,0.0007915485,0.04004433,0.0017166522,0.00068143895,0.0007051015,0.001614713,0.00020945846,0.005147571,9.606632e-06,0.00015480588,0.2030264,1.8443823e-05,2.605293e-05,0.00073216145,0.0004964775,0.00048120366,0.032344483
699228,"Chemistry, Multidisciplinary",0.00071738963,0.09451485,0.07013142,0.032447405,0.093218416,0.002633347,7.051024e-05,0.00371653,0.008775557,0.018575678,0.025613146,0.55549836,0.043943197,0.0009183861,0.0045920494,0.0018477989,0.09609952,0.062439393,0.0011656664,0.00026652083,0.00032981613,0.00014212307,0.0010942213,0.005511644,0.003471058,0.0013905758,0.00022766009,0.00032915932,0.007838165,0.032911677,0.002907953,0.012434308,0.0039247577,0.009892805,0.0004972912,0.017367972,0.0016765168,0.008674341,0.15782702,0.010458354,0.00084363646,0.0029968813,0.07827007,0.0040791957,0.024488954,0.00012764764,0.004089165,0.0012344215,0.00010100137,0.00018367563,0.00027427968,0.0007843875,0.00013885507,0.012911413
668218,Parasitology,0.010314546,0.00624034,0.057848137,0.0037400865,0.054853402,0.0018031751,0.0042690854,0.018378278,0.0033575352,0.009360549,0.010309138,6.636745e-05,0.029281197,0.00087749545,0.00017581599,0.00022785313,0.01949395,0.022579614,0.007997249,0.092309825,0.0063085807,0.043843154,0.16226064,0.010875539,0.008979274,0.0011271874,0.014366864,0.15622182,0.0005479444,0.024052657,0.0005041941,0.0019066083,0.0015989138,0.0027071184,0.2816096,0.0058735944,0.02531486,0.003464243,0.014449489,0.008073061,0.0067789424,0.0015783176,0.0057180887,0.003856915,0.06058949,0.00046119068,0.0018470815,0.06012435,0.0059476797,0.0061448445,0.015923591,0.009123783,0.04260349,0.09857026
699064,Patología,0.0012081215,0.10807905,0.056850385,0.0033817766,0.14353198,0.001926688,0.00025897843,0.0099904025,0.012512227,0.023095468,0.021187775,0.041439548,0.043122843,0.00044164935,0.0020424721,0.0025687355,0.10837275,0.17246772,0.0023264051,0.00064087904,0.000928917,0.00046607127,0.026988873,0.0050431364,0.01467549,0.0032679492,0.000813546,0.0011744072,0.00634641,0.08144958,0.0004844155,0.010406175,0.004785174,0.03416032,0.007579031,0.021655174,0.0046975403,0.007831957,0.1726899,0.016899727,0.0007370025,0.0049561346,0.059625793,0.0051280013,0.03528548,0.00012814986,0.004492906,0.015411559,0.00043410418,0.0006659356,0.00563592,0.0019565653,0.0016131686,0.063039534
695604,Plaguicidas,0.000746757,0.34822938,0.019622263,0.005312478,0.0037841701,0.00067597145,9.3907314e-05,0.012622874,0.0047878404,0.0012945964,0.04288626,0.09188503,0.009051875,0.0007193874,0.0042681084,0.013383526,0.038837425,0.06971199,0.0010658198,2.6216429e-05,0.0012833356,0.00015636999,0.023618815,0.0019986436,0.061234605,0.005053392,0.0004323919,0.00021185826,0.0030622492,0.013744937,0.00090186775,0.018124811,0.00065171503,0.014578494,0.0047352314,0.3643333,0.00919058,0.0082852645,0.1662462,0.018689536,0.0008406293,0.009206454,0.44689766,0.013521598,0.022706196,0.0004368215,0.01005207,0.00019330457,0.0006919898,0.0032426543,0.0075568696,0.0020301424,0.0015643643,0.005286828
695605,Patología,0.0007921793,0.17389297,0.03628576,0.0060885986,0.031025989,0.0017470821,8.502986e-05,0.006977889,0.004575169,0.008653781,0.030641006,0.14564693,0.008624512,0.00076951075,0.0018465917,0.012241777,0.18756348,0.11276422,0.0028698458,8.505223e-05,0.00086457975,0.00020263327,0.024006836,0.0037885034,0.03447907,0.008322836,0.00048129846,0.00060848036,0.0059339465,0.034372214,0.0018665672,0.017472018,0.0017565882,0.016500318,0.001645133,0.17449386,0.008300449,0.020015625,0.21814187,0.009581475,0.0038938494,0.011240364,0.21120724,0.013624283,0.047553584,0.00034640759,0.008508772,0.0005553322,0.0006605983,0.0016341038,0.002826774,0.0012330045,0.0022010983,0.015745312
701281,Infectious Diseases,0.0060700295,0.15928388,0.087690234,0.0075445916,0.18958691,0.010762994,0.0015597304,0.026673356,0.017516136,0.05778072,0.038103174,0.006353369,0.031295143,0.0007098843,0.0012862089,0.0038332467,0.14906763,0.24086668,0.010252391,0.0063963374,0.0047670486,0.00806412,0.2891612,0.012355967,0.035979602,0.008793195,0.008082292,0.03660881,0.0067043356,0.09433829,0.0011573639,0.040375877,0.006099319,0.02863919,0.060744356,0.044146083,0.025004352,0.026597086,0.16113204,0.03329014,0.010612178,0.013657123,0.09706393,0.0128575,0.16560256,0.0012229035,0.019518012,0.01784003,0.00911834,0.0125384955,0.05043606,0.0057839425,0.026466567,0.15332307
644455,Biochemistry & Molecular Biology,0.0060340483,0.0309641,0.060504004,0.449245,0.02877877,0.03997904,0.0007325893,0.01476154,0.034520447,0.03226879,0.028003223,0.08760854,0.02644282,0.002529388,0.0031621289,0.0019386369,0.022870159,0.06860664,0.010139818,0.0064619,0.000439039,0.015406053,0.018163655,0.0058321673,0.008230343,0.0019674469,0.0009232171,0.0034726928,0.09525471,0.011209509,0.025688935,0.06801623,0.0016331986,0.010374667,0.29879367,0.010003758,0.008001428,0.0054711862,0.04924004,0.009938582,0.008690347,0.0021783693,0.055908415,0.007235836,0.006475237,0.004566293,0.025874231,0.0047483374,0.0037070273,0.0061713136,0.068737894,0.022401022,0.0026807117,0.00747471
724745,Enfermedades infecciosas,0.0016232807,0.151283,0.030849097,0.008350059,0.018524535,0.0014043542,9.3676295e-05,0.009509483,0.0012893381,0.014668678,0.010646338,0.29764968,0.0064519793,0.0026639758,0.0049243844,0.02658031,0.35550067,0.11875006,0.0031923144,8.974642e-05,0.0006282599,0.00029616148,0.006297298,0.007601462,0.036113232,0.0021325366,0.0004946954,0.00047597746,0.0043967883,0.058379475,0.010470234,0.028252978,0.00087133655,0.011898042,0.0007909882,0.16783556,0.007048444,0.017289193,0.23521669,0.01347053,0.0030359484,0.03081661,0.21855935,0.0049540605,0.070938684,0.0006153417,0.0217086,0.0008777437,0.00047792768,0.00114395,0.0007048563,0.0027108197,0.00048266407,0.012644662
720701,Rheumatology,0.002630404,9.855152e-05,0.0028012202,0.0013282755,0.003767745,4.0053765e-05,0.00059656217,0.0017978649,0.0002200998,6.72127e-05,0.0024962185,1.7254739e-06,0.0016001519,5.7190646e-05,4.368706e-05,5.4934853e-06,0.0011505191,0.004120451,0.00033630794,0.26492497,9.99002e-05,0.092800476,0.007235082,0.0005439117,5.2319825e-05,1.3824084e-06,0.00095235236,0.0029956459,5.2709594e-05,0.0025152592,0.00065079366,3.352785e-05,4.7110083e-05,4.012621e-05,0.057622258,1.5635569e-05,8.545237e-05,0.00042641078,0.0008778375,0.00054628786,0.00014903532,7.420103e-05,0.0004897444,1.5563446e-05,0.0020724947,2.0685331e-05,0.00010971428,0.45964617,3.0738433e-05,7.650128e-05,0.000116407165,0.00033683944,0.00024973348,0.014773639
701321,"Chemistry, Multidisciplinary",0.0023070404,0.0075666104,0.054510865,0.06860121,0.04839394,0.0012800316,0.000173141,0.005544808,0.0037075735,0.0028902232,0.030400928,0.1618775,0.069311306,0.00075852225,0.005001694,0.00015303981,0.019438766,0.0070382752,0.00047332302,0.0043233642,0.0002773492,0.0006585255,0.00030852805,0.002938508,0.00024293922,0.00011105389,0.00013420267,0.00086663844,0.001362016,0.008534274,0.0041207755,0.0020285484,0.002114237,0.0011311645,0.0010892225,0.00083689456,0.00025357137,0.0025020111,0.018963553,0.006378545,0.00034369083,0.00081709336,0.007728053,0.0004991852,0.008922036,5.6836976e-05,0.0011953936,0.009875798,3.100277e-05,6.587431e-05,7.7547425e-05,0.00066593935,6.225249e-05,0.012833845
660486,Genetics & Heredity,0.00065624935,0.0011166421,0.019593263,0.03207026,0.062983915,0.00027266392,0.00028661324,0.0010375902,0.00050224835,0.0047637736,0.007642785,0.0035927317,0.05138542,0.0002678033,0.00017284574,7.656879e-06,0.007978067,0.002559036,0.00023262227,0.10955714,9.934533e-05,0.0005626999,0.00016595477,0.0026361174,6.3109444e-05,0.00010911978,0.00020496994,0.0023274159,0.00037419246,0.0042987918,0.001619045,0.00016502029,0.0005893108,0.0001315195,0.0011315298,0.00045699542,0.00023931694,0.00037611226,0.005025097,0.0005241665,0.0005376454,9.774187e-05,0.0021400382,0.00034428175,0.006520179,1.8300538e-05,0.00016473308,0.00639551,1.01292e-05,4.4025954e-05,2.298925e-05,8.909088e-05,8.3052386e-05,0.019008221
728822,"Chemistry, Multidisciplinary",0.00038988623,0.008361438,0.13013394,0.109596744,0.052543957,0.004128767,1.3871156e-05,0.0014140469,0.0010610714,0.021983407,0.0036736436,0.16070642,0.026786206,0.00038584322,0.00027751186,5.0203816e-05,0.03791947,0.007197634,0.00034582504,0.0008135693,6.566233e-05,0.00016235175,7.3474446e-05,0.0016164052,0.00044768868,9.6736636e-05,4.082083e-05,0.00028539923,0.0009242659,0.009721794,0.002922794,0.0025900938,0.0003435916,0.0004469917,0.00034599192,0.00295809,0.0012677892,0.0012501499,0.029824628,0.0023803723,0.000493228,0.0002612695,0.010430922,0.0002908488,0.01592244,2.9334302e-05,0.00087325025,0.00021670785,1.8552542e-05,4.7563073e-05,2.4945288e-05,0.00019031059,2.5198347e-05,0.0042596385
733463,"Chemistry, Multidisciplinary",0.00027293467,0.088281766,0.0030455813,0.0006021116,0.0029090554,4.627932e-05,1.2446629e-05,0.00394016,0.0003236873,0.00087468215,0.0059391805,0.36068818,0.0012461994,0.0006249133,0.0059016957,0.06611109,0.16164958,0.058594476,0.0011936169,1.4814283e-06,8.295044e-05,1.763068e-05,0.0024854678,0.0012261624,0.013488271,0.00054214906,5.400557e-05,3.2639113e-05,0.0031674826,0.020854548,0.0021776159,0.010879069,0.00048467834,0.016911203,0.00017124499,0.064292334,0.00034859547,0.00634574,0.1844986,0.0053807436,0.0003556981,0.028330006,0.11601895,0.0021284563,0.005630234,0.0001342366,0.0077376543,0.0005516288,6.8352696e-05,0.00012901807,0.0003792741,0.00084018125,5.6149132e-05,0.002137185
747220,Plaguicidas,0.0022508134,0.29335755,0.096854046,0.016418165,0.046508837,0.003924275,0.0002743796,0.022172038,0.020965256,0.012988076,0.057392277,0.15688588,0.057178512,0.0015321305,0.007455141,0.0055902805,0.07413853,0.18000507,0.0033764117,0.000329587,0.0030537883,0.00077646243,0.019846715,0.0060680187,0.039641757,0.0050473227,0.00085268886,0.0008306712,0.00844621,0.06472393,0.0013864309,0.03730837,0.0034172784,0.032905277,0.009203089,0.08978689,0.011519764,0.014888176,0.2669477,0.043648984,0.0009334534,0.00625193,0.30010295,0.010161512,0.04095634,0.0004653508,0.013849957,0.0037524002,0.0011868083,0.0020122775,0.008874306,0.00475587,0.0017379499,0.031864654
679043,Biology,0.00011758896,0.005737576,0.013160822,0.022809831,0.16044308,0.0005394184,6.640899e-05,0.00024102107,0.05607534,0.004006478,0.0060053603,0.035860747,0.059556816,3.4924928e-05,0.000306923,1.5737938e-05,0.0023871376,0.00533254,5.7741614e-05,0.0033074482,2.4936962e-05,9.3524286e-05,0.00016405435,0.0017679249,0.000102642436,0.0003102829,0.00011879115,0.0003039093,0.0013368536,0.0026824959,5.3196236e-05,0.00015861279,0.005335902,0.0020785262,0.0008045806,0.00030522406,0.00018227154,0.00026641792,0.006081565,0.00078644085,4.4418695e-05,7.084726e-05,0.0034614915,0.00065442844,0.0023869448,3.3381855e-06,0.000134017,0.0014641178,8.40102e-06,4.718805e-05,8.726601e-05,6.783135e-05,7.676736e-05,0.005771583
673904,"Biochemistry & Molecular Biology;Chemistry, Multidisciplinary",0.0015677161,0.0056360937,0.031383466,0.47047162,0.018936157,0.0053015505,7.646154e-05,0.0035539693,0.0011301967,0.003141756,0.014657586,0.6833769,0.0076162675,0.0008341172,0.0035174782,0.00067097216,0.024175253,0.0038552117,0.001736329,0.0005203077,4.527621e-05,0.00050379307,6.5476685e-05,0.0026295937,0.00016957204,4.0170853e-05,5.1925712e-05,0.00039076534,0.003587579,0.0022794604,0.045067344,0.0069282195,0.00042052305,0.000668689,0.00028174164,0.0010763028,0.000119381744,0.0010297569,0.015920132,0.0035090463,0.0017034983,0.00093934993,0.011014542,0.00043562579,0.0037101496,0.0002218593,0.00419995,0.0005151758,4.3840308e-05,0.00018451326,4.00692e-05,0.00089094846,1.3484954e-05,0.0011293751
747596,Infectious Diseases,0.0009892192,0.008599519,0.010824876,0.00015356988,0.027184706,0.0004211652,0.00038144155,0.0031350595,0.004587331,0.0054370547,0.001404203,4.9040722e-05,0.0021300642,5.2836716e-05,4.8398877e-05,0.00034798184,0.01652785,0.07935701,0.0011241795,0.0020278927,0.00095809094,0.0058627483,0.17720337,0.0016207262,0.025654163,0.0005985575,0.003977567,0.007065083,0.00025014262,0.09227786,3.2096083e-05,0.0006394663,0.00159536,0.007262555,0.043735184,0.008519141,0.016869474,0.0058641154,0.019765917,0.004547214,0.00045331233,0.002380992,0.002701572,0.0005836616,0.04281731,3.603507e-05,0.0004730474,0.022646315,0.0028616542,0.002752463,0.0091345655,0.0009877246,0.007565851,0.07904666
722772,Biology,0.0031515248,0.005837127,0.023084125,0.12269035,0.14611363,0.001941571,0.0006305992,0.0067684227,0.00081152446,0.019070305,0.044990566,0.05435319,0.030974708,0.0010206973,0.002153867,0.00026157207,0.03934326,0.009818649,0.001209156,0.019675814,0.0003612204,0.0007374203,0.0006986967,0.014017203,0.00020537725,0.00027668258,0.0006428721,0.069557905,0.00048872444,0.0062957164,0.01180023,0.0025144708,0.005161237,0.0004134808,0.00040149712,0.0013789617,0.00023291192,0.0015626849,0.017723732,0.003599072,0.0112960385,0.0022203487,0.008100734,0.0009443163,0.04017883,0.00025483433,0.001635363,0.0040640943,0.00014205072,0.00025552846,3.725649e-05,0.0008788987,0.0003397161,0.01615691
685530,"Biochemistry & Molecular Biology;Chemistry, Medicinal",9.78404e-07,0.00017477901,0.0010231389,0.9747709,0.00044628515,7.309599e-06,5.153818e-07,1.4728402e-05,4.8120353e-05,1.582151e-07,0.67131424,0.29940972,0.174616,9.566439e-07,0.00055947807,2.42056e-07,6.1040164e-06,2.4814199e-05,1.7733672e-07,1.1510032e-05,1.5498317e-08,1.7351888e-09,1.1226265e-08,3.3924234e-06,1.503533e-08,3.5268448e-07,5.646622e-09,8.1244616e-07,2.658073e-05,1.2994661e-07,0.00010918742,1.4694751e-06,5.814655e-06,4.871075e-07,1.0906084e-05,7.060547e-06,5.4466303e-09,3.6839324e-07,0.00011950145,2.8897135e-05,1.8483071e-05,1.0247654e-07,0.0005510148,5.993649e-06,2.560064e-06,2.043485e-08,3.004488e-07,1.5679699e-07,2.6405533e-09,4.124695e-08,1.7897618e-08,8.818062e-06,4.029623e-08,1.5619551e-06
675522,Biochemistry & Molecular Biology,0.00063869706,0.0072240755,0.031806238,0.091054775,0.010028398,0.0013201647,4.46867e-05,0.0026225909,0.01603308,0.0015040026,0.013300036,0.07587807,0.036450747,0.00034477495,0.0017418705,0.000116788644,0.0029274835,0.008619922,0.0003466716,0.00068418606,3.232699e-05,0.00042254734,0.00057059084,0.00056694425,0.00039404765,0.000116524556,3.674707e-05,4.6869583e-05,0.018171107,0.0021832222,0.0013826663,0.0023910927,0.00027327915,0.0030596445,0.04410377,0.00051845965,0.0003249488,0.0004743786,0.017015932,0.0029934223,0.00013881204,0.00010246747,0.007994875,0.0007768162,0.0007802786,3.5430876e-05,0.00089393946,0.0037383086,1.9888334e-05,5.0865227e-05,0.0026285746,0.003483952,9.816574e-05,0.0025277839
716322,Patología,0.002150905,0.2534919,0.12496245,0.013522965,0.15879284,0.006345421,0.00019417668,0.012243794,0.027630288,0.047903202,0.019411568,0.2624904,0.03195929,0.0015717638,0.005007252,0.0048127775,0.15096481,0.21277088,0.005072906,0.00039501593,0.0017636913,0.0016428931,0.01498178,0.011310187,0.024939783,0.0022804996,0.0013282857,0.0013666215,0.012393224,0.14325617,0.002662827,0.059930608,0.005271463,0.037207354,0.0035011636,0.038199723,0.008405577,0.026949119,0.3196388,0.028162813,0.0013950418,0.010412191,0.17485462,0.0073197396,0.04960952,0.0004965327,0.026404051,0.00664384,0.0010753035,0.0012406335,0.003688233,0.0024714991,0.0006005341,0.034958433
716873,Biochemistry & Molecular Biology,3.136217e-06,1.625154e-05,0.0027078267,0.99982154,0.00053969456,0.028918372,3.2845374e-08,4.7849308e-06,0.0018812044,7.657764e-05,0.0011347849,0.06441376,0.0005812794,4.2742792e-07,1.5730575e-06,1.6713274e-08,7.520754e-07,8.428802e-06,7.481253e-07,5.4354223e-05,6.1516725e-09,2.831438e-06,1.2296923e-08,1.0766481e-05,2.2303306e-07,1.3256109e-08,2.0941323e-08,5.1688865e-05,7.458082e-06,7.1326795e-08,0.00028530837,1.8274868e-05,2.1000958e-06,1.2825447e-07,0.0001923265,1.8345235e-06,7.2764465e-07,2.4407245e-07,4.4273306e-06,1.5907148e-05,1.4569647e-05,3.543468e-08,2.6399477e-05,1.4695325e-06,4.150998e-06,1.7574814e-06,2.205632e-06,5.972376e-09,4.181797e-07,6.4378955e-06,3.130093e-07,7.386985e-06,6.344372e-08,5.805413e-08
682170,Farmacología,0.0008345576,0.083581395,0.04706421,0.005546084,0.109458484,0.0022371258,0.0002874043,0.01012448,0.013338249,0.0144552,0.03057682,0.012776161,0.05124867,0.00018489615,0.0011190707,0.0014747301,0.05299079,0.2145755,0.0009130669,0.0010768776,0.00080133416,0.00032996145,0.025940567,0.0035665296,0.017508006,0.0066040303,0.00082762906,0.0027293153,0.0015093547,0.05279079,0.0001738779,0.0030657537,0.007798455,0.011347718,0.0112978015,0.04219727,0.008821672,0.005910041,0.10860235,0.018282173,0.0007855645,0.0037250908,0.05758241,0.003646224,0.038887132,9.587277e-05,0.0013114806,0.0074722166,0.00080055755,0.0013625453,0.005801058,0.0018632138,0.0067614927,0.051058095
684856,"Chemistry, Medicinal",0.0007059365,0.053307615,0.025579577,0.0032560488,0.020195622,0.00072626537,0.00013407809,0.0073153507,0.0035211523,0.002189499,0.10210871,0.018946944,0.01457466,0.00037062133,0.0014021625,0.0062102615,0.08811505,0.08967701,0.0011756298,0.00016234138,0.0010368357,0.00012958658,0.05968069,0.0022055432,0.023555802,0.009338991,0.00032591526,0.0012363944,0.001804876,0.014149706,0.00048014228,0.003569564,0.00278614,0.008027573,0.0052489657,0.08855632,0.0059463438,0.009020701,0.08119743,0.009355343,0.005260511,0.006788796,0.09344319,0.013020207,0.028917825,0.00016427318,0.0012775578,0.0013517323,0.0005729352,0.0012778712,0.0042373016,0.0016710731,0.008844412,0.016283983
667113,"Biochemistry & Molecular Biology;Chemistry, Multidisciplinary",0.00047616992,0.012057226,0.033055935,0.4412611,0.034864176,0.0020381496,6.412681e-05,0.0012539399,0.0039619408,0.0021958451,0.08445656,0.6256523,0.12806948,0.00041003525,0.0040238784,0.00020965067,0.007895222,0.0044100313,0.00032986488,0.0006463678,4.775414e-05,3.1175616e-05,5.02509e-05,0.0013950692,0.00012008151,0.00032543152,3.1983214e-05,0.00015950641,0.0055215536,0.0012641203,0.004981885,0.0017098717,0.0010568604,0.00094400375,0.00058788,0.0017497145,0.000113037066,0.0005504106,0.025373831,0.0033611658,0.0009399233,0.00023230667,0.015443615,0.0013288886,0.002851771,5.3051594e-05,0.0005080049,0.00019793586,1.5359965e-05,5.7329013e-05,5.646039e-05,0.0005033181,3.9590162e-05,0.001880157
746741,Biochemistry & Molecular Biology,0.0007599733,0.0026616242,0.032104015,0.9824096,0.007117215,0.046018653,3.8182625e-05,0.00057068275,0.032562483,0.00297738,0.018502686,0.23466429,0.015323736,0.00040537643,0.0008103259,3.1493382e-05,0.00051831827,0.0012520388,0.00022447608,0.0035719324,2.1221285e-05,0.00096042024,2.2941902e-05,0.0013566609,0.00015911266,5.5123906e-05,2.79993e-05,0.00063951657,0.002939049,0.0001466757,0.011849799,0.0021917305,0.00044848464,0.0001747615,0.0059478013,0.00065344595,0.00042424473,0.00031244478,0.0012429158,0.0013892893,0.0011215326,5.2803418e-05,0.0040446413,0.0007119065,0.00067036913,0.00029612248,0.0007143064,2.675841e-05,0.00014304146,0.0008633576,0.00018540917,0.00086939515,4.777992e-05,0.000111458205
668796,Biochemistry & Molecular Biology,0.0008319914,0.0037653388,0.05900752,0.90679693,0.011145318,0.012409745,2.2825454e-05,0.0008549584,0.011908955,0.0026137715,0.021440241,0.30544463,0.032976966,0.00029482046,0.0010895518,1.7979728e-05,0.0014723445,0.0017455831,0.00013882767,0.002968755,2.3338334e-05,0.0006335495,1.3751771e-05,0.0014513985,9.248417e-05,3.526412e-05,2.4817016e-05,0.00039098648,0.0010476589,0.0005161854,0.0056551876,0.0018618805,0.0003710116,0.0001430862,0.0014381806,0.0006777686,0.00025401686,0.00046717504,0.0033915702,0.0023798677,0.00034186654,6.826983e-05,0.007097594,0.00034515283,0.0014143237,8.893919e-05,0.0006761647,9.2436916e-05,5.390272e-05,0.00036574603,4.4988923e-05,0.0003639348,1.8389483e-05,0.00040105393
678554,"Chemistry, Multidisciplinary",0.00035324055,0.007574141,0.030335002,0.034841873,0.0133146625,0.00032013562,4.3827044e-06,0.0020827178,0.00023246332,0.0016656867,0.006381502,0.89432997,0.008316839,0.00045992015,0.004377888,0.0005986205,0.06188593,0.0028350805,0.0005098744,1.598123e-05,2.0042426e-05,1.5996524e-05,1.8046363e-05,0.00084246206,0.000109373635,2.1170386e-05,4.9758573e-06,1.8514544e-05,0.0020528457,0.0050289365,0.009843041,0.004558761,0.00023164974,0.0014499417,1.8864119e-05,0.0006300258,3.3690412e-05,0.00093087467,0.044195984,0.003457492,0.00015642235,0.00069473434,0.0077722026,0.00015176204,0.003403738,1.4543853e-05,0.0021875706,0.0003620644,2.088143e-06,4.445295e-06,4.720398e-06,0.00023340365,9.992906e-07,0.0016130235
688722,Genetics & Heredity,0.006985566,0.0004946532,0.0092837745,0.017040946,0.008350726,0.00042665293,0.0031717797,0.005525931,0.0003329698,0.00014134111,0.116603404,1.8296854e-06,0.0149332695,0.000106710155,8.9686706e-05,4.531604e-05,0.0040890058,0.010011713,0.0008243595,0.3955062,0.0013859642,0.02852015,0.08352354,0.0014874743,0.00039623113,0.00026788833,0.0026198733,0.1829656,4.6161902e-05,0.00074549636,0.00067069725,7.3626295e-05,0.00033904475,3.0633088e-05,0.16578618,0.0006178984,0.00091621245,0.0013299484,0.0018364203,0.0023185308,0.020833362,0.00022748626,0.0066080103,0.0005036545,0.017993085,0.00036141623,0.00017113154,0.021689802,0.0013613326,0.0025732303,0.00093215005,0.0034541057,0.06567044,0.020445973
673909,"Chemistry, Multidisciplinary",0.000617436,0.0060633416,0.0035139099,0.22102499,0.035650387,0.0006897611,0.00039651373,0.001295662,0.000774668,0.007964583,0.021857103,0.8481853,0.01312676,0.0019099676,0.009760975,0.0038334269,0.02474448,0.005041493,0.0024681322,0.0011501969,4.0024628e-05,4.1369633e-05,3.3094995e-05,0.0040561133,0.00014195214,0.0007901836,0.00011688378,0.00022256571,0.032181937,0.003919285,0.07854808,0.0016549124,0.0022399055,0.0018276089,4.7053556e-05,0.0010540296,3.8797283e-05,0.00043339923,0.042073354,0.0014594914,0.005519294,0.0017171712,0.01133144,0.0017451695,0.0031532852,0.00029279914,0.001364154,0.00082568143,1.3571366e-05,5.2745396e-05,2.1312408e-05,0.00062443974,1.1502362e-05,0.0039629643
722924,Patología,0.0013505195,0.28079155,0.12197498,0.011509778,0.08888509,0.003995199,0.00010806129,0.011309046,0.02242043,0.022940425,0.020096848,0.25542325,0.030637559,0.001163915,0.004272758,0.0035444663,0.09053026,0.15108544,0.0036582316,0.00015617882,0.0015811138,0.0007628775,0.010532321,0.0061464873,0.024907188,0.001911894,0.0007194011,0.00052255194,0.010152413,0.09574341,0.001460749,0.052074093,0.0025836898,0.033447422,0.0029870523,0.04347501,0.0073852916,0.01619085,0.31559518,0.025016597,0.000617849,0.0054849004,0.21428984,0.006779851,0.034308683,0.00027125078,0.020156614,0.002996991,0.00057631393,0.0008104193,0.0032435593,0.002015535,0.00037715695,0.023117866
720463,Infectious Diseases,0.0008101962,0.018786686,0.015047455,0.00010016558,0.09835468,0.0005206495,0.00013428535,0.0060147694,0.0037801818,0.007018511,0.0012248235,0.00025386797,0.0012443898,2.6934062e-05,9.183412e-05,0.0005425683,0.04327067,0.13089906,0.0050290823,0.0003036356,0.0002137715,0.005985304,0.20077153,0.0019592682,0.007694176,7.288296e-05,0.0019054934,0.0041685,0.0013101347,0.12831923,4.625889e-05,0.0039504245,0.0011399942,0.023878044,0.021303995,0.0010047982,0.001700825,0.0040302305,0.064183086,0.0075476626,0.00021012635,0.0033155878,0.0056589507,0.00023083332,0.016659196,2.6070478e-05,0.004125114,0.14186879,0.00069306785,0.00063623104,0.009944763,0.00080169353,0.00059870875,0.047411557
644532,Biology,0.00025993798,0.0015125221,0.0069395443,0.0058548795,0.043187197,0.00010014763,8.419693e-05,0.001260834,0.0003472776,0.0011598554,0.015539337,0.008796969,0.030984249,7.057664e-05,0.0003895556,0.00011772999,0.0174251,0.010553711,0.00016054629,0.001903368,2.4249335e-05,4.120183e-05,0.0003792685,0.00079820876,9.1287635e-05,0.00014928238,5.5775567e-05,0.00045656433,0.0005611783,0.0039048013,0.0007041717,0.00010488777,0.0008294109,0.00036023377,0.0011398037,0.0004494656,7.528976e-05,0.0004679651,0.015111186,0.00071167963,0.0006960807,0.00029634504,0.0021486988,0.00021020911,0.004545751,7.290565e-06,6.6041e-05,0.00938419,4.8150237e-06,1.216986e-05,4.6199948e-05,0.00025362312,0.0001708034,0.008772257
644553,Biology,0.00024180065,0.0014494042,0.0070679435,0.0055712857,0.043725774,9.986925e-05,7.755171e-05,0.0012105631,0.00037622667,0.0011271745,0.014921024,0.007871548,0.031314272,6.209904e-05,0.00034943776,0.000102921775,0.016043248,0.010427334,0.00014780337,0.0018485562,2.305151e-05,4.017342e-05,0.00038231415,0.0007629167,8.873537e-05,0.00014381965,5.3960062e-05,0.00045667728,0.00051114755,0.0037844488,0.0005831411,9.6056974e-05,0.00084953615,0.000352744,0.0011911473,0.0004216711,7.556431e-05,0.00044303067,0.014289911,0.0006952026,0.0006239224,0.00026927856,0.0020249942,0.00019943931,0.0043787304,6.4315072e-06,6.0080645e-05,0.009233475,4.669628e-06,1.1785341e-05,4.7009155e-05,0.00024063852,0.00017640354,0.008523028
674828,Rheumatology,0.004800713,0.007093391,0.078201,0.019325007,0.027109522,0.0017287838,0.00028752213,0.04314133,0.0032996624,0.0026208165,0.0154339615,0.0059798,0.054159813,0.0002795993,0.0017372527,9.531152e-05,0.0055852644,0.028455291,0.0013076377,0.0058039,0.0007507274,0.00458409,0.0036533892,0.0028574688,0.0009381254,4.7096335e-05,0.00044408013,0.0058420934,0.00019709009,0.018598156,0.0006404504,0.0026279246,0.0011390971,0.0011073773,0.03987024,0.0010073003,0.0010125171,0.0018864449,0.026561199,0.03702241,0.00012984857,0.0010182483,0.00621554,0.00016932306,0.011487691,7.200122e-05,0.0016982006,0.16204827,0.00021374402,0.00029394592,0.0015798219,0.0036662123,0.0006380542,0.026151953
640611,Biochemistry & Molecular Biology,0.0029658084,0.008094316,0.026431467,0.6572753,0.039765745,0.017994983,0.0005205808,0.002708315,0.0033920729,0.018308649,0.029623596,0.31159773,0.013135102,0.0022920843,0.0023552105,0.0016888814,0.047302824,0.014541544,0.002541885,0.009870304,0.0001203073,0.0021972726,0.0004128811,0.00838557,0.0011192375,0.0007859269,0.0004260015,0.002779373,0.010476757,0.004585104,0.107057855,0.0047041066,0.0016207016,0.00093591854,0.0016769973,0.009906769,0.0020702002,0.0030710062,0.021110782,0.0031097769,0.032112006,0.0024598658,0.029085342,0.0026423368,0.012856991,0.0016545869,0.0030067482,0.0005552555,0.0004376121,0.002304249,0.00023711586,0.0017716213,0.00035768843,0.0033295027
725048,Infectious Diseases,0.00045335075,0.053241912,0.0064697852,4.296887e-05,0.038438793,0.00013566986,6.1494124e-05,0.009668838,0.0018294088,0.0035160712,0.0026166108,0.0010239611,0.0007816632,4.3014046e-05,0.00032790148,0.0070604314,0.0962866,0.16846028,0.004284044,3.1120104e-05,0.00014616441,0.0007580089,0.2354001,0.0008550846,0.01378666,0.00018008261,0.00054241257,0.0009111835,0.0031847989,0.098440155,8.304344e-05,0.011893189,0.0008041996,0.05810941,0.010485653,0.0025969853,0.00046047923,0.007549288,0.12899718,0.009414799,0.00016272215,0.012840124,0.016187722,0.00031025775,0.009566612,3.5238532e-05,0.010348503,0.070922986,0.00048197032,0.0003231006,0.021582706,0.001063262,0.00037858757,0.02730212
724944,Plaguicidas,0.00012714096,0.13583782,0.02583302,0.0058602365,0.013267817,0.0003146086,1.0451239e-05,0.0029387025,0.0037461717,0.001310976,0.059686296,0.18186863,0.019317511,0.00015295856,0.0019120296,0.0015750478,0.039469443,0.079013154,0.00024673037,1.2075685e-05,0.00020164876,1.4261601e-05,0.0027804172,0.0008483696,0.0064053596,0.0013615517,3.415736e-05,6.4395026e-05,0.0013420897,0.00915994,0.00020543502,0.0055270437,0.0009907043,0.005688812,0.000494044,0.04851112,0.0010578113,0.002867869,0.12845068,0.007593524,0.00023776469,0.0012750864,0.20217098,0.0029060817,0.008479892,2.2234499e-05,0.0012168156,0.000195543,4.828487e-05,0.00012124313,0.00047545898,0.00043346634,0.00021741875,0.0041707414
724784,"Chemistry, Multidisciplinary",0.00089834107,0.06573184,0.0835644,0.05381915,0.092331775,0.0062119365,7.544897e-05,0.0033083067,0.019807033,0.025541516,0.007880323,0.5690825,0.03241793,0.000977304,0.0033029367,0.001669034,0.056476157,0.048455972,0.0015331025,0.00029252123,0.000199585,0.0003849442,0.0007494215,0.004319445,0.0035976155,0.0008785821,0.00029914538,0.00020637995,0.014119991,0.03367481,0.003589845,0.011060669,0.002846634,0.011504972,0.0013012488,0.012052718,0.0026850102,0.005671328,0.14115424,0.010732991,0.0006136801,0.0021611862,0.041368343,0.0032393823,0.014896151,0.00016134583,0.005129036,0.0015497295,0.00012586689,0.0002554369,0.0006489421,0.0014606621,0.00013104829,0.0112024555
789510,"Chemistry, Medicinal",0.013717433,0.013872973,0.02694859,0.18782003,0.01819016,0.0024338565,0.0063695065,0.03309233,0.0015853634,0.0011974438,0.40169343,0.027321635,0.10330738,0.0035839856,0.017203696,0.0035152177,0.03759903,0.03958227,0.0039125783,0.037975088,0.00129205,0.0046306453,0.011690977,0.008167778,0.00092017377,0.0008429213,0.0010920942,0.008725164,0.0062585426,0.0038671754,0.044094425,0.0037784495,0.0015612154,0.0014530455,0.048560116,0.0054280427,0.0005616283,0.005808084,0.032895707,0.02340067,0.025592588,0.004994504,0.054800622,0.002995663,0.012656871,0.0023639537,0.0028053431,0.035180952,0.00080854807,0.001683792,0.002341501,0.022386996,0.004466344,0.018230231
760276,"Chemistry, Multidisciplinary",0.0015230668,0.014457123,0.039410897,0.34266797,0.048765875,0.0045116185,0.00014714008,0.0044062543,0.0032028852,0.006847551,0.05395635,0.6612341,0.050490066,0.00090874685,0.005902278,0.0008974886,0.03613988,0.014512524,0.0011621596,0.0013071608,8.872479e-05,0.00022533703,0.00017647773,0.005273387,0.00034359552,0.00036446363,9.576065e-05,0.0008054498,0.0048418054,0.004903272,0.016876135,0.0046460223,0.001773947,0.0014215689,0.0006866084,0.0035816142,0.00033926527,0.002103367,0.0384725,0.0073022563,0.0026600147,0.0017602929,0.02768595,0.0012168295,0.008475427,0.00018826015,0.0021026253,0.0011880079,7.953023e-05,0.00026610083,0.000109321096,0.001140791,9.7045704e-05,0.0048424355
765025,"Chemistry, Organic",0.0004251096,0.0039006379,0.012821135,0.041861273,0.018870497,0.00026062588,9.554557e-05,0.001668887,0.0015189268,0.0017682036,0.015174448,0.044822678,0.059541266,0.00025337684,0.0009194648,9.5105526e-05,0.007807813,0.008860971,0.00018534802,0.0029318992,2.0644027e-05,8.707259e-05,0.000192823,0.00082230946,0.00016374099,0.00019992347,4.815212e-05,9.0838956e-05,0.005025111,0.0032514168,0.0016897226,0.0003955388,0.0003489055,0.00076592417,0.0048059626,0.00076594896,0.00014503804,0.0003999349,0.018186416,0.0012300401,0.0003347886,0.00015372882,0.007085212,0.00044881928,0.0023109885,1.630793e-05,0.00020453129,0.004582249,6.4052724e-06,2.2871449e-05,0.00021599863,0.000764413,7.915005e-05,0.007879301
737187,"Biochemistry & Molecular Biology;Chemistry, Multidisciplinary",2.9935654e-05,0.0024872809,0.015550668,0.9828612,0.008179113,0.008505405,9.003806e-07,7.2731746e-05,0.0012648707,0.0005854931,0.011580807,0.70339954,0.004169456,1.5495485e-05,0.00012116649,1.4298439e-05,0.00097065006,0.0011326288,2.7665956e-05,1.5934447e-05,3.266583e-07,4.394817e-06,8.19044e-07,0.00022425466,1.967869e-05,3.7577163e-06,9.26132e-07,6.2533254e-05,0.0002930821,3.5646695e-05,0.0021180764,0.0010868706,3.923491e-05,1.735061e-05,6.61308e-05,0.00047033528,1.4118121e-05,4.1193893e-05,0.002177763,0.00026410006,0.0005709958,1.2346707e-05,0.008321195,6.682253e-05,0.00033933736,1.4690457e-05,0.00015198463,1.7158158e-07,5.599911e-06,7.126295e-05,1.6798066e-06,8.909301e-05,1.1605156e-06,9.719418e-06
616949,Plaguicidas,0.0001015228,0.10848708,0.0036143423,0.000604211,0.0010631279,4.360319e-05,2.6836524e-06,0.002981855,9.830335e-05,0.0006080162,0.0022992073,0.16757248,0.00081748166,0.00013377365,0.0012254192,0.018214198,0.09569544,0.06385698,0.0002576394,6.9726957e-07,4.061429e-05,5.746535e-06,0.0009746412,0.00042495911,0.021797046,0.00046352745,2.3031362e-05,1.5868436e-05,0.00036836855,0.015740892,0.0004705828,0.00344783,0.000111806934,0.0030919428,9.864883e-05,0.18433441,0.0010294145,0.0037230882,0.17151427,0.0052417824,0.00011980461,0.011298483,0.1873308,0.00060394016,0.012186931,3.475339e-05,0.0028520518,5.8405556e-05,3.9363906e-05,0.000114786395,0.00015634212,0.00038297585,5.3799602e-05,0.0015939615
751120,"Chemistry, Multidisciplinary",0.00056752254,0.2805122,0.06468221,0.02500456,0.029094093,0.0014280032,4.347311e-05,0.0039954158,0.010212853,0.007388518,0.03148751,0.65658367,0.029967066,0.0018573746,0.00711319,0.003733396,0.065485,0.050184224,0.002079001,4.5464723e-05,0.00062808633,0.000111529436,0.0013724151,0.0034532868,0.009218211,0.0016529976,0.00017008635,5.769334e-05,0.022748545,0.023499597,0.0030747456,0.03801993,0.00097590947,0.02481561,0.00047660698,0.04476817,0.002050728,0.006901798,0.2812601,0.012017638,0.00041634895,0.0021618865,0.34270823,0.008987097,0.012891787,0.00019820745,0.013233464,0.00027907998,0.00010044391,0.000247514,0.0005217773,0.0010343539,5.681085e-05,0.006519725
637167,Infectious Diseases,0.020091169,0.035713814,0.05249242,0.005742339,0.06013839,0.0046025347,0.0018453222,0.030596975,0.0024101199,0.01122246,0.03667932,0.0011387472,0.009436535,0.0015764319,0.0014388716,0.0041485224,0.17920953,0.17975378,0.014282612,0.011306892,0.0033609055,0.03503617,0.27720743,0.015588995,0.020348199,0.0010905545,0.006877465,0.07221427,0.0019955093,0.06450666,0.005081392,0.018979343,0.0021787279,0.0052503105,0.07682221,0.016764011,0.012548294,0.021808788,0.072095215,0.03217598,0.02648679,0.020724487,0.0460938,0.004319752,0.13085283,0.0021207894,0.014779928,0.058195073,0.009687329,0.010246741,0.0121981995,0.0141275525,0.022172173,0.09974521
827977,Enfermedades infecciosas,0.00075144996,0.0945593,0.028836273,0.0005709153,0.11478523,0.00053028576,5.646529e-05,0.0063275425,0.0038855267,0.014982005,0.009114282,0.026458217,0.0045591965,0.00029062567,0.0010546779,0.005625783,0.28167152,0.18656957,0.0035940139,8.861377e-05,0.0003488593,0.0005326005,0.05996854,0.0034005898,0.010617016,0.0005880295,0.0004756026,0.0007000606,0.0067975475,0.09810489,0.0007152203,0.027579198,0.0014530255,0.040211502,0.0020471136,0.006473553,0.00092233176,0.009658456,0.19205536,0.008245778,0.00078248116,0.009924333,0.04513952,0.0019956932,0.021549476,9.828292e-05,0.015150245,0.018036451,0.0002778036,0.00028003627,0.0030118895,0.0009267508,0.000301463,0.032570716
633307,"Biochemistry & Molecular Biology;Chemistry, Multidisciplinary",7.567595e-05,0.00872678,0.03434971,0.92238253,0.011786171,0.0071256277,1.0873274e-06,0.00010986325,0.02700804,0.00048486484,0.018965354,0.90976965,0.017052716,3.3447308e-05,0.0011034495,2.720649e-05,0.0007745381,0.0017836101,4.1875268e-05,1.15655985e-05,1.218554e-06,1.1435817e-05,2.3010923e-06,0.00041433127,2.0258996e-05,1.2331811e-05,1.6627715e-06,1.7247436e-05,0.0028185989,0.00010412541,0.0012534114,0.002856173,0.00019792699,0.0002744201,0.00032902817,0.00023583724,2.1148577e-05,0.00020972244,0.005326162,0.0008858044,0.00020480118,1.995837e-05,0.005629094,0.000415984,0.00018678435,1.0378635e-05,0.00035576173,2.8217096e-06,5.932364e-06,5.018606e-05,1.4854509e-05,0.00018458876,2.6408982e-06,3.445915e-05
644658,Biochemistry & Molecular Biology,0.0028048442,0.04727823,0.08490033,0.32652766,0.041972887,0.026338404,0.0002796814,0.006653795,0.057502117,0.029613487,0.020616364,0.2058203,0.034648858,0.002714304,0.003612553,0.0015863238,0.026697345,0.04530305,0.004492042,0.0021901857,0.00033606178,0.004575017,0.006152788,0.0039939433,0.007664852,0.0019109752,0.00051865383,0.0008451861,0.083924614,0.013554343,0.013495495,0.040650696,0.0017268914,0.013325775,0.08668176,0.011362609,0.0076939873,0.0045253825,0.057437632,0.007738134,0.003281033,0.0014292595,0.046297014,0.008067506,0.0068207714,0.0013934611,0.01633553,0.0017885376,0.0012652751,0.002125869,0.02026304,0.0107666515,0.0010246411,0.006858059
720794,Rheumatology,0.0029048603,0.00094566867,0.010606877,0.007939646,0.011544365,0.00025703313,0.0014141311,0.010611733,0.0024173143,0.00034766138,0.017870508,8.230529e-05,0.024946298,7.8919955e-05,0.00045183385,4.12762e-05,0.001175481,0.01570284,0.00082927145,0.09079899,0.0001581128,0.011712125,0.011181942,0.0011885739,0.00024320318,4.8964408e-05,0.0008963592,0.003573068,0.0005809883,0.0037758225,0.0003302447,0.00018998551,0.0004503124,0.00055527186,0.2638659,0.000116196345,0.00022714795,0.00062189857,0.004985034,0.0045739505,0.0003045044,0.00018485278,0.0027443,0.00016484369,0.0022019153,3.6378347e-05,0.0003706376,0.46639726,9.148816e-05,0.00021206563,0.0034509609,0.003248891,0.0016159312,0.021988975
720099,"Chemistry, Multidisciplinary",0.00014141243,0.055871002,0.008398743,0.046858415,0.0029399085,0.0005940265,5.909924e-06,0.0011763843,0.00036299147,0.00080761785,0.012909196,0.7296922,0.0022782907,0.00022465143,0.0020091627,0.0050757905,0.12353989,0.053156793,0.0003467198,3.270421e-06,8.280641e-06,1.949132e-05,0.00018847857,0.0015134225,0.0016431074,7.355591e-05,1.1471624e-05,2.2000668e-05,0.0028177935,0.0032363613,0.006383353,0.0110024875,0.00011417474,0.0011023406,0.00012295986,0.039096285,0.00019985161,0.0023634408,0.07886319,0.0026409824,0.0008095618,0.0025811587,0.19195451,0.0008724764,0.0035411115,8.815518e-05,0.004343695,2.1642778e-05,2.720535e-05,0.00015729867,5.975279e-05,0.00060374883,1.6563963e-05,0.00037528688
722757,"Biochemistry & Molecular Biology;Chemistry, Multidisciplinary",3.5638335e-05,0.0025915676,0.011014568,0.9286147,0.010842791,0.005956646,7.2644514e-07,0.00010735948,0.0018253356,0.0008811867,0.007517623,0.8658248,0.003722103,1.2091231e-05,0.00020471544,3.333277e-05,0.0018924439,0.00265183,5.5463854e-05,8.975267e-06,2.3268976e-07,6.6802436e-06,1.4747593e-06,0.00024319135,1.2511655e-05,3.034724e-06,7.6898937e-07,3.520206e-05,0.0009017174,9.670344e-05,0.0024008227,0.0020151273,7.517311e-05,4.577552e-05,9.571684e-05,0.00014589957,6.323927e-06,7.6017466e-05,0.004157355,0.0004274981,0.00029305412,2.4561694e-05,0.0056118327,5.411863e-05,0.00024219959,1.5838501e-05,0.00027548335,1.2743654e-06,4.900962e-06,3.3331627e-05,4.86407e-06,0.000107655964,9.538044e-07,1.56872e-05
760538,Farmacología,0.012657326,0.030083135,0.09157822,0.051713083,0.11127868,0.017548257,0.0015764552,0.025584243,0.009522782,0.0578853,0.018106444,0.03118652,0.019717595,0.0024544485,0.0020796775,0.002232693,0.13921602,0.15077421,0.014031035,0.025237525,0.0014246596,0.041275486,0.040570315,0.017502118,0.008896803,0.0011693176,0.0044471463,0.017190268,0.011510245,0.090792984,0.019341888,0.031591132,0.0033037548,0.007743228,0.044828143,0.012124366,0.011994941,0.021524278,0.09830819,0.02132935,0.012460549,0.011490691,0.04874063,0.003777299,0.056474023,0.0025114552,0.019277524,0.06402857,0.003612076,0.0060584755,0.010290627,0.0071519287,0.003770481,0.072401345
760564,Parasitology,0.0076822373,0.056848902,0.0720705,0.06493596,0.025544072,0.021220125,0.002467969,0.03599678,0.055414777,0.019499429,0.032119855,0.0051448806,0.037095137,0.0011797627,0.0025302363,0.0030294636,0.019956674,0.15083806,0.00722674,0.008892027,0.0014280331,0.027331565,0.16276854,0.006802478,0.0376656,0.0031872885,0.004692491,0.010871616,0.030524509,0.027840123,0.002151686,0.033516403,0.00262752,0.021389326,0.6850014,0.020918073,0.024637396,0.009518633,0.059906643,0.029214218,0.0048515527,0.0035988637,0.08716324,0.00962753,0.017694743,0.0027879437,0.02468089,0.019196121,0.011792194,0.018080307,0.3414895,0.048131518,0.022777395,0.023910167
758463,Farmacología,0.012657326,0.030083135,0.09157822,0.051713083,0.11127868,0.017548257,0.0015764552,0.025584243,0.009522782,0.0578853,0.018106444,0.03118652,0.019717595,0.0024544485,0.0020796775,0.002232693,0.13921602,0.15077421,0.014031035,0.025237525,0.0014246596,0.041275486,0.040570315,0.017502118,0.008896803,0.0011693176,0.0044471463,0.017190268,0.011510245,0.090792984,0.019341888,0.031591132,0.0033037548,0.007743228,0.044828143,0.012124366,0.011994941,0.021524278,0.09830819,0.02132935,0.012460549,0.011490691,0.04874063,0.003777299,0.056474023,0.0025114552,0.019277524,0.06402857,0.003612076,0.0060584755,0.010290627,0.0071519287,0.003770481,0.072401345
726801,"Chemistry, Medicinal",0.010202331,0.06411238,0.086571194,0.07384587,0.047921505,0.006617727,0.0018980128,0.023499602,0.014099945,0.008772057,0.12367062,0.046222646,0.09150991,0.0030452444,0.00812245,0.002435033,0.09486614,0.09966188,0.003037591,0.011084165,0.00246596,0.008326233,0.029122248,0.010592176,0.007577966,0.0015328957,0.0017470996,0.004300692,0.008560002,0.02338564,0.008018636,0.0166233,0.0024989059,0.008646612,0.050062727,0.01735524,0.0052258,0.013872087,0.07814417,0.03367832,0.0064376597,0.005689842,0.11480008,0.0060533467,0.038538173,0.0014445949,0.007774366,0.01801884,0.0018217051,0.0038215348,0.008147713,0.014953596,0.0041993298,0.035144985
731041,Patología,0.00054474623,0.16990061,0.080371864,0.0066435067,0.055338737,0.002894527,4.318721e-05,0.00766165,0.0038048667,0.02614442,0.0048049437,0.02920811,0.015559518,0.00026554026,0.00044852763,0.0012123262,0.077906415,0.12390511,0.0008664803,0.000183659,0.00086562,0.00018952631,0.005715799,0.0019936839,0.043111313,0.0040803403,0.00041878625,0.00080911105,0.00078482594,0.088670105,0.0003537769,0.0055564735,0.001572227,0.0054499726,0.0013055515,0.138944,0.033298567,0.010554333,0.19375536,0.012301685,0.0003917511,0.0031700204,0.13563994,0.0014729083,0.106979065,8.8820365e-05,0.0028132938,0.00040616185,0.0005248344,0.0007129531,0.0009686946,0.0005970621,0.0011020413,0.024785556
726797,"Biochemistry & Molecular Biology;Chemistry, Multidisciplinary",0.00014561547,0.014921866,0.019233393,0.86506987,0.018003192,0.008936484,1.0560315e-05,0.0004881974,0.0026493075,0.0014285662,0.033741456,0.8230174,0.011901557,0.000103993545,0.0012158493,0.00045395704,0.010531824,0.011107759,0.00030763957,3.02681e-05,3.4779962e-06,1.7405482e-05,1.8618799e-05,0.0010792696,0.00015731383,3.9835344e-05,7.76131e-06,0.000110767076,0.0034639582,0.00035705883,0.006282613,0.006415412,0.00024160178,0.0002912909,0.00025349765,0.0029106394,5.4019427e-05,0.00047324382,0.015236733,0.0017859243,0.0013267886,0.00023188928,0.054932598,0.00045357703,0.001366054,9.346402e-05,0.001200496,5.270805e-06,3.1572617e-05,0.000195903,2.7734268e-05,0.0005870143,1.0904899e-05,0.00011651411
761667,Parasitology,0.007773527,0.060440037,0.09847531,0.018414347,0.04594794,0.01110219,0.0011389044,0.040502287,0.027357386,0.02911373,0.012399728,0.0067953807,0.030030977,0.0011008221,0.0019206018,0.00210504,0.04356839,0.14852108,0.007696412,0.004861213,0.0012624839,0.022792557,0.1282832,0.0058474685,0.037653558,0.0011431423,0.004035806,0.006571697,0.01569324,0.084820725,0.0016223165,0.037833184,0.0019676809,0.024755875,0.40961966,0.015201515,0.021395167,0.009685558,0.09540257,0.035927933,0.001707422,0.0046201274,0.054089412,0.00424648,0.030725589,0.0011905999,0.026334936,0.043799296,0.0059521245,0.0068749096,0.17861253,0.023999272,0.006574113,0.04520242
637291,Parasitology,0.0054870904,0.049182937,0.097293645,0.023500266,0.12458944,0.010607808,0.0019354932,0.017445689,0.07691692,0.032274194,0.011590669,0.006859027,0.05161588,0.000814719,0.0012295025,0.00087932247,0.03772607,0.12981075,0.0029123947,0.022118077,0.001285029,0.02064281,0.061985824,0.009846239,0.025516275,0.0030439359,0.007217984,0.009187853,0.0061868182,0.07514952,0.0006983145,0.006252647,0.007214356,0.01792299,0.16357836,0.01931745,0.033450093,0.010011837,0.05027237,0.022932358,0.0016697723,0.0032965667,0.04056988,0.0055623553,0.04585696,0.00052199594,0.00533874,0.031850975,0.004952,0.008496069,0.043176465,0.0090199625,0.013525605,0.07453789
659821,"Chemistry, Multidisciplinary",0.00010913527,0.01598314,0.03436575,0.020876281,0.013560803,0.00020595771,1.4956636e-06,0.0006967464,0.0012923653,0.0017006292,0.006121026,0.92897964,0.018388992,0.0002269066,0.0029362012,0.00018547336,0.012568268,0.0020449455,0.0002664428,3.8822523e-06,2.6949323e-05,4.150127e-06,1.3100119e-05,0.0005383593,0.0001470266,5.6741446e-05,4.3059113e-06,4.230472e-06,0.0052367,0.0037911658,0.001111934,0.0039807623,0.0005154388,0.0042219837,1.3107655e-05,0.0007324266,3.7813053e-05,0.00075951027,0.057677034,0.002707385,3.9781244e-05,0.00013527469,0.011410812,0.00070892356,0.0018038179,5.7029843e-06,0.00088054076,9.9667945e-05,1.1523741e-06,1.8579652e-06,7.6682345e-06,9.0682646e-05,6.066859e-07,0.0015157663
666774,Biochemistry & Molecular Biology,0.00097392086,0.0058809076,0.0765973,0.9853329,0.06065809,0.16828221,6.277541e-05,0.0006494955,0.11061368,0.025186263,0.02704213,0.2301619,0.03330455,0.0002531158,0.00054566603,3.0387431e-05,0.00082007743,0.0036250665,0.00034465926,0.006513699,6.458931e-05,0.0010189124,9.44103e-05,0.003937275,0.0004372052,0.00022022994,0.00011519298,0.013623986,0.0011387201,0.00038787362,0.0029003161,0.004899002,0.0033609055,0.0003130916,0.0061585195,0.0014456828,0.0013299395,0.00043241374,0.0028206098,0.0033012764,0.0016827781,9.8602846e-05,0.0056317127,0.002086108,0.0027362667,0.0005910669,0.0012217335,2.0122861e-05,0.00082603004,0.0033569178,0.00031614475,0.0007311647,0.00021572529,0.00029458138
688719,Biochemistry & Molecular Biology;Cell Biology,2.0049078e-05,0.0005282782,0.010065394,0.9100815,0.0037812195,0.019684695,2.012134e-07,4.693492e-06,0.9364967,0.00044288373,0.0009389051,0.0036208252,0.0043233205,2.6728003e-06,2.7870681e-05,5.5320504e-07,7.665814e-06,0.00029892358,6.732167e-07,0.00031301606,8.150242e-07,0.00021570905,4.1109724e-06,3.904086e-05,3.6285528e-05,1.875486e-05,1.7073747e-06,9.323048e-06,0.00032606197,9.942309e-06,7.803749e-06,5.5363715e-05,0.00027085692,0.00016101173,0.012153792,1.5777478e-05,0.0001924573,3.4975823e-05,4.7668556e-05,6.6198314e-05,9.2312774e-07,4.3352634e-07,0.00017627726,6.4858104e-05,3.8198905e-05,6.0517476e-07,2.0813477e-05,1.8461157e-06,7.758409e-06,5.461812e-05,0.00013925646,4.577456e-05,4.052322e-05,5.582794e-06
659453,"Biochemistry & Molecular Biology;Chemistry, Multidisciplinary",0.00028157595,0.0033981425,0.030788934,0.8869294,0.014000341,0.006318824,1.3643857e-05,0.00028742483,0.00528294,0.0024192526,0.020014701,0.63103986,0.022832433,0.00032907398,0.0009767109,5.035135e-05,0.0026659667,0.0011480231,0.00018129587,0.00046298341,8.029426e-06,5.6885183e-05,7.658733e-06,0.0008942624,6.837779e-05,7.8846235e-05,1.012216e-05,0.00010050466,0.0045409915,0.0003229546,0.010458561,0.0016076533,0.00026947734,0.00024153243,0.00044454768,0.00081283157,0.00013450375,0.0002359686,0.005450727,0.00076535903,0.0015245178,6.1372506e-05,0.0060026343,0.00076601864,0.0009871281,4.8956845e-05,0.00046454946,1.6146554e-05,1.4535686e-05,0.00011546769,2.2978247e-05,0.00032162754,1.1597232e-05,0.00023479531
682329,Biochemistry & Molecular Biology,8.826779e-06,0.00021770086,0.019714158,0.9993402,0.0049829227,0.038292877,1.1062555e-07,1.1264206e-05,0.0068908343,0.00058269524,0.009311473,0.030623619,0.008073115,2.7643505e-06,4.8085353e-06,1.0169555e-07,1.4591227e-05,0.00013310993,1.276707e-06,0.00019784662,1.2914838e-07,2.6002995e-06,1.9729862e-07,5.1545136e-05,5.0422136e-06,1.1185684e-06,1.3439018e-07,0.0003454489,1.0449076e-05,1.134361e-06,0.00018469685,6.3098494e-05,1.2166889e-05,6.920981e-07,0.00046258,6.891392e-05,2.7159362e-05,2.4856215e-06,7.286643e-05,6.087693e-05,6.4006694e-05,4.0394883e-07,0.00053428585,1.3029364e-05,5.4917593e-05,3.875734e-06,5.223094e-06,1.6107249e-08,3.5160183e-06,4.1780775e-05,8.4372823e-07,1.8581051e-05,2.1067717e-06,1.0060952e-06
631324,"Chemistry, Multidisciplinary",0.000823709,0.02690005,0.062082753,0.022337275,0.06290901,0.0057313093,9.937042e-05,0.010160321,0.0050973087,0.008432591,0.025928538,0.12542467,0.024083588,0.00020007143,0.0015920775,0.0018304548,0.047272153,0.096944995,0.002272539,0.00024295658,0.00018564798,0.0002644682,0.0054638926,0.0028752144,0.002836232,0.00096414424,0.0002187704,0.0017387973,0.0020599107,0.021938836,0.001084345,0.004987069,0.0051656165,0.0050305,0.0054662433,0.0118384585,0.002360333,0.0045455415,0.10011546,0.021777486,0.0018385077,0.003808836,0.022881621,0.00152135,0.015917016,0.000108494125,0.0017533094,0.0051464625,0.00026136916,0.00045903522,0.0017384792,0.0020514238,0.0014596345,0.012223386
633155,Farmacología,0.00045835026,0.0723022,0.014813698,0.0006132273,0.03692521,0.00047927623,4.3895532e-05,0.007635237,0.0023631318,0.004599549,0.013930423,0.016216611,0.003213179,9.511459e-05,0.00079541525,0.0073177814,0.14239477,0.23982377,0.0014981956,4.2912765e-05,0.00017459261,0.00021784745,0.06269505,0.0013468676,0.015751423,0.00108001,0.0002583035,0.00072768424,0.0018471007,0.05715229,0.00028510965,0.0074789105,0.0018385613,0.015087947,0.0035359059,0.022273907,0.0014194997,0.010389129,0.14478427,0.012565386,0.0009919895,0.012636491,0.047725763,0.001549242,0.019102877,8.064355e-05,0.0039577577,0.007379984,0.00048675583,0.00059984194,0.00538863,0.0010195106,0.0013119653,0.018994667
685894,"Chemistry, Multidisciplinary",0.0028721937,0.014568162,0.01109579,0.060643863,0.06730466,0.0009869203,0.00093190407,0.008119681,0.0007741743,0.017705048,0.028213287,0.64936227,0.014835119,0.004153752,0.017424922,0.015789786,0.11059157,0.013186069,0.009552286,0.0021242304,0.00038863535,0.0002492076,0.0004086202,0.011594909,0.0007487783,0.0012961058,0.0007132518,0.0015260779,0.014230516,0.022112526,0.097187765,0.005976777,0.0050062737,0.0060835024,0.00010835031,0.0029473843,0.00018621229,0.002461617,0.09523138,0.0054928544,0.008590556,0.0089748865,0.019063197,0.0026285923,0.017360227,0.000814891,0.005835619,0.0070106527,8.8131404e-05,0.00016179941,6.799248e-05,0.0013718309,6.139715e-05,0.014118138
770960,"Biochemistry & Molecular Biology;Chemistry, Multidisciplinary",9.9727895e-06,0.0017219195,0.014074851,0.9880519,0.011682435,0.0059966967,2.8520432e-07,2.0867956e-05,0.0023387757,0.00046463587,0.014075103,0.71077764,0.0070772725,4.3890077e-06,5.7091638e-05,3.406688e-06,0.00032231206,0.0008526917,7.863963e-06,1.2408478e-05,8.41338e-08,1.0308461e-06,2.0953853e-07,0.00014866571,5.28635e-06,2.6805321e-06,4.5845655e-07,4.4727887e-05,0.00012819764,1.8505365e-05,0.0005381371,0.00035677693,4.092435e-05,7.44363e-06,3.21317e-05,0.00020029095,6.449307e-06,1.7222075e-05,0.0015621776,0.00014210626,0.0002748514,4.2872925e-06,0.0044552516,4.8501446e-05,0.0002009298,3.2231803e-06,3.7097696e-05,7.1732956e-08,1.9026642e-06,3.5323996e-05,5.0376724e-07,2.5353165e-05,7.0543297e-07,5.775742e-06
775449,Biochemistry & Molecular Biology,2.3576702e-06,2.0796118e-05,0.001476978,0.9997677,0.0020492822,0.008438601,2.7253967e-07,1.3467837e-06,0.010074159,9.5376985e-05,0.018765904,0.0032506415,0.0064195073,8.2264967e-07,3.442742e-06,3.2048124e-08,6.8672e-07,2.0379253e-05,1.2498131e-07,0.0022874777,2.2861165e-08,3.8670805e-07,2.3813463e-08,1.9809457e-05,2.817789e-07,1.1247931e-06,5.714133e-08,0.00018340122,4.1171434e-06,7.839636e-08,0.00011426699,1.4521793e-06,1.4837011e-05,9.86378e-08,0.00014471603,3.7833438e-06,1.4385085e-06,2.987721e-07,4.8973875e-06,1.0203348e-05,2.650765e-05,6.025285e-08,6.7413996e-05,5.434244e-06,9.022639e-06,9.979934e-07,2.3271994e-07,1.0459658e-08,4.48044e-07,1.1517609e-05,8.83538e-08,4.9629098e-06,1.2999884e-06,1.7035237e-07
775474,"Biochemistry & Molecular Biology;Chemistry, Multidisciplinary",3.934687e-05,0.0055471775,0.02611347,0.9725687,0.010079267,0.012034024,1.0394444e-06,0.00012654731,0.0022305895,0.00085872825,0.01821842,0.6018977,0.007401651,1.8097619e-05,0.0001285475,2.3097235e-05,0.0016904859,0.0032679446,3.9490165e-05,1.7647435e-05,6.597959e-07,6.596199e-06,2.9556343e-06,0.00027727569,5.1387102e-05,9.865793e-06,1.4053852e-06,7.785523e-05,0.0003337551,7.333319e-05,0.0014422252,0.0018771876,4.942066e-05,3.1899446e-05,0.0002006587,0.0013970335,4.811714e-05,8.432051e-05,0.0041845622,0.00056623464,0.000584439,2.3272905e-05,0.018837597,0.0001018653,0.00061913935,1.8788369e-05,0.00021459922,3.2252024e-07,1.4823787e-05,0.0001572309,5.8210135e-06,0.00014372903,4.6897962e-06,2.0344338e-05
769726,Rheumatology,0.003521105,0.00732125,0.040511712,0.025509944,0.04381759,0.0016905593,0.000285436,0.014733549,0.0014549294,0.008091437,0.009350491,0.03242578,0.023130778,0.00069545343,0.0019271034,0.00040199878,0.034218807,0.03564567,0.0022806688,0.006245845,0.00021277757,0.003048335,0.0020438177,0.0036598637,0.0007774156,9.1043694e-05,0.0004077686,0.0021261612,0.001967091,0.029456126,0.0063829687,0.004406392,0.00091228896,0.0014900125,0.010103442,0.0014383683,0.0006625705,0.0036128345,0.04522099,0.010050695,0.0007591514,0.0020179485,0.00844686,0.00032348986,0.013667135,0.00015584678,0.0032194697,0.0801676,0.00011666587,0.00018712554,0.0007026738,0.0022020505,0.00024496185,0.027878279
758263,Patología,0.000111246474,0.0036926337,0.00845558,0.0006176076,0.061062694,8.877497e-05,1.2401569e-05,0.0013242738,0.00027938563,0.0075097247,0.0008902272,0.06413987,0.006392547,6.134792e-05,0.00026857035,0.00029494334,0.034987636,0.017218132,0.001369624,3.9716353e-05,1.2721911e-05,3.262682e-05,0.00026190747,0.00083280716,0.00019756272,3.379145e-05,5.1070438e-05,5.791256e-05,0.0046661724,0.024200559,0.00063619734,0.0013085846,0.0005594949,0.004962069,0.00016964176,0.00023928203,4.1987594e-05,0.0006331261,0.09628136,0.0009823331,0.00010099223,0.00046686924,0.0023657624,0.00012504993,0.002798342,5.676965e-06,0.00047914014,0.025881764,2.2743293e-06,2.1834624e-06,6.617969e-05,0.00010999449,5.215344e-06,0.009681983
774020,"Chemistry, Organic",0.0025017539,0.022309281,0.114407696,0.123804435,0.12653899,0.014312758,0.0010668468,0.012967969,0.036279395,0.014664494,0.07873846,0.029550679,0.13657337,0.00047900082,0.0022999623,0.00053631474,0.018310595,0.059610058,0.001715301,0.014401762,0.0011252261,0.0020192869,0.0095076915,0.0066689877,0.0026415514,0.0026878512,0.001644858,0.014860423,0.0019199308,0.01302771,0.00094166625,0.0034522796,0.014955352,0.004010164,0.028648663,0.008173522,0.005270306,0.004765463,0.033367835,0.025816372,0.0032290092,0.001882005,0.025976304,0.003561695,0.028351467,0.00029548348,0.0017430509,0.009169912,0.0010630246,0.0022810888,0.0034564782,0.003912491,0.008416482,0.02445145
772747,Análisis cromatográfico,0.002961159,0.17251717,0.12497053,0.0076089185,0.14517502,0.0054529686,0.0004395543,0.012656354,0.015039663,0.040893212,0.02605986,0.018871672,0.040862836,0.0013664295,0.0013954929,0.0024360165,0.15101938,0.14186601,0.0034537204,0.0018157924,0.0061241593,0.001910917,0.059770133,0.0094347205,0.054197233,0.010390825,0.0025749053,0.0058612144,0.0038556824,0.096773714,0.001165521,0.017423356,0.0051752306,0.019014025,0.008590377,0.08417436,0.04148578,0.021925455,0.1600783,0.01613039,0.003740826,0.007665882,0.13677959,0.01183451,0.14260118,0.0005451155,0.0074853827,0.0031691962,0.0023636085,0.0032237773,0.005531822,0.0022073404,0.0072239973,0.07262065
770963,Biochemistry & Molecular Biology,2.3576702e-06,2.0796118e-05,0.001476978,0.9997677,0.0020492822,0.008438601,2.7253967e-07,1.3467837e-06,0.010074159,9.5376985e-05,0.018765904,0.0032506415,0.0064195073,8.2264967e-07,3.442742e-06,3.2048124e-08,6.8672e-07,2.0379253e-05,1.2498131e-07,0.0022874777,2.2861165e-08,3.8670805e-07,2.3813463e-08,1.9809457e-05,2.817789e-07,1.1247931e-06,5.714133e-08,0.00018340122,4.1171434e-06,7.839636e-08,0.00011426699,1.4521793e-06,1.4837011e-05,9.86378e-08,0.00014471603,3.7833438e-06,1.4385085e-06,2.987721e-07,4.8973875e-06,1.0203348e-05,2.650765e-05,6.025285e-08,6.7413996e-05,5.434244e-06,9.022639e-06,9.979934e-07,2.3271994e-07,1.0459658e-08,4.48044e-07,1.1517609e-05,8.83538e-08,4.9629098e-06,1.2999884e-06,1.7035237e-07
731144,Biochemistry & Molecular Biology,8.9521683e-07,9.399515e-07,0.0004664386,0.9999657,0.0002054591,0.011089127,5.089171e-08,1.7287647e-06,0.00037851994,1.5372158e-05,0.0029553305,0.0025041148,0.0005036319,1.0305123e-07,3.3622973e-07,1.7808224e-09,4.360686e-08,1.080945e-06,7.735425e-08,0.00056344515,1.466844e-09,3.698552e-07,2.8826812e-09,3.1667882e-06,2.2301707e-08,5.932537e-09,4.5588484e-09,0.00017972667,4.7393743e-07,3.201487e-09,0.0001440001,4.778528e-07,8.887426e-07,4.5439688e-09,9.626173e-05,3.402885e-07,1.1056332e-07,1.69621e-08,2.4814548e-07,2.9236724e-06,1.02247395e-05,4.0990544e-09,4.5395673e-06,3.585358e-07,1.1016049e-06,5.2761385e-07,8.586163e-08,1.5586472e-09,9.315321e-08,1.8381469e-06,3.82543e-08,2.4951264e-06,6.245642e-08,1.0902371e-08
768778,Biochemistry & Molecular Biology,0.0003912378,0.0007782288,0.024578618,0.98113763,0.0006074081,0.013313341,5.7569955e-06,0.0013512226,0.0065696365,6.484976e-05,0.04433939,0.026507393,0.019220762,2.6921067e-05,0.00044894294,7.5294765e-06,5.5334523e-05,0.0015676491,4.4723238e-05,0.00029540036,2.2783845e-06,0.00026653046,2.4171803e-05,8.310253e-05,2.7271639e-05,3.8831035e-06,1.0606333e-06,0.00011052029,0.00043094813,1.4907685e-05,0.0015946847,0.0007897978,2.7996042e-05,2.378336e-05,0.16188508,0.00013924105,4.487238e-05,6.7306915e-05,0.000444352,0.00211903,0.00015066205,6.9196544e-06,0.0019589448,4.032192e-05,5.8647667e-05,3.846623e-05,0.00014258568,4.3201835e-05,4.4208206e-05,0.00014706992,0.00056571816,0.0043514087,9.271977e-05,1.7774142e-05
747932,"Chemistry, Multidisciplinary",0.00013421521,0.16063994,0.014291617,0.007639086,0.005589048,0.00026017925,8.349693e-06,0.0027966008,0.0012858248,0.0011280697,0.027433388,0.40477902,0.0074826027,0.00023625923,0.002385308,0.004593272,0.06012413,0.069844365,0.00030329652,5.6700014e-06,0.000105181236,1.3898591e-05,0.0011702564,0.0010088701,0.008288403,0.0009931722,3.677396e-05,3.3134977e-05,0.0015014984,0.008684898,0.00069745025,0.005814282,0.00041960727,0.004399323,0.00019847088,0.119379856,0.0011229469,0.003924613,0.17144608,0.007084514,0.00036926038,0.0024913412,0.28992993,0.0026719605,0.009913741,4.695494e-05,0.0020307184,7.0974784e-05,5.3603464e-05,0.00015224237,0.00024518708,0.0004705099,0.00010316524,0.0024786466
747959,Rheumatology,0.00039821517,0.001508698,0.0043380978,0.000109011184,0.030922387,3.02612e-05,0.00017956119,0.0045547686,7.240056e-05,0.0009992269,0.0059794234,0.0002588419,0.007958742,3.0569416e-05,0.00010798209,0.00023704942,0.023166785,0.032711614,0.0016845446,0.00087409065,0.00011051144,0.00019946344,0.014836534,0.00083688775,0.0003748312,9.980985e-05,0.00021663759,0.0016562231,0.00042783673,0.014814185,0.00013046128,0.0002585839,0.00033596618,0.0014888758,0.010145266,0.0003928742,0.00013504156,0.0008439272,0.041208763,0.00173938,0.00072080304,0.0007457526,0.0016380388,0.00021087822,0.0053842408,1.030512e-05,0.00016269113,0.20732524,2.1064257e-05,2.8834507e-05,0.000811722,0.0005220173,0.0005139075,0.032725126
747925,"Chemistry, Multidisciplinary",0.00046858215,0.03147704,0.095538355,0.078386,0.04302822,0.0030525462,5.3637927e-05,0.0018398481,0.037382234,0.0029511496,0.03893031,0.22019365,0.120874725,0.00030004396,0.0018901664,0.00017826536,0.012746532,0.013389012,0.00020125748,0.00041458692,0.00017575428,0.00013047883,0.0006067942,0.0015898469,0.0010343341,0.0006241919,9.29424e-05,0.00011009134,0.004694897,0.0041646375,0.00037448792,0.0021602209,0.0018077561,0.0047229193,0.0036884383,0.004171654,0.0011296435,0.0015820294,0.03630823,0.0061640153,0.00021889328,0.00021251336,0.0328646,0.0027757077,0.0065329205,2.9295246e-05,0.00059623126,0.0005002326,3.473146e-05,0.00013627237,0.0005848115,0.0011216796,0.00026786356,0.0043965294
747178,Biology,0.0011332688,0.005827519,0.010356921,0.0018757124,0.18875669,0.00091272115,0.0015687422,0.011069017,0.0014567524,0.010885361,0.014042875,0.0046261135,0.013021489,0.00015808508,0.000924701,0.0010794798,0.008706123,0.021918135,0.021210358,0.0020212943,0.001754713,0.0006430504,0.009438362,0.013896863,0.0008397715,0.0012236465,0.0039376095,0.13242403,0.0003630418,0.025531985,0.0005735502,0.0009312442,0.05807014,0.004942908,0.0012278863,0.001946031,0.0007633007,0.001242801,0.048772167,0.008155227,0.0041347276,0.005602312,0.0016974886,0.0014749512,0.016371105,0.00010509701,0.0007940298,0.083552256,0.00042815987,0.0003548309,0.00044459477,0.000573225,0.0018494716,0.025642728
748042,"Chemistry, Multidisciplinary",8.249796e-05,0.0047785477,0.027072668,0.1921297,0.072670974,0.0020110128,9.827752e-06,0.0002227317,0.021649871,0.0061343643,0.010259163,0.27103347,0.06995028,3.9733433e-05,0.0003025586,1.8554541e-05,0.0021709132,0.0057335077,6.055154e-05,0.0006444941,6.525577e-06,2.1524178e-05,2.3279563e-05,0.0008303448,6.199106e-05,0.00018210737,2.2177132e-05,0.00013648212,0.0016644691,0.0016374764,0.00023721854,0.00042435553,0.0018818446,0.0005341091,0.00054002367,0.0005065425,0.00014563811,0.00020881278,0.011377419,0.0010534263,0.00010301465,5.8216054e-05,0.004081711,0.00048022607,0.0018334237,5.236021e-06,0.000119418415,0.00017763267,5.825834e-06,3.106249e-05,4.6707304e-05,7.0947644e-05,3.0758816e-05,0.0019236158
764717,Parasitology,0.0008160632,0.0017945229,0.03519388,0.03863582,0.009625831,0.0009059363,0.00011513148,0.005911114,0.0034015032,0.00038345845,0.022314634,0.0009779357,0.05362503,3.799418e-05,0.00022369217,1.5767113e-05,0.0013435801,0.010282648,0.00014155055,0.0066711926,8.8242494e-05,0.00088633545,0.0020931868,0.0005476765,0.00023241965,5.8275982e-05,0.000104737446,0.0013380593,0.00011885585,0.0014164088,0.00010500475,0.00018422953,0.00031874565,0.00017873784,0.07855961,0.00058007153,0.00052615546,0.00040556336,0.0048956163,0.0060836235,0.00014705982,8.5965716e-05,0.003878422,0.00015886889,0.003246065,1.3987348e-05,0.00011025261,0.011262049,5.2772863e-05,0.00016010832,0.0010237289,0.0017914454,0.0015890532,0.006088287
764349,Patología,0.0013822411,0.17817278,0.05102529,0.0075074895,0.07827174,0.0017131671,0.00028459416,0.0075748395,0.011581325,0.02051653,0.022120828,0.077655844,0.038988303,0.0013393819,0.003012561,0.004395269,0.1308528,0.13823922,0.0018095883,0.0006114991,0.0012736529,0.00039738315,0.014649117,0.0050053117,0.03081201,0.0077116527,0.0008906182,0.0005894843,0.011084248,0.06814202,0.0011508798,0.012477454,0.0027645756,0.028138772,0.0048306407,0.07315917,0.009621694,0.010974845,0.21237327,0.011349402,0.0012153243,0.0056445687,0.15295456,0.010158783,0.047726702,0.00023788578,0.005588817,0.0032460666,0.00048133533,0.0009788828,0.0036584698,0.0025445062,0.0014389355,0.04855418
766646,"Biochemistry & Molecular Biology;Chemistry, Multidisciplinary",0.0006860547,0.011870621,0.01811592,0.5346823,0.025308266,0.0021719218,8.433739e-05,0.000967225,0.002291776,0.0031298315,0.037052196,0.90262806,0.02367308,0.0010430072,0.006724976,0.0008167571,0.023439731,0.0039790464,0.000939734,0.00038513946,3.070108e-05,6.891845e-05,3.0652347e-05,0.0030473932,0.00015543288,0.0002479933,3.9110586e-05,0.00010793298,0.01917065,0.0017569903,0.03241558,0.0044983416,0.0007389016,0.0014740729,0.00013900544,0.0019185691,9.099536e-05,0.0009103613,0.029397886,0.0021818285,0.0034236459,0.00057208724,0.02409031,0.0019561083,0.002462583,0.00015516084,0.0019811436,0.00012843612,2.1903761e-05,0.00013009433,3.2749296e-05,0.00060490915,1.0331717e-05,0.0012877771
764715,Biochemistry & Molecular Biology,0.0004036835,0.0045567993,0.03128215,0.270053,0.008218111,0.0007118085,8.187848e-05,0.0036941902,0.0021441458,0.00018258324,0.17878966,0.06360208,0.21657333,9.227461e-05,0.0020428863,4.2410495e-05,0.0012216497,0.0040994133,9.412103e-05,0.0013154174,4.2891654e-05,3.202634e-05,0.00012905756,0.00043022842,5.419553e-05,9.451362e-05,1.4899015e-05,0.00017731282,0.0006251382,0.00036635797,0.00062415435,0.00026760524,0.0003559556,0.00023004347,0.007095296,0.00069138466,5.9474685e-05,0.0001939023,0.008901156,0.0055082836,0.00020810579,7.021039e-05,0.010322501,0.000292531,0.0010052919,1.3304967e-05,9.357817e-05,0.00088565965,8.212628e-06,3.167712e-05,0.00016405669,0.001080095,0.00014259329,0.0015904504
764692,"Biochemistry & Molecular Biology;Chemistry, Multidisciplinary",0.00027079319,0.0027910927,0.00837163,0.935874,0.010336422,0.0037537976,6.301743e-05,0.00037866842,0.0014063845,0.000837943,0.034789883,0.86218065,0.008085863,0.00036767003,0.0024928798,0.0001705726,0.0029394876,0.0006949923,0.00037448847,0.00032486365,4.9595933e-06,4.222752e-05,4.9100286e-06,0.0013639358,2.8453775e-05,2.6154701e-05,1.4803302e-05,0.00014342649,0.00706962,0.00014359999,0.035303902,0.0016101701,0.0002973713,0.00019070931,7.764222e-05,0.00045793256,1.4858872e-05,0.00016840658,0.0034827457,0.00051712606,0.003961354,9.7813376e-05,0.0071419403,0.00076472806,0.00063982775,0.00011479701,0.00072473707,1.2594327e-05,9.692548e-06,0.000106057756,7.211575e-06,0.00040541278,2.467224e-06,0.000108566775
764665,"Biochemistry & Molecular Biology;Chemistry, Multidisciplinary",0.00025608332,0.0024891591,0.009617066,0.94174474,0.008060466,0.0039165085,3.8182443e-05,0.00036981577,0.0014255486,0.000752356,0.029481517,0.8224541,0.008164315,0.0002923183,0.0018377719,0.000102533064,0.0022094029,0.00067107,0.00030143373,0.0002788967,4.0678237e-06,4.7671056e-05,4.2570127e-06,0.0010801639,2.643691e-05,1.8162282e-05,1.0121436e-05,0.000110823166,0.005567216,0.0001277219,0.0279038,0.0016032029,0.0001993602,0.00015165948,0.00011093916,0.00039567155,1.5719954e-05,0.0001457558,0.0030534996,0.0005196133,0.0024738128,6.9747344e-05,0.006475682,0.00052092253,0.0005118869,9.218033e-05,0.0006434437,1.2042335e-05,9.464699e-06,9.6299096e-05,7.863866e-06,0.00038425066,2.179042e-06,9.272888e-05
766638,"Chemistry, Multidisciplinary",0.0037006016,0.012414129,0.07079002,0.08353582,0.054563988,0.0068101813,0.00018792585,0.01930068,0.004419786,0.008338699,0.018714283,0.11302859,0.022368183,0.00047776938,0.002703088,0.0004305154,0.023584737,0.047379773,0.0025874872,0.001993345,0.00023799672,0.0034037088,0.0022737903,0.0053847977,0.0007851072,8.663635e-05,0.00035956508,0.00561863,0.0011897931,0.018114192,0.0047809477,0.009792357,0.0021881554,0.001580468,0.007762805,0.0022040084,0.0008794624,0.004201701,0.04933346,0.025313925,0.0012224698,0.003075449,0.014745978,0.00046127863,0.012719827,0.00021804405,0.0048763617,0.026207287,0.00031152248,0.0005144297,0.0009064578,0.0028885857,0.0003831159,0.012388188
724901,"Biochemistry & Molecular Biology;Chemistry, Multidisciplinary",0.00022879356,0.0025713001,0.005437697,0.44199076,0.008132617,0.0007489035,2.2161972e-05,0.0002949931,0.00026032043,0.0034150046,0.005669737,0.8874206,0.0024362667,0.0013811252,0.0018379365,0.0009810396,0.027079072,0.0010555967,0.0008342957,8.796029e-05,6.340655e-06,1.628589e-05,6.1681276e-06,0.00091087155,0.0001422775,0.00015093066,1.0112348e-05,2.663676e-05,0.017659552,0.0010190586,0.08678391,0.002065526,0.00018664051,0.0007265281,1.7790338e-05,0.0017110425,6.384222e-05,0.00022089113,0.014088522,0.00035586196,0.005983736,0.00032009743,0.006647539,0.0009748525,0.0017159627,9.107357e-05,0.00126028,1.7252996e-05,4.6507e-06,3.8732553e-05,5.0587487e-06,0.0003039939,2.431254e-06,0.00039676216
731141,Biochemistry & Molecular Biology,1.1242107e-06,1.3005379e-05,0.0015409515,0.9993596,0.00046641642,0.009888507,7.341904e-09,2.437187e-07,0.17257763,4.080417e-05,0.0007284297,0.008192546,0.000710852,4.6983862e-07,3.0558515e-06,8.466936e-09,1.9542244e-07,8.758265e-06,2.0065652e-08,0.00013097258,5.5236615e-09,2.0208931e-06,5.2390616e-09,3.3458987e-06,1.5865282e-07,1.0964246e-07,1.0715303e-08,3.2448313e-06,8.493322e-06,7.386137e-08,4.6131576e-05,2.5650613e-06,8.25422e-06,2.3998112e-07,0.00018691548,3.8592404e-07,1.2164221e-06,4.844604e-07,1.8545521e-06,4.2737106e-06,1.0313328e-06,1.6874328e-08,6.605938e-06,1.7467707e-06,1.3918137e-06,1.4727028e-07,2.969876e-07,6.893227e-09,1.06249246e-07,2.4300462e-06,1.5216935e-07,2.1159412e-06,2.0221488e-07,3.5616342e-08
735877,Patología,0.000124658,0.07364569,0.003940871,0.00016147575,0.0056358934,3.654312e-05,4.8044144e-06,0.0028962842,0.00021151736,0.0012184161,0.0033816337,0.12336151,0.000819217,0.00016555283,0.0014043776,0.023520809,0.18201698,0.12363361,0.0011389169,7.9946216e-07,3.0643692e-05,1.5266634e-05,0.005410797,0.000663196,0.0077855918,0.00014141202,2.5271456e-05,2.3672392e-05,0.0027295013,0.036684334,0.000746736,0.014084422,0.00019797041,0.014710157,0.0003133514,0.018412152,0.00015626746,0.0034989896,0.22458309,0.0043128952,0.00017820878,0.015826076,0.054365303,0.00074871734,0.0030870873,4.2187912e-05,0.0076726605,0.0015441522,3.2802527e-05,4.742299e-05,0.00060077565,0.0004922757,2.7658594e-05,0.002626007
775817,Patología,0.00051865657,0.13686445,0.056548513,0.003842367,0.15972184,0.00229352,5.858294e-05,0.0044947704,0.009068388,0.031771712,0.012966607,0.04845031,0.020309487,0.00027193438,0.00086954836,0.0019318885,0.12829426,0.17902327,0.0013220835,0.00019831255,0.00064165797,0.00019613998,0.013110062,0.0033157284,0.018744003,0.0046536955,0.00045116915,0.0014460153,0.0027026746,0.08932309,0.00041449664,0.009203131,0.006027446,0.014679116,0.0013313087,0.047025263,0.00743872,0.013149203,0.20559697,0.0083962595,0.0008995022,0.00552087,0.0803074,0.0031195707,0.054162994,9.7565586e-05,0.0037120536,0.0018835858,0.00039477955,0.0005112094,0.0013084495,0.00050522224,0.0012515015,0.0331445
756358,"Biochemistry & Molecular Biology;Chemistry, Multidisciplinary",0.0024296318,0.016897587,0.07289108,0.49441326,0.04851935,0.014874657,0.00011027964,0.0035840538,0.0039387415,0.025354568,0.019217972,0.58311987,0.022717468,0.0018223589,0.002520344,0.0007038601,0.06745897,0.012887091,0.0025733002,0.0020777073,0.00012216526,0.0012315133,0.00026078772,0.0065232897,0.0008956378,0.00034339455,0.00014451222,0.0007906416,0.011192002,0.007842477,0.04130035,0.01669482,0.000830134,0.0019242064,0.0012500981,0.00572553,0.0013022808,0.003092557,0.038757566,0.005301292,0.004220992,0.0015225941,0.03772227,0.0014974639,0.012531706,0.00054289645,0.006684297,0.00052240555,0.00021721567,0.0007750811,0.00020040767,0.0012535702,7.640403e-05,0.0038738232
756350,"Chemistry, Multidisciplinary",0.009065054,0.03220888,0.102626935,0.17813239,0.071771,0.0068125785,0.0015503163,0.017294573,0.0044867164,0.014185296,0.09011656,0.1851431,0.09653853,0.006550022,0.011705983,0.0015599865,0.09699416,0.022988433,0.003849212,0.018720023,0.0020331338,0.0037831077,0.0024956688,0.014637427,0.0018167407,0.0011189976,0.001153348,0.0059047486,0.0075806025,0.01851129,0.03577143,0.011753847,0.0039648777,0.0032741507,0.0038424144,0.008809621,0.0020054833,0.010207442,0.04875043,0.015932493,0.008586825,0.0044502188,0.049106285,0.0040178807,0.040214214,0.0011457948,0.007986834,0.0072642146,0.00054702576,0.00092659716,0.0004986185,0.0042940537,0.00066199363,0.028412713
753830,Rheumatology,0.0014801981,0.0027835486,0.019003298,0.03022215,0.0426874,0.00090039644,0.00048207483,0.005287992,0.004186788,0.00359753,0.012448792,0.0063819974,0.04403809,0.00016027235,0.00064470695,8.032182e-05,0.005738389,0.019559475,0.0007333806,0.03155543,8.922069e-05,0.002016809,0.0016173712,0.0023150656,0.00025894013,0.00019855492,0.00048678202,0.0019188338,0.0017882796,0.008577732,0.0010848633,0.000558576,0.0013735258,0.00089950004,0.021988917,0.00052209594,0.0003665501,0.0011023888,0.013687694,0.003346254,0.0004726505,0.0004227276,0.0050930995,0.00038307314,0.004979871,4.7149406e-05,0.0005054578,0.06783334,6.148585e-05,0.00017190576,0.0009937712,0.0009825455,0.0005233642,0.025367064
771983,"Chemistry, Multidisciplinary",0.0009427867,0.010736039,0.007819421,0.007090621,0.0018535869,6.9200374e-05,1.6590933e-05,0.025521886,0.00094457186,5.9899692e-05,0.037486557,0.28794718,0.016908737,0.00017047944,0.046077713,0.0010349486,0.00456844,0.014205841,0.00016764972,9.265823e-06,5.105247e-05,5.7189445e-05,0.0002072624,0.00021688828,9.017414e-05,2.9171972e-06,3.3679403e-06,1.549717e-05,0.000783376,0.0021761078,0.0013192176,0.0052045966,0.00025039937,0.0037984503,0.0037028189,9.777412e-05,4.2263387e-06,0.0007309808,0.02678296,0.027240677,7.2535245e-06,0.00084223005,0.004151496,3.043665e-05,0.00032104424,1.4621383e-05,0.0011012653,0.0659482,5.0853378e-06,5.44531e-06,0.00033397757,0.0038747962,5.563002e-06,0.00093852374
772757,Patología,0.00041835912,0.2098692,0.025529578,0.0018539734,0.030185478,0.0004304305,2.5688565e-05,0.0054364307,0.0037867776,0.005993696,0.020734731,0.25628084,0.009646144,0.00052768935,0.0036807917,0.007563642,0.14830022,0.16515392,0.0019321073,1.5416217e-05,0.0002758563,0.00010451157,0.009522373,0.0025421884,0.011091291,0.0007476015,0.00012665379,0.00010997991,0.0091888085,0.05162481,0.0010727375,0.037143186,0.001079612,0.02869576,0.0010283716,0.027466364,0.00083838427,0.008893751,0.27582702,0.01154879,0.00043629322,0.0069152894,0.16163702,0.0042839036,0.011745791,0.00010781849,0.012615548,0.0021873375,0.00014363299,0.00020076723,0.0016956005,0.0010127574,0.00013024054,0.010864767
774052,Parasitology,0.011279457,0.013248865,0.069991805,0.009042231,0.061193846,0.008871497,0.001998504,0.024873968,0.0066688675,0.016703308,0.020925669,0.00046357006,0.021692885,0.00054012024,0.00037049505,0.00094826304,0.03762763,0.09661995,0.009530462,0.021143861,0.0029717546,0.03415518,0.20423074,0.011197165,0.020667063,0.0021812173,0.009559151,0.13771741,0.0009682707,0.04395935,0.00095438655,0.0038362648,0.0043362775,0.004783335,0.2285464,0.01745562,0.060618754,0.011916595,0.049634684,0.025887467,0.021663122,0.004865332,0.017414248,0.005691202,0.101351894,0.0011835498,0.0031596797,0.035489976,0.014966854,0.016187176,0.038237073,0.010304108,0.0754358,0.065215655
774060,Parasitology,0.0124874525,0.039104268,0.1193761,0.10954641,0.10344437,0.013987631,0.003567104,0.023549128,0.031450827,0.04463195,0.041497312,0.018134607,0.0951943,0.004169696,0.0031997443,0.00102394,0.060048647,0.079851516,0.0072472095,0.07592613,0.002602684,0.029738795,0.044678014,0.01355878,0.011816444,0.0038704204,0.005317456,0.012783312,0.023627363,0.046619076,0.008714679,0.019465245,0.004004209,0.011240269,0.18544224,0.0142552275,0.017633248,0.01302259,0.0672265,0.018891405,0.009430657,0.0035318646,0.06342803,0.008598926,0.041819684,0.0021141053,0.012033882,0.036849137,0.003844391,0.006325921,0.02824561,0.015293983,0.0079871975,0.077118136
767186,Biochemistry & Molecular Biology,9.22537e-06,0.0002002711,0.028338788,0.9986492,0.0023307097,0.06455305,2.1863805e-08,1.44410815e-05,0.011642856,0.00035853544,0.0011617772,0.18918714,0.0015677058,1.0586546e-06,4.9370133e-06,8.5396316e-08,1.0075364e-05,9.371972e-05,1.9229012e-06,1.6386313e-05,4.4671715e-08,9.937502e-06,1.1060846e-07,3.0522744e-05,2.7749027e-06,1.19081164e-07,7.685687e-08,5.3937583e-05,1.6649085e-05,1.662307e-06,0.0001625604,0.0001991894,8.1836615e-06,1.6097086e-06,0.0005388141,1.9538198e-05,1.5727152e-05,4.0608197e-06,7.2958755e-05,9.85941e-05,2.0155418e-05,3.0505186e-07,0.00017876273,6.0488032e-06,2.6821077e-05,2.0589582e-06,1.7258692e-05,2.491197e-08,2.48556e-06,2.7311382e-05,2.0557209e-06,1.7154885e-05,4.6143137e-07,4.9446936e-07
752422,"Chemistry, Multidisciplinary",0.004766144,0.04427316,0.05567131,0.2054474,0.04233575,0.014006372,0.0004916291,0.016735591,0.006557874,0.021926466,0.032712154,0.754139,0.020287322,0.0040148594,0.013437279,0.014554696,0.10981026,0.05645186,0.019016974,0.0007119475,0.00043747682,0.001393679,0.0024262664,0.010259536,0.0046996567,0.0021228045,0.0005274548,0.0010514646,0.050792914,0.02627345,0.05986011,0.044583533,0.0037568787,0.015664898,0.004438758,0.017986929,0.002503188,0.0085404655,0.14722575,0.02318951,0.012339621,0.008746206,0.07445944,0.0069198785,0.014848853,0.0019768954,0.02439652,0.00366812,0.0008031715,0.0017004876,0.0030147734,0.008607085,0.0005553415,0.0093108835
773863,"Chemistry, Multidisciplinary",0.0007979262,0.1379796,0.014881438,0.0015939479,0.0114738,0.00028405013,5.0770923e-05,0.008693523,0.0009659842,0.003660182,0.017371364,0.25555116,0.004300074,0.0011844785,0.0053538037,0.033287786,0.2467594,0.10216538,0.0030141987,1.8235556e-05,0.000396986,0.000103952494,0.012162125,0.003224983,0.021238891,0.0014020965,0.00019341943,0.00014076867,0.006439829,0.038979985,0.0034617567,0.02625959,0.0007044543,0.023365228,0.00080273964,0.07147049,0.0013026755,0.011560651,0.22902347,0.012078625,0.0012802796,0.023236345,0.15564317,0.0058566094,0.018909577,0.00027166025,0.014643791,0.0018774808,0.00020376843,0.00038271272,0.0013419478,0.001687912,0.00024817119,0.009446979
773890,Biochemistry & Molecular Biology,3.2605274e-06,3.2319988e-06,0.00048151088,0.99986124,0.00027814336,0.0034290235,6.735455e-07,4.200301e-06,0.00036568101,1.4543464e-05,0.0172738,0.0015603683,0.0012210831,1.2564319e-06,2.7026713e-06,2.0272035e-08,3.2939113e-07,3.1787463e-06,1.6824667e-07,0.0034047037,1.7802968e-08,9.774266e-07,2.0829942e-08,8.626314e-06,8.682256e-08,9.965214e-08,3.143545e-08,0.00021778661,1.8235136e-06,1.7849242e-08,0.00073625456,7.005055e-07,3.0729273e-06,1.8518655e-08,7.2649746e-05,1.9008613e-06,3.2327253e-07,1.0613339e-07,8.4550277e-07,5.1322804e-06,5.739892e-05,3.6873377e-08,2.2134534e-05,1.7730604e-06,4.202128e-06,1.8491833e-06,1.6852431e-07,7.496656e-09,3.3515246e-07,5.0580397e-06,5.246184e-08,8.4380745e-06,3.4819584e-07,8.681527e-08
774015,"Chemistry, Medicinal",0.0006971941,0.07010522,0.023200767,0.014074256,0.04751394,0.0007311118,0.00097201037,0.006846159,0.032900468,0.0027283356,0.45867687,0.041139044,0.16466938,0.0004884734,0.0065881545,0.0032852257,0.01656018,0.044322,0.0010563722,0.0013705877,0.0027030576,8.336231e-05,0.025160298,0.0065289075,0.006831566,0.05503717,0.000795379,0.0017472883,0.0074544423,0.0047261887,0.0003153672,0.0017141429,0.026133044,0.034669016,0.0064220354,0.038509898,0.0035963424,0.0027945174,0.061027225,0.010368775,0.004282614,0.002106615,0.099399865,0.05397318,0.010048896,0.0001330045,0.0005306713,0.0025420203,0.00035027845,0.0010836548,0.005054915,0.0016040151,0.008642372,0.01611653
774522,Parasitology,0.0004478037,2.2432381e-05,0.0067914715,0.31556147,3.520955e-05,0.0005202318,1.220793e-05,0.001165112,0.00023127436,8.242232e-06,0.0023079233,2.748321e-07,0.004342056,6.528366e-06,6.1834e-06,2.1892099e-07,5.9319227e-06,0.00033633198,8.250899e-06,0.02035696,4.1561793e-06,0.0052378555,0.0005818545,2.3839677e-05,2.909157e-05,5.7564887e-07,4.71006e-06,0.0011111968,6.845048e-06,7.4352724e-06,8.1837505e-05,9.005171e-06,1.5418656e-06,4.4736217e-07,0.96979845,2.5877102e-05,0.00022710202,1.14860295e-05,3.9068273e-05,0.0004446134,3.9272196e-05,4.0949544e-07,0.0003171612,4.377809e-06,6.879475e-05,2.446132e-05,2.0616857e-05,0.00046724945,3.833999e-05,7.191654e-05,0.0028560644,0.0077438327,0.0022311776,3.410811e-05
724996,Patología,0.00030697242,0.21330209,0.020154534,0.0018457429,0.013326739,0.00031684566,1.651809e-05,0.006789825,0.0022650922,0.0028127267,0.01783485,0.18427284,0.007577636,0.00029180455,0.002979541,0.006380577,0.08630716,0.16042197,0.0008715188,8.967233e-06,0.00026642985,6.010488e-05,0.0064777653,0.001386868,0.015760217,0.00087333354,8.597613e-05,9.014371e-05,0.002467956,0.037565,0.0005030893,0.018409563,0.000834265,0.01395514,0.0008718057,0.058934055,0.001250362,0.0078722285,0.23995586,0.014379949,0.0002507599,0.006302026,0.19123107,0.0024332313,0.013034184,7.5799806e-05,0.006290751,0.0010207901,0.00014937023,0.00022913783,0.0013589142,0.0008978571,0.00018050983,0.008430785
767627,"Chemistry, Organic",0.00042883257,0.049401995,0.040484615,0.049520507,0.085650824,0.0013940564,0.0004696735,0.0014598521,0.015097453,0.0067820665,0.22079921,0.029912446,0.24452029,0.00066011405,0.0013216843,0.0006410571,0.032244463,0.028687116,0.00023456752,0.0041770856,0.0014827444,3.6805217e-05,0.0039341734,0.004536745,0.0065625045,0.07340031,0.00054912106,0.001769933,0.0022682508,0.003985382,0.00042535667,0.00055140624,0.01079713,0.0039475546,0.0020147506,0.12187844,0.013205094,0.0020358455,0.050528597,0.0028758147,0.0060610254,0.0007586628,0.10875517,0.039464075,0.033349987,0.00011003027,0.00015153184,0.0001394704,0.00015757655,0.0008226826,0.0005167077,0.00063608243,0.011372427,0.013108415
767185,Parasitology,0.00037975673,6.5310624e-06,0.004396947,0.0013689831,4.1072417e-06,0.00022656978,2.3366058e-08,0.00026781173,0.00079549605,5.529745e-07,3.596608e-06,6.342401e-07,3.6550373e-06,1.4273054e-07,1.6241156e-06,1.275078e-08,2.1356916e-06,9.4716524e-05,5.419329e-06,2.0049388e-06,1.8873592e-07,0.35214105,0.00020731421,6.8529243e-07,1.7807313e-05,9.797312e-12,6.8056795e-07,2.9193595e-06,1.5348572e-06,4.5228528e-05,2.7057943e-06,0.00013126853,1.5646701e-07,8.486861e-06,0.6233684,1.16963726e-07,1.4911581e-05,8.027796e-06,1.6995533e-05,0.00042590912,2.4974721e-08,4.341681e-08,6.0962266e-06,6.313421e-08,1.7481821e-05,2.58565e-07,0.00018867185,0.002703325,3.147348e-06,3.8115008e-06,0.0018654304,0.00030471061,6.4196234e-07,1.6430345e-06
767166,"Chemistry, Multidisciplinary",0.00065073103,0.019355975,0.05531783,0.18859932,0.04560544,0.0044576316,5.727443e-05,0.001291785,0.033808626,0.009376702,0.015016751,0.498966,0.06482022,0.0006292043,0.002666521,0.00027014723,0.009341895,0.012094368,0.0005079096,0.0007466506,5.9813618e-05,0.00025794544,0.00017055814,0.0022657616,0.00064611254,0.0005316693,0.00010776659,0.000102148566,0.02117174,0.0060754376,0.0027134249,0.0041256784,0.0016866581,0.0043742796,0.0032875356,0.002241418,0.00075807096,0.0012616768,0.03642562,0.0036876372,0.00044854154,0.00032530897,0.015963908,0.0026869823,0.0037033488,7.263395e-05,0.0013528288,0.000828293,4.1122694e-05,0.0001421533,0.00051971833,0.0010812891,8.088515e-05,0.0046955543
769660,Biochemistry & Molecular Biology,5.553212e-05,0.00050383765,0.0056444537,0.9924908,0.020641122,0.0063171415,3.601408e-05,8.442342e-05,0.0027058832,0.00097044004,0.08472744,0.3198213,0.020285705,3.9233448e-05,0.0002805625,9.024902e-06,0.00014891742,0.00031707957,4.189916e-05,0.002678265,1.1116996e-06,5.3912554e-06,1.3333537e-06,0.00070535555,4.1904427e-06,2.3207853e-05,8.404593e-06,0.0020410826,0.00026409578,1.566315e-05,0.003583359,8.897279e-05,0.00051664346,8.474139e-06,8.8335946e-05,0.000117497955,6.7035567e-06,1.29921145e-05,0.00051136146,0.00020242685,0.0031234496,1.1625533e-05,0.001480265,0.0003578752,0.0003656632,3.0493504e-05,3.552954e-05,1.8174076e-06,6.3211355e-06,9.464981e-05,1.6764617e-06,9.569447e-05,8.572418e-06,2.323137e-05
769956,"Biochemistry & Molecular Biology;Chemistry, Multidisciplinary",0.0020710644,0.013725766,0.0631141,0.66586065,0.080205284,0.01143781,0.00028195826,0.001686076,0.007488147,0.03792174,0.024955455,0.5778651,0.051266942,0.0036499228,0.003923379,0.00042029662,0.0227914,0.004047537,0.0019646783,0.0086071985,0.0002168889,0.0006173113,8.41816e-05,0.009584349,0.0006181894,0.00086895487,0.0003285135,0.0014594406,0.014532485,0.005166803,0.039189193,0.006503111,0.002394127,0.0019413456,0.00056620507,0.004005976,0.0011616937,0.0015805975,0.026144408,0.0035561805,0.006748747,0.0007100135,0.021659454,0.004019942,0.011961251,0.0005880595,0.003445938,0.00027030334,0.00014264074,0.0005878592,7.9768426e-05,0.00089439965,5.8689242e-05,0.0040211487
769853,Biochemistry & Molecular Biology;Parasitology,0.00010361661,0.00014459134,0.007153636,0.876566,9.2777525e-05,0.00071334525,3.657583e-06,0.001057161,0.00079607154,8.338131e-06,0.022159532,0.0004454143,0.028056134,5.0752265e-06,0.00011671383,1.1766963e-06,5.371144e-06,0.00069545145,5.049032e-06,0.00053667935,5.158293e-07,3.9739385e-05,2.1669564e-05,1.0632934e-05,7.337423e-06,1.5036784e-06,3.254996e-07,4.536935e-05,5.9733018e-05,4.3642235e-06,0.00019407897,4.3364256e-05,3.7905775e-06,2.5464235e-06,0.6915884,3.5794674e-05,1.4927772e-05,4.794779e-06,0.00017851489,0.0010936413,2.5144838e-05,8.8906813e-07,0.00047416854,6.8791687e-06,1.3370473e-05,5.6722783e-06,1.5192477e-05,0.00010465,4.3320706e-06,1.8389623e-05,0.00094453176,0.0049539907,0.0001361848,1.3293717e-05
726273,Genetics & Heredity,0.008763188,0.008333642,0.07036003,0.24430518,0.040158533,0.00794785,0.0059498907,0.006642509,0.013967237,0.01685746,0.030285487,0.002192492,0.08755367,0.0039365683,0.0010443211,0.00015276557,0.020155726,0.018851254,0.0010074107,0.5959766,0.0018592842,0.036339674,0.0072048064,0.008169316,0.00426836,0.0032144622,0.004808623,0.012803741,0.0030579823,0.017006697,0.010424826,0.0016504915,0.0022915297,0.0008046987,0.08825749,0.01586175,0.01574831,0.0064025167,0.011764309,0.0060661095,0.0065803663,0.0009328368,0.02320859,0.004118485,0.031065224,0.0015497532,0.0021016782,0.007213007,0.0024572636,0.008036193,0.003933809,0.003921998,0.007688855,0.04281591
730825,Parasitology,8.845269e-05,0.0027728027,0.017330691,0.034784712,0.0029602454,0.0003025517,1.4517663e-05,0.0007556206,0.010696351,0.00046676287,0.0092510665,0.004094135,0.07824821,4.2368618e-05,0.00019426185,1.20394525e-05,0.0004047052,0.0044823396,3.13208e-05,0.00049274846,8.188353e-06,4.0241055e-05,0.00033603937,8.68173e-05,0.00025229782,0.00011567378,1.3087644e-05,1.3215827e-05,0.0064838626,0.0005782331,5.2353767e-05,0.00022899218,7.866441e-05,0.0012228185,0.12748985,0.00039555068,0.00031515348,7.710096e-05,0.0065083103,0.0006634103,2.549775e-05,8.363074e-06,0.0040768096,0.00045511953,0.00036249106,3.5833552e-06,6.1756284e-05,0.00073132676,3.2252312e-06,1.3503163e-05,0.0039258245,0.0013475745,0.00012675312,0.0018208592
747091,"Biochemistry & Molecular Biology;Chemistry, Multidisciplinary",0.00083247037,0.015856639,0.05524919,0.90001136,0.030695153,0.045935556,2.3179411e-05,0.00060254754,0.103248574,0.0068617756,0.01660515,0.722206,0.017872842,0.0006027406,0.0033044457,0.00028059568,0.003595285,0.007204789,0.00041872458,0.000299431,3.397712e-05,0.00050953013,4.7920283e-05,0.0021375318,0.00045874453,0.00017499279,4.390403e-05,0.00035802927,0.00996916,0.00095459854,0.008107396,0.010708337,0.0019601255,0.0015945624,0.002153549,0.0012696778,0.0005120423,0.0014158296,0.009218105,0.00275223,0.0010417098,0.00031782166,0.010271278,0.0017835618,0.0015929806,0.0002691102,0.0025999574,4.8044607e-05,0.00015849667,0.00066747767,0.00020635792,0.0012834707,6.190251e-05,0.00029920615
747519,"Chemistry, Multidisciplinary",0.0022403519,0.03827132,0.024293043,0.14892173,0.0099998675,0.0020127469,0.00017463857,0.0058466564,0.0018836448,0.004026056,0.03690676,0.85677904,0.010973169,0.008141576,0.022415197,0.022724196,0.16859646,0.022071188,0.0051529114,0.0001510683,0.00018883169,0.00023292613,0.00052574486,0.0043241335,0.004247347,0.0014989832,0.00010808748,0.00011963542,0.049780793,0.011030475,0.102191366,0.021824239,0.0012791364,0.012118194,0.0006197903,0.028467944,0.00093938207,0.006876671,0.10971231,0.008333874,0.007370429,0.007842558,0.07583468,0.004757724,0.006576041,0.0010264154,0.013632319,0.00050196244,0.00015125467,0.0004687754,0.00032149724,0.005794075,9.364145e-05,0.0032854679
722606,Parasitología animal,0.0006059469,0.016658625,0.09416466,0.004831287,0.046946194,0.0058637653,0.00010810356,0.003039183,0.004993608,0.020746868,0.0031028485,0.00044129416,0.011858109,8.314858e-05,1.6774417e-05,8.9363144e-05,0.018377813,0.044764776,0.0008189084,0.0022861927,0.0015257958,0.0015490545,0.038781036,0.0023163634,0.03143071,0.004122198,0.0014032626,0.013505185,0.00011733863,0.031741302,7.5154196e-05,0.00060494343,0.001403151,0.0011489906,0.020396696,0.086442396,0.24776518,0.0034989617,0.02845437,0.0037871161,0.0023416982,0.00070480583,0.013737609,0.0032562963,0.10310527,6.792424e-05,0.00023441325,0.00029693072,0.0024311498,0.0044487487,0.003525262,0.00049998285,0.029118998,0.026888832
767559,"Chemistry, Multidisciplinary",0.00042289667,0.12751144,0.023483645,0.003207867,0.010138133,0.0002491641,1.4642537e-05,0.006103214,0.00095866754,0.0025065446,0.017006071,0.37207308,0.0074101654,0.00059389207,0.004360351,0.005365464,0.14317636,0.07237831,0.00077793776,1.187125e-05,0.0002286926,4.9012575e-05,0.0022544852,0.0018685787,0.008255033,0.00035606572,5.2753287e-05,4.6224537e-05,0.0024094572,0.025320563,0.0016362446,0.016325602,0.00038007274,0.009961562,0.00028481268,0.034181282,0.0007553178,0.0064212866,0.18401192,0.012052116,0.00026896296,0.004887045,0.15610905,0.0017426368,0.01530851,6.547107e-05,0.0060163494,0.00089569035,5.491571e-05,9.942493e-05,0.00029026432,0.00083354313,4.6632806e-05,0.0062158173
767263,Biochemistry & Molecular Biology,0.0017607395,0.0016164643,0.20127358,0.3634955,0.004643939,0.025447965,1.6311413e-05,0.0006795006,0.05990269,0.006909286,0.0011384462,0.00049056084,0.006280187,0.00043692475,3.4177432e-05,2.5205445e-06,0.0020663983,0.0019827944,4.5083238e-05,0.031264033,0.00020318388,0.06540004,0.0011310154,0.0006201271,0.004007786,5.713172e-05,0.00010952665,0.0006361882,0.0002695683,0.0031231004,0.0007525181,0.0008972773,0.00010302713,0.00017020901,0.11199777,0.002562304,0.07567724,0.0015884753,0.0013637552,0.0017271362,0.00012181223,2.7881286e-05,0.0025222881,0.0003346638,0.0052216146,0.00010882943,0.00048642093,0.000100916455,0.0008045036,0.0021297734,0.0015458438,0.0008902933,0.00064100913,0.0011712533
769662,"Biochemistry & Molecular Biology;Chemistry, Multidisciplinary",0.00047585793,0.0026554076,0.024414686,0.9730834,0.047050435,0.030281793,0.00012628645,0.0004830765,0.026934965,0.004961935,0.046838474,0.5354135,0.028991232,0.00018630429,0.0015747854,5.4898588e-05,0.00060597435,0.0013515541,0.00021773843,0.004861056,1.7112892e-05,0.000120034,1.1630668e-05,0.002948412,5.3512755e-05,0.00011591294,9.637424e-05,0.0056785364,0.0008928801,0.00022227007,0.0045643104,0.00084424927,0.0041431733,0.00012706738,0.0003951225,0.00043065703,9.360254e-05,0.00019592766,0.0021951348,0.0017689089,0.002436815,0.00011014889,0.003323285,0.0014780881,0.0020303908,0.00017644074,0.00038464926,2.7652135e-05,7.1949944e-05,0.0007500177,2.442908e-05,0.00035966895,4.9332e-05,0.00021133512
771608,"Biochemistry & Molecular Biology;Chemistry, Multidisciplinary",0.001346619,0.006718902,0.036678158,0.87359196,0.13797908,0.025121957,0.0006979313,0.0018774387,0.04900621,0.0116948355,0.083483,0.52883935,0.07534959,0.0004708574,0.006108417,0.00025175384,0.0017801707,0.0052220207,0.0006075902,0.013203335,0.0001090843,0.00028744788,7.227756e-05,0.009277619,0.0001548332,0.00052190456,0.00054890127,0.021884201,0.0014520311,0.0013715292,0.00501804,0.0014272329,0.024786692,0.00059066364,0.0007993459,0.0008741215,0.00022277077,0.0008021065,0.007794198,0.006233663,0.0041744444,0.0006567074,0.0051157973,0.0035551938,0.0060279313,0.0003351405,0.00084614026,0.00046747577,0.00019379621,0.001048352,8.460579e-05,0.00090242946,0.00024841834,0.0015145327
773965,"Chemistry, Multidisciplinary",0.00013269934,0.028015453,0.022052875,0.023508508,0.0039064004,0.00020606238,3.893134e-06,0.0026796933,0.0016548902,0.00026653556,0.039193686,0.9250287,0.021173624,0.0002155869,0.009923602,0.0010499565,0.011088556,0.0059858174,0.00032141848,2.558629e-06,3.4010995e-05,5.6514905e-06,8.376432e-05,0.00044447524,0.0002626725,4.7948393e-05,4.5734528e-06,4.4667254e-06,0.0051891743,0.0018650505,0.0014313939,0.005966717,0.00041468514,0.007055018,0.00011423846,0.0020470396,3.2316264e-05,0.0011156326,0.065476455,0.008791785,5.466851e-05,0.00039636638,0.024244888,0.0008886453,0.00081269216,1.2388542e-05,0.0011941611,0.0002789443,2.7152812e-06,5.622472e-06,7.998803e-05,0.00044504378,2.866249e-06,0.0010244249
768386,"Chemistry, Multidisciplinary",0.00013269934,0.028015453,0.022052875,0.023508508,0.0039064004,0.00020606238,3.893134e-06,0.0026796933,0.0016548902,0.00026653556,0.039193686,0.9250287,0.021173624,0.0002155869,0.009923602,0.0010499565,0.011088556,0.0059858174,0.00032141848,2.558629e-06,3.4010995e-05,5.6514905e-06,8.376432e-05,0.00044447524,0.0002626725,4.7948393e-05,4.5734528e-06,4.4667254e-06,0.0051891743,0.0018650505,0.0014313939,0.005966717,0.00041468514,0.007055018,0.00011423846,0.0020470396,3.2316264e-05,0.0011156326,0.065476455,0.008791785,5.466851e-05,0.00039636638,0.024244888,0.0008886453,0.00081269216,1.2388542e-05,0.0011941611,0.0002789443,2.7152812e-06,5.622472e-06,7.998803e-05,0.00044504378,2.866249e-06,0.0010244249
789493,Parasitology,0.010421698,0.0155608915,0.033966705,0.026167491,0.01639454,0.0023135724,0.0030879462,0.042212386,0.0073276088,0.0014010792,0.1477976,0.0012264007,0.041160043,0.00069007464,0.0045570172,0.0013887051,0.012909422,0.07935433,0.0035928052,0.014653558,0.0014054051,0.013528838,0.09970965,0.004071988,0.0039498676,0.0005367832,0.0017436881,0.010507157,0.0036609473,0.008619263,0.0018160079,0.00520838,0.0014676886,0.005534319,0.40233886,0.0028223754,0.0018112074,0.005450314,0.031309657,0.037330534,0.005695637,0.0022859536,0.035272345,0.0020520664,0.012766422,0.0006883026,0.0041200886,0.14438352,0.0019196513,0.00347929,0.029623026,0.035565954,0.012902471,0.027153598
789508,Biochemical Research Methods,0.0002891719,0.0026234342,0.059533227,0.0068547567,0.04028137,0.0015556767,2.1033526e-05,0.0017632949,0.0077754213,0.006002677,0.00038829187,0.0021459432,0.009570493,2.9768911e-05,3.179021e-05,9.657458e-06,0.0049039093,0.014567101,0.0002671194,0.0016311061,1.50766655e-05,0.001925663,0.0013620511,0.0006021265,0.0006914575,1.9727564e-05,0.00019341684,0.00029813606,0.0005823513,0.014421518,6.9092035e-05,0.0005116206,0.0002316862,0.00092838577,0.030496433,0.00053360144,0.0021268334,0.00039762567,0.01054531,0.0018576124,3.6855374e-05,6.6353525e-05,0.0023771229,0.000113898204,0.004491388,5.7691086e-06,0.00034911477,0.006989841,3.246766e-05,8.9646e-05,0.0015841237,0.00041740903,0.00017439296,0.0073133316
789509,Biology,1.7432245e-05,0.00066018605,0.007280684,0.00045247588,0.036265314,0.0005139146,6.6035063e-06,0.00013320314,0.021642763,0.0018320489,5.0832692e-05,0.00015330111,0.00227034,9.944099e-07,3.4489628e-06,6.2923923e-06,0.00037587623,0.0067910347,0.0001259178,0.00013652285,3.8174558e-06,0.00018972177,0.000805223,0.00019036994,0.00036660954,2.5493544e-05,0.00013974236,0.0002479654,0.00013709751,0.0031986695,1.0301021e-06,1.9458224e-05,0.00137613,0.0014995586,0.006124374,0.00017289173,0.0008940149,0.0001113145,0.002213375,0.00037278412,4.8230154e-06,2.5410605e-05,0.0001826907,5.325597e-05,0.00079028076,3.1807923e-07,2.719762e-05,0.0026348187,1.2671505e-05,1.9173225e-05,0.0007896146,4.319401e-05,0.00025361127,0.0018301533
718502,Rheumatology,0.002084582,0.00698633,0.021698425,0.0019637193,0.034203783,0.00047042518,0.00033781707,0.01603777,0.0010689577,0.0025074363,0.0167483,0.0010752676,0.020225622,0.00010480989,0.000488755,0.00040288677,0.02544431,0.07022709,0.0017371682,0.0025755346,0.0002530695,0.0015690865,0.030188093,0.0018601286,0.0019231885,0.00021782918,0.0005582824,0.003941592,0.00075477245,0.023383988,0.00031887178,0.0014751682,0.0007816711,0.0027305135,0.058268785,0.0016654219,0.0010437663,0.002606875,0.051363334,0.012149768,0.0010316067,0.0013793972,0.008682899,0.00055813184,0.016282111,6.413415e-05,0.0009790204,0.120342985,0.00025198414,0.00037756292,0.0054707536,0.0032235978,0.0025517538,0.036395933
718512,Parasitology,0.00044789762,8.017604e-05,0.009408464,0.03989243,0.00019395132,0.00020194413,3.190361e-05,0.0026535694,0.00017801329,2.9570654e-05,0.004191057,2.2360646e-06,0.017784778,1.33247495e-05,1.6786162e-05,1.0963373e-06,4.2557724e-05,0.0015757183,2.0002975e-05,0.014948792,1.0510432e-05,0.0012987558,0.00096317113,7.031928e-05,6.799183e-05,3.4514076e-06,1.6067033e-05,0.001399753,8.483826e-06,9.122908e-05,6.863191e-05,1.0503598e-05,9.221333e-06,2.6090183e-06,0.86887825,9.065394e-05,0.00051259325,1.9658655e-05,0.00039591605,0.0015787039,7.386547e-05,4.6987943e-06,0.0005182034,1.3292741e-05,0.00035926935,1.3632294e-05,1.5424775e-05,0.003188713,2.8517996e-05,6.318628e-05,0.0022478374,0.0046958397,0.003303155,0.00033871457
731339,"Chemistry, Multidisciplinary",3.9796345e-05,0.112193055,0.004099781,0.0017236752,0.001187182,3.5500107e-05,1.5009205e-06,0.0014955201,0.00018266142,0.0002495057,0.008220824,0.36636695,0.0016850645,8.1930586e-05,0.0012604264,0.00525866,0.04614678,0.036077466,0.00010126522,4.875374e-07,2.5005116e-05,1.8870942e-06,0.00038839754,0.00030711028,0.006661004,0.0003755508,8.021123e-06,5.6130907e-06,0.00041950145,0.004511385,0.0002919434,0.0021028768,0.00010067165,0.0021987357,4.054649e-05,0.14193596,0.00045786967,0.0017138792,0.1337948,0.0032615855,0.00010040475,0.0023218256,0.24018854,0.00086501474,0.005010028,1.1735019e-05,0.0009414056,1.7358223e-05,1.0690727e-05,3.9305687e-05,5.8903086e-05,0.00017049896,2.100893e-05,0.00086503336
757862,Farmacología,0.00036683885,0.01775387,0.012559973,0.0003004244,0.03903855,0.00031828255,0.0001492465,0.0048322943,0.0028482368,0.0027866883,0.012630823,0.00070721493,0.009561855,3.621946e-05,0.0001846921,0.0008838645,0.029694963,0.10451228,0.00067313545,0.0004032762,0.00055337953,0.00019997932,0.08584048,0.0011138847,0.0141192945,0.003352851,0.0005396458,0.0027933992,0.00032971616,0.028698968,2.5014586e-05,0.00051285,0.0040293704,0.007213738,0.011379468,0.018905902,0.0055024796,0.0034666802,0.03347719,0.0073729972,0.000580084,0.0029901906,0.010096681,0.001788483,0.024002757,2.4962137e-05,0.0002691661,0.010445215,0.0005256259,0.00085261336,0.0054796482,0.0007151606,0.009609888,0.04970468
717065,Patología,0.00012585249,0.102722354,0.005603305,0.0005458463,0.0046964395,7.4839656e-05,5.2528603e-06,0.0028324206,0.00031925505,0.0016443961,0.0048100064,0.23060547,0.0019393021,0.00019645333,0.0019646604,0.0154223,0.14850874,0.1619529,0.00090247166,1.0894697e-06,2.6713687e-05,1.6994332e-05,0.0025242802,0.0009696753,0.0059546474,0.00011163583,2.1882317e-05,1.9831326e-05,0.003968374,0.029498795,0.0009927679,0.02046912,0.0001715516,0.010245407,0.00047133656,0.02062411,0.00017689251,0.0029627092,0.23279993,0.005435851,0.00016157015,0.0096890535,0.10380486,0.00085573667,0.0029966517,5.279597e-05,0.00904712,0.0008748798,3.3184624e-05,5.9651564e-05,0.00062387367,0.00075394684,2.3001465e-05,0.002244782
748909,Biochemistry & Molecular Biology,0.00018286846,0.0056537366,0.07036749,0.104517154,0.0020666549,0.0033246626,2.8304257e-06,0.0016039235,0.0441465,0.00041549988,0.002612551,0.025556713,0.013253816,3.2135988e-05,0.0003035343,1.6278887e-05,0.00043917986,0.008656421,3.3840173e-05,5.9055114e-05,7.925376e-06,0.00037448722,0.00023722669,0.00010290685,0.00060790934,1.6665399e-05,8.181812e-06,1.2024168e-05,0.0011126779,0.0011396446,7.070936e-05,0.00082966813,9.673378e-05,0.00064864836,0.09811893,0.000644821,0.00088901713,0.00029429366,0.0056648566,0.003986526,9.3353e-06,1.9603953e-05,0.003448848,0.00014540223,0.0004261156,4.876797e-06,0.00024618636,0.00043451547,1.8575682e-05,4.6108442e-05,0.003404194,0.0025282826,0.00010735815,0.00048291349
748927,Biology,0.00028463025,0.0047121327,0.016626216,0.0016511132,0.040414914,0.00013897695,4.267737e-05,0.0025855547,0.0011464789,0.0027159178,0.002569234,0.0075951554,0.020777179,4.2852083e-05,0.00017605655,7.39695e-05,0.01780102,0.035588916,0.00027641418,0.0006224978,1.840666e-05,0.00019676526,0.0013842836,0.0007158932,0.0003465784,4.0932744e-05,9.33533e-05,0.000112324255,0.0014218262,0.016464045,0.0001615643,0.00060967443,0.00021247142,0.0018264862,0.008046734,0.00041877828,0.00018728137,0.0005827589,0.03901469,0.0019181098,9.128581e-05,0.00020920199,0.0047847764,0.00018515195,0.004006904,5.3483727e-06,0.00027845328,0.034530424,8.465479e-06,2.080917e-05,0.0007066359,0.0005127523,8.341781e-05,0.01634288
748805,"Chemistry, Multidisciplinary",7.4586875e-05,0.0025761006,0.014675835,0.16836044,0.024174083,0.0006149038,2.7130113e-06,0.00033414445,0.00043918574,0.0017997075,0.004816644,0.8441959,0.008982418,5.214773e-05,0.00060610607,6.9895425e-05,0.009154143,0.002077833,0.00013374661,4.0756953e-05,1.708642e-06,6.531953e-06,3.0764988e-06,0.0004945592,1.6565542e-05,1.51722925e-05,2.8592979e-06,1.9463272e-05,0.0011208239,0.0012117381,0.0032990272,0.0007127116,0.0001598319,0.00019751395,2.0716701e-05,0.00028870028,1.6329312e-05,0.0001340382,0.018178869,0.00082989555,0.00014246783,0.00012827982,0.0033797026,7.902546e-05,0.0009971458,4.028857e-06,0.00029261864,8.892782e-05,9.223507e-07,5.3143126e-06,2.6181633e-06,4.7721136e-05,9.2445714e-07,0.00058068195
748794,"Chemistry, Multidisciplinary",0.00031290564,0.026887633,0.03341149,0.02276226,0.02247901,0.0007207,8.612612e-06,0.0020584567,0.0013263844,0.004817272,0.006581183,0.86354303,0.0094444,0.00038962613,0.0031597791,0.001515373,0.07090656,0.01740781,0.00090342056,1.8813274e-05,3.5077333e-05,3.3987588e-05,0.00011019743,0.00150281,0.0006417739,0.00014028238,2.5169695e-05,2.4189329e-05,0.006108649,0.014834207,0.004516245,0.0074807475,0.0006860773,0.004720698,6.911471e-05,0.003451335,0.00018619135,0.002525486,0.11200341,0.005513976,0.00028361633,0.0011892488,0.028774643,0.00085917395,0.005993858,3.6650967e-05,0.0028272148,0.0005025961,1.16623e-05,2.5318206e-05,4.5728226e-05,0.00035635952,7.4158756e-06,0.0030737328
771284,"Chemistry, Multidisciplinary",0.00062848453,0.15119146,0.01649303,0.017597858,0.010498065,0.0006749607,6.7506895e-05,0.004714477,0.0022427952,0.0033509168,0.036042657,0.64577544,0.010311069,0.0017922481,0.010080518,0.023210192,0.15275395,0.07119284,0.0018608219,3.053142e-05,0.00025288257,7.671416e-05,0.0020569449,0.004798147,0.010970302,0.0017275349,0.00017389664,0.00011475191,0.011069305,0.015599405,0.007883611,0.018456385,0.0011500069,0.01358753,0.00040803512,0.10322379,0.0014904893,0.008445107,0.19254048,0.009245412,0.0021972468,0.010249842,0.2836836,0.008915322,0.0133973975,0.0003627905,0.00967033,0.00030397854,0.0001662633,0.0004780149,0.0005178141,0.0017482768,0.00017137991,0.0038671438
716311,Cell Biology;Pathology,0.01635531,0.16133876,0.059953786,0.19004068,0.043090016,0.03575982,0.0011613551,0.003447383,0.65476024,0.018376594,0.0103678,0.24294026,0.009866995,0.008789342,0.029333161,0.011282791,0.040140513,0.08674616,0.00093301554,0.0048586577,0.0063359877,0.1200518,0.004253825,0.01246153,0.061650094,0.008888448,0.01153627,0.0015275251,0.03320935,0.07855205,0.017558249,0.047987085,0.029041737,0.05334982,0.004933747,0.0704904,0.039403033,0.42626184,0.1099271,0.010251616,0.0019834447,0.011530318,0.13985097,0.025420625,0.03153383,0.0089916,0.027527371,0.00096980657,0.019239362,0.032014236,0.0058677467,0.0034967063,0.003066386,0.0075566266
775459,"Biochemistry & Molecular Biology;Chemistry, Multidisciplinary",5.865102e-05,0.008736497,0.025365112,0.90290856,0.018210595,0.006343602,1.280282e-06,0.00014330755,0.002347564,0.0011979264,0.01687642,0.85712326,0.009874282,3.9610557e-05,0.00036366552,5.214201e-05,0.0053564506,0.0038280573,0.00010883016,1.2268607e-05,9.540428e-07,8.729687e-06,4.0603086e-06,0.00044151128,3.591301e-05,7.9496895e-06,1.5479164e-06,2.925167e-05,0.0018462148,0.0001784327,0.0029652573,0.005082793,7.395266e-05,0.00012058685,0.000113065624,0.00065212947,1.89125e-05,0.00015362611,0.008828837,0.000782838,0.0003601325,4.3008302e-05,0.02392618,0.0001473109,0.0005658444,2.2508495e-05,0.00061333517,1.4255592e-06,8.135222e-06,5.3822587e-05,6.475524e-06,0.00015242989,1.6102798e-06,3.7741036e-05
774881,Enfermedades infecciosas,0.0010649281,0.04613689,0.037265304,0.0015202335,0.06450256,0.0007820834,8.45e-05,0.0066218944,0.0019253277,0.012366504,0.0076530194,0.02622842,0.0092907855,0.0003479727,0.00091156084,0.0028606253,0.23347045,0.15431668,0.0014354051,0.00025278734,0.00025273213,0.00042592638,0.019653348,0.0028822485,0.010951186,0.0006245224,0.0003133245,0.00054842536,0.002729361,0.08314986,0.0009627802,0.00762865,0.00097443745,0.010955236,0.004223171,0.014198679,0.002748317,0.008421497,0.14316463,0.009290681,0.0010101483,0.006439392,0.034304053,0.0014785583,0.033995472,8.4698535e-05,0.0034274806,0.012202631,0.00019589721,0.00030245134,0.0018567409,0.0015837083,0.0006057722,0.032574825
774885,Biochemical Research Methods,0.0016882736,0.03786681,0.16755092,0.060441274,0.10363141,0.013041108,0.00027734236,0.0045491294,0.023392156,0.029061746,0.019900208,0.0044713863,0.07093089,0.000588781,0.00024451123,0.00013978474,0.04544824,0.061654728,0.0005471949,0.014935471,0.0014162868,0.002794584,0.016547859,0.0049853483,0.016619718,0.004327183,0.0012467598,0.008554289,0.0007647222,0.026656043,0.0005195838,0.002441694,0.0027748924,0.0016565368,0.027866647,0.055761974,0.06969238,0.005744059,0.0337779,0.0074331453,0.0022944596,0.0010023501,0.05095195,0.0042613675,0.08636912,0.00022794091,0.0010372407,0.00074853003,0.0016439006,0.0037368897,0.0026057845,0.0017447674,0.014286332,0.030136615
771292,"Biochemistry & Molecular Biology;Chemistry, Multidisciplinary",4.2225633e-06,0.0003881616,0.0046352847,0.9937532,0.0017474071,0.0016542712,1.1931101e-07,1.4019679e-05,0.00035518763,2.8068089e-05,0.013350058,0.74840176,0.002495924,1.533947e-06,4.7152596e-05,1.0826948e-06,8.127297e-05,0.00012867799,2.5805534e-06,2.5407955e-06,1.2477546e-08,2.7689467e-07,3.449178e-08,3.096002e-05,6.0875726e-07,1.8140382e-07,4.5608164e-08,8.435725e-06,5.9386613e-05,1.9222432e-06,0.0005859977,0.00011400753,6.1892283e-06,1.4597885e-06,1.3062369e-05,3.7954604e-05,4.401909e-07,4.1345547e-06,0.0003013636,5.1220362e-05,0.0001139346,8.303061e-07,0.0012275841,1.067687e-05,3.0764946e-05,8.7202915e-07,1.4447487e-05,2.0596065e-08,2.494688e-07,6.164511e-06,1.1327748e-07,1.8737428e-05,7.525856e-08,7.6368354e-07
771291,"Chemistry, Multidisciplinary",6.730492e-05,0.11719364,0.0055252486,0.0021212383,0.0020947992,6.041369e-05,2.7610624e-06,0.0018710447,0.00029411723,0.00044352148,0.010410667,0.38510308,0.0021319338,0.00013583488,0.0015983931,0.0075925924,0.06556393,0.040454123,0.00018119028,1.0373084e-06,4.414514e-05,3.6300369e-06,0.0006559357,0.0004797182,0.008840078,0.0007225365,1.5236148e-05,1.11504e-05,0.00070838083,0.0063004494,0.00047164984,0.0028174573,0.00018144217,0.0033652927,5.5635166e-05,0.15014952,0.0006934872,0.002835008,0.15273719,0.0037953372,0.00020118324,0.0033921197,0.22982004,0.0014809953,0.0073222443,2.161479e-05,0.00134844,3.050319e-05,1.9601299e-05,6.382093e-05,9.006293e-05,0.00023041399,4.170291e-05,0.0013541488
769955,Biochemistry & Molecular Biology,9.564441e-07,4.0582454e-06,0.002887984,0.9999166,0.00020449226,0.013542788,4.957209e-09,1.771421e-06,0.00043083972,2.4925195e-05,0.0010136932,0.016729807,0.0005402379,1.0187435e-07,2.4290884e-07,8.289067e-10,2.1438797e-07,1.473525e-06,9.173682e-08,5.5592263e-05,1.8280361e-09,6.5676244e-07,2.0280608e-09,3.3938018e-06,4.561008e-08,2.9365612e-09,2.5585167e-09,3.425235e-05,5.903153e-07,1.1890317e-08,7.5396456e-05,3.1814516e-06,3.333028e-07,1.0506887e-08,6.151014e-05,9.789098e-07,3.7887202e-07,5.6055786e-08,1.1464264e-06,5.178165e-06,3.826083e-06,3.534927e-09,1.425487e-05,3.9292894e-07,1.9850154e-06,2.8066216e-07,3.640989e-07,6.3759076e-10,9.1844846e-08,2.2099841e-06,3.7315147e-08,1.3604739e-06,1.9246773e-08,1.4842486e-08
756364,Enfermedades infecciosas,0.002145984,0.20015788,0.10431837,0.06570623,0.2506784,0.01952762,0.0004669099,0.0059660184,0.02008633,0.13717747,0.03002168,0.19701919,0.056714904,0.0020119548,0.0021279207,0.004324384,0.27388158,0.25682375,0.004039443,0.003154216,0.0012174875,0.0014042767,0.01198462,0.018891945,0.021776212,0.012562115,0.0024217993,0.005331912,0.015386305,0.09515605,0.006510697,0.025495417,0.00803838,0.012363499,0.0040240106,0.11734583,0.022017969,0.030800357,0.26526633,0.011887855,0.011755132,0.010990793,0.20810364,0.013751202,0.13150926,0.0012255377,0.010272059,0.0014636606,0.002104366,0.0035729832,0.0022064857,0.0020944453,0.0039976286,0.04998272
775470,Biochemistry & Molecular Biology,2.79641e-05,0.0018489293,0.0100980345,0.9955652,0.01045563,0.0090755895,3.7004395e-06,4.9982787e-05,0.0026641164,0.00041137935,0.056212228,0.3634309,0.011750143,1.7027474e-05,0.00013437054,9.995594e-06,0.0003031505,0.0010695104,1.82986e-05,0.0001164738,3.6859143e-07,4.3173836e-06,1.2390909e-06,0.0002432985,1.1692915e-05,7.7963705e-06,1.4614349e-06,0.00020592785,0.00035389126,1.2292839e-05,0.0023997037,0.00039800338,6.359862e-05,8.236245e-06,0.00024547314,0.00030725382,9.768641e-06,2.3537914e-05,0.0009689226,0.00015431334,0.0014530927,7.4897216e-06,0.006328961,0.00010757008,0.00016952938,2.429783e-05,5.7754547e-05,1.7613716e-07,8.684904e-06,9.294967e-05,2.2471897e-06,0.00012495363,3.470187e-06,5.7795332e-06
767196,Patología,0.0016091027,0.17323405,0.055752046,0.0062524425,0.05864615,0.0026001022,0.00012458659,0.010208539,0.0040816274,0.026191441,0.015371245,0.23818819,0.010241046,0.001610023,0.0034645838,0.016020231,0.31172276,0.19274749,0.0063463594,0.00015457533,0.00087925885,0.00053592457,0.01476007,0.007320065,0.030870559,0.0032080729,0.00070310757,0.0007002855,0.009878414,0.10751217,0.0052577397,0.038544692,0.0022089046,0.026206877,0.0015242958,0.08637534,0.0065865875,0.025576295,0.31876528,0.01734855,0.0030248081,0.019092087,0.16253059,0.007080832,0.0543175,0.00053085503,0.021539357,0.0030437664,0.00068560045,0.0011145284,0.0020296103,0.0019774267,0.0007189597,0.025011161
760711,Biochemistry & Molecular Biology,1.0585496e-06,3.951027e-06,0.00032715147,0.99989426,0.00021019208,0.0037098464,7.423126e-08,1.6912516e-06,0.00023552244,1.4153128e-05,0.0029645453,0.020671522,0.00032024152,3.7790275e-07,1.4197238e-06,1.675071e-08,3.31233e-07,2.8417448e-06,2.1712434e-07,0.0001080274,1.7380971e-09,3.4679303e-07,3.6432581e-09,4.9176906e-06,4.732324e-08,1.2955751e-08,7.3080098e-09,2.64912e-05,4.9661485e-06,1.222184e-08,0.00067953265,1.8627964e-06,8.4760507e-07,2.1632713e-08,3.3914475e-05,9.3180194e-07,8.794977e-08,5.6518395e-08,1.2637815e-06,2.474333e-06,3.525255e-05,1.6999865e-08,1.6516926e-05,8.784194e-07,1.4512046e-06,9.0343144e-07,3.140253e-07,1.8061599e-09,8.21883e-08,1.672184e-06,3.0595004e-08,4.465371e-06,2.9329412e-08,1.8961359e-08
765123,Patología,0.0016958653,0.29330397,0.04638019,0.006453108,0.026228504,0.0014338156,0.0001521096,0.016398787,0.006405208,0.0102678565,0.03168387,0.2764611,0.019372601,0.0023162386,0.010539634,0.017229563,0.14298156,0.15354404,0.0044221194,8.602254e-05,0.0017859378,0.0004128878,0.014144944,0.0061211423,0.036625087,0.0029033015,0.00060015474,0.0003772229,0.011191221,0.06647418,0.0034195192,0.0580561,0.0019962965,0.038529247,0.0026242642,0.0997753,0.0046565067,0.017171323,0.29999495,0.02961875,0.0010750873,0.015390728,0.2883676,0.009922989,0.032628335,0.0005951478,0.027315237,0.0029151987,0.00062782236,0.0011104002,0.0037299849,0.0034196994,0.0005228556,0.019746352
726807,"Chemistry, Multidisciplinary",0.00042116316,0.0315645,0.04894509,0.0059003,0.018887665,0.00041996143,1.0045603e-05,0.0051285545,0.0006686718,0.0050637037,0.006513128,0.68354887,0.012089624,0.00054202374,0.0035769308,0.0018611223,0.087565884,0.019071493,0.001582485,1.4165983e-05,9.918923e-05,3.9455117e-05,0.00030035683,0.001491484,0.001139631,8.092273e-05,3.3669345e-05,2.4646328e-05,0.0049499073,0.026612546,0.003506248,0.012466431,0.00040743616,0.009147947,0.00015449872,0.0028705867,0.00021567325,0.002624143,0.1576929,0.008418588,0.00017892013,0.0014238838,0.022698412,0.00067088706,0.008708848,2.8603165e-05,0.0040520434,0.0021995676,9.629399e-06,1.2979879e-05,8.76784e-05,0.00053414603,6.579104e-06,0.0057146256
755863,"Chemistry, Multidisciplinary",0.00068457733,0.018547159,0.05550003,0.038795814,0.046459448,0.0020578455,5.1802657e-05,0.0061568306,0.0014982412,0.009096386,0.010818877,0.55003566,0.032695353,0.0005139861,0.003294067,0.0010124852,0.052280165,0.026508262,0.001542966,0.00025401008,7.027691e-05,0.000109643785,0.00026681166,0.0019923844,0.0005337058,0.00015163996,7.153277e-05,0.00014936623,0.005802065,0.018857872,0.0056482092,0.0060354844,0.0009309585,0.0030899197,0.00075565546,0.002232989,0.00031077935,0.0020686039,0.09492642,0.009766485,0.0004386452,0.0015447851,0.017657567,0.00048528233,0.00936361,5.6899127e-05,0.002649082,0.0040086634,2.1177453e-05,3.9437888e-05,0.00017947493,0.0009118906,3.1379794e-05,0.009773459
758595,Patología,0.0002571746,0.07465003,0.004439945,3.8280075e-05,0.018679291,7.821576e-05,2.2368997e-05,0.0063144634,0.00087905076,0.0026757943,0.0017639095,0.0049080765,0.0006699839,6.062995e-05,0.0005140535,0.014549534,0.12003078,0.18839134,0.0027856657,5.370038e-06,7.463149e-05,0.0001911107,0.091519915,0.0006671902,0.014626579,0.00013224271,0.00022440073,0.00023037776,0.0037397044,0.09334867,0.00015786442,0.017388206,0.00042048216,0.043555833,0.004904803,0.005927112,0.00028456133,0.0069677564,0.1916086,0.006705098,0.00011706438,0.01893664,0.022850113,0.0004295588,0.0056776744,4.645614e-05,0.013532136,0.023054862,0.0002069881,0.00017214887,0.011687903,0.0008349951,0.00015745219,0.011923716
753583,Parasitology,0.0021832604,0.0023285432,0.014883435,0.08720608,0.012206701,0.0013054898,0.0010712076,0.0053889877,0.04161919,0.0013414271,0.025083693,0.00085722323,0.068863526,0.00013508239,0.0007647671,4.843748e-05,0.0009245556,0.012970727,0.0002829193,0.11757358,0.00014764954,0.0054001654,0.0042688465,0.0015955725,0.00044881908,0.0006324786,0.00055929867,0.0024339769,0.0022341497,0.0019631314,0.00033440103,0.00029307482,0.0016404265,0.0011315672,0.31897345,0.000432435,0.00084101706,0.0007863191,0.0036670105,0.0037138104,0.0003052948,0.00011665052,0.0053257,0.0007853497,0.0019420637,5.771954e-05,0.00036655134,0.049051363,0.00019445736,0.00070513645,0.01142409,0.004530175,0.004370093,0.010987559
695606,Parasitología;Plaguicidas,0.00023899862,0.25018093,0.015912648,0.008575203,0.0023528277,0.00042822902,2.926869e-05,0.006701164,0.0014537239,0.00068292354,0.042293664,0.081526354,0.00739476,0.00025366643,0.0014856461,0.004198035,0.027478283,0.04425194,0.00028581862,1.6115986e-05,0.000527001,2.7897218e-05,0.0062268754,0.0008971465,0.03320988,0.0041518332,0.00012577715,0.00011374019,0.0005520149,0.0053763716,0.00039261323,0.0044070655,0.000291925,0.0030905467,0.0010629152,0.48295924,0.008311324,0.0037749847,0.11356253,0.01089105,0.00059764035,0.003192442,0.4429351,0.005323116,0.026897816,0.00011064346,0.0020442896,2.7738208e-05,0.0002198527,0.0012612346,0.001129643,0.0006782438,0.0009801689,0.0029190322
697124,"Biochemistry & Molecular Biology;Chemistry, Multidisciplinary",0.00032409735,0.0014656049,0.008471301,0.87023544,0.013165999,0.0028281868,4.1083145e-05,0.00025696773,0.0005922489,0.005922243,0.012438754,0.47865593,0.0064392155,0.00069370755,0.0005829253,7.213833e-05,0.00634743,0.00061001215,0.00040730336,0.0024880052,6.599263e-06,0.00011010426,7.793947e-06,0.0013871843,4.7898764e-05,6.867198e-05,1.6520959e-05,0.00018696966,0.008129256,0.00032795462,0.07054787,0.0011536897,0.00013734207,0.00014212402,0.00012305325,0.00063224,7.4786876e-05,0.00013114543,0.004055395,0.00022882041,0.0047900993,7.9255486e-05,0.0050251326,0.0005786736,0.001167936,0.00015056397,0.0006137341,2.0760945e-05,1.1289412e-05,8.9167705e-05,7.996117e-06,0.0001922088,3.6831455e-06,0.00026450353
700813,"Chemistry, Multidisciplinary",0.000252167,0.0025582537,0.02959012,0.24542692,0.007378995,0.00048580163,1.1236097e-05,0.0008404063,0.0005678163,0.00054673775,0.018404054,0.40929785,0.04404813,0.0001603043,0.001291612,1.7305796e-05,0.0033684077,0.0008609875,8.160504e-05,0.00040541394,1.5205027e-05,3.447654e-05,6.908491e-06,0.00038613874,2.2532573e-05,1.5072712e-05,4.8343986e-06,2.2788217e-05,0.0010309047,0.00066633016,0.0030368275,0.00058100966,0.00011048267,0.0001549849,0.00016191934,0.00028331016,2.831718e-05,0.00018801852,0.0076314807,0.0013055844,8.5845706e-05,4.120737e-05,0.0041707074,0.00012573757,0.0010065079,6.8579916e-06,0.00022975849,0.00021613605,1.2912491e-06,6.163659e-06,6.969225e-06,0.0001124074,1.8786744e-06,0.0010108333
829021,Parasitología,9.1169495e-05,0.098386236,0.053180233,0.026398448,0.017315593,0.0010257649,2.4703368e-05,0.0013352318,0.0034958918,0.002183481,0.048456956,0.020189527,0.05733848,0.00011488921,0.00017688509,0.00016511884,0.015306053,0.018885644,9.3960785e-05,0.0001499519,0.000694232,9.57087e-06,0.0015548703,0.0008209668,0.010857564,0.019049697,8.254085e-05,0.00024968156,0.00025151894,0.0026951546,7.2590396e-05,0.0005751571,0.0007312975,0.0009226587,0.0005417588,0.32399538,0.027521437,0.0010104774,0.06022467,0.002572878,0.0005878572,0.00022873534,0.25702122,0.006894938,0.033874173,2.0903886e-05,0.00013533638,5.4187194e-06,6.342383e-05,0.0004418822,0.00017622684,0.00015775018,0.0024014006,0.0042855334
582315,"Chemistry, Multidisciplinary",0.0013462605,0.121466234,0.1003522,0.15267153,0.10085711,0.008114501,0.00017393229,0.004682949,0.02130467,0.017736988,0.07555584,0.610843,0.06990876,0.0025679586,0.00918295,0.0041574817,0.08824232,0.043312065,0.0021205745,0.0005264068,0.00085383235,0.00021230476,0.0016680871,0.007688121,0.0062455665,0.0047030216,0.000401598,0.00079957786,0.013081718,0.016271451,0.007398765,0.019131372,0.0061743236,0.011485667,0.00093002984,0.040796608,0.0042622034,0.009193255,0.12461587,0.013189295,0.0033038333,0.0041248323,0.14549218,0.011224872,0.02996259,0.00041370277,0.006652204,0.00043314812,0.0002966348,0.0006874523,0.00047456266,0.001834706,0.00051693403,0.0087308865
813956,Biochemical Research Methods,0.0003325092,0.044428196,0.19156995,0.015304637,0.14625715,0.004643613,4.7321075e-05,0.0015147807,0.009197068,0.019550841,0.012653333,0.008366817,0.05734803,0.00024847305,9.653566e-05,6.952708e-05,0.040649004,0.023933401,0.00046834257,0.00084829004,0.0015916737,0.00021762906,0.0057370453,0.0029853971,0.008712256,0.0036842807,0.0003244019,0.0018301351,0.0004979714,0.01485983,0.00015660128,0.001858396,0.0016310719,0.0020685054,0.0018624347,0.03950196,0.042508997,0.002141932,0.04845393,0.0025546742,0.0011679054,0.00030011783,0.053492066,0.005697204,0.06523853,3.841253e-05,0.00046777216,9.330302e-05,0.00018054614,0.0004646401,0.00031955654,0.0002631874,0.0027301228,0.0139832245
582652,Parasitology,0.0001881952,9.095831e-05,0.0057868,0.009884819,0.00035622602,3.853239e-05,3.506131e-05,0.0020369163,8.071087e-05,1.15992225e-05,0.013018638,1.073755e-06,0.030432666,3.9090237e-06,1.2310496e-05,9.2901047e-07,4.9336093e-05,0.0014718055,1.3806131e-05,0.005718371,9.690339e-06,0.00017931689,0.0017606508,4.198287e-05,2.7495804e-05,4.6725772e-06,1.1034503e-05,0.0010017906,6.2931304e-06,4.649976e-05,1.43160405e-05,5.8184437e-06,7.3300453e-06,4.6307223e-06,0.7771243,5.780232e-05,0.00010719244,9.351686e-06,0.00054616586,0.0009129199,0.000104507686,2.508009e-06,0.00044929163,1.9556617e-05,0.0002556552,3.2868768e-06,5.541637e-06,0.0035125713,7.83873e-06,2.5006595e-05,0.0014234282,0.0029092005,0.0036571159,0.00038589988
583108,"Chemistry, Organic",0.00018038749,0.09360907,0.054393664,0.027444312,0.09264385,0.0013241073,5.1275005e-05,0.0012677752,0.0077188667,0.012933073,0.04625194,0.10237138,0.14188914,0.00031168468,0.00095084374,0.00038095366,0.034200877,0.038953763,0.00022263828,0.00045141048,0.00057433784,1.3539823e-05,0.0008039671,0.0018985621,0.0050082835,0.014084847,0.0001426289,0.00034191203,0.001761291,0.010593395,0.00024185092,0.0015445652,0.0041390117,0.0040415097,0.0003914019,0.06930412,0.0058901836,0.001939782,0.10782767,0.0035863225,0.0004452532,0.00053051556,0.11371779,0.006524572,0.03451953,3.2822398e-05,0.00035893268,9.433147e-05,4.7156645e-05,0.00014838757,0.00014989097,0.00024596983,0.00078821817,0.014818075
808800,Biology,0.00058647204,0.05540447,0.053501304,0.03180362,0.35711917,0.0026601197,0.0002043841,0.0013395887,0.010813337,0.053470608,0.023242788,0.17474532,0.08945198,0.00073646265,0.0012786061,0.0005445525,0.12286216,0.052316986,0.0007689306,0.0030859238,0.00027582634,0.00013397176,0.0015175814,0.0077497666,0.0020296865,0.003969895,0.0005548288,0.0016347023,0.008769438,0.034395028,0.0017307895,0.004240318,0.0069512464,0.005633067,0.0006405569,0.012894711,0.0019667326,0.0050308267,0.102201745,0.0027154593,0.0024316355,0.0018389226,0.04749725,0.005271554,0.046810817,9.513001e-05,0.001605245,0.0011312637,8.9347894e-05,0.00022380524,0.00018933791,0.00036856157,0.00045366897,0.03497886
829086,"Chemistry, Multidisciplinary",5.7518977e-05,0.034347735,0.01535567,0.05829119,0.03786016,0.0003302658,4.2145734e-06,0.0003019307,0.014070861,0.0017881213,0.036708765,0.9273472,0.02840274,0.00019122445,0.0055987802,0.000330711,0.010587598,0.006537589,9.777338e-05,1.055206e-05,2.1059235e-05,3.9437236e-06,3.5930894e-05,0.000923193,0.00016978674,0.0003302982,8.517738e-06,1.5310303e-05,0.008532894,0.001870393,0.0007249519,0.002533424,0.0042177564,0.00494178,1.827553e-05,0.0015780485,4.536048e-05,0.0009769776,0.03978743,0.0017286142,0.000101649886,0.00024948598,0.03013185,0.0023804754,0.0013925597,7.933815e-06,0.00054248533,5.906362e-05,3.5106104e-06,7.3776637e-06,1.3812809e-05,9.782896e-05,4.0718373e-06,0.00089569844
587428,Biology,0.00010698126,0.05500841,0.09256345,0.02027537,0.16932209,0.0018308668,2.8424027e-05,0.0010856924,0.012396153,0.010752902,0.033035055,0.04871272,0.12454926,9.988421e-05,0.00031614295,7.403281e-05,0.020997288,0.027705148,0.00020125287,0.00037358332,0.00033912782,2.0971074e-05,0.0014071709,0.0016599953,0.0016643733,0.0024282096,9.0390575e-05,0.00049614685,0.00091804407,0.007451056,7.0067996e-05,0.0015085802,0.0029627853,0.0027062744,0.0007128906,0.011816467,0.0026654268,0.0010035147,0.053734083,0.003294964,0.00021195506,0.00022410163,0.054191887,0.0025754098,0.019921778,1.0846039e-05,0.00031916652,0.00014917649,3.2477663e-05,8.356941e-05,0.00016670015,0.00016147667,0.00049244025,0.009889395
587342,Biology,0.0008469078,0.034052264,0.03156064,0.0036903627,0.26195243,0.0021058547,0.0009045204,0.0023673037,0.013879251,0.030433258,0.019728666,0.003928066,0.056611184,0.00028917025,0.0003725404,0.00081051583,0.07279348,0.08421161,0.0015401168,0.0077925012,0.001733522,0.0005209791,0.041768566,0.0068795728,0.011843998,0.023367604,0.0027551607,0.0096998345,0.002532294,0.03472156,0.00019650576,0.0012797854,0.014371949,0.014105741,0.008287885,0.036562435,0.014872805,0.0054187346,0.05164133,0.0038363668,0.003584621,0.002939534,0.0197298,0.011119753,0.062047467,0.00012681271,0.00068740814,0.0049156747,0.000767732,0.0019870847,0.0027875807,0.00078252587,0.019103114,0.107004605
587471,Biochemistry & Molecular Biology,0.0015900482,0.0022178623,0.026433794,0.11656381,0.030072946,0.0007211156,0.00027559162,0.001622482,0.00021392199,0.0043299496,0.024083814,0.025531936,0.02392185,0.0015521795,0.00072655064,9.900392e-05,0.045875315,0.0023956639,0.00064966583,0.0329668,0.00017338186,0.0008373088,0.00021631726,0.0030867588,0.00011544688,0.00014205952,0.00017505651,0.0014234696,0.0018887853,0.0031154319,0.0319717,0.0008530078,0.00029271626,0.00015739303,0.00043999404,0.0011415781,0.00025833058,0.0012461756,0.00825305,0.0007226081,0.0058155553,0.00033728595,0.006580659,0.0007294207,0.013000656,0.00013650204,0.0007302219,0.0013400983,2.381475e-05,7.020711e-05,1.5003743e-05,0.00030997864,6.4155494e-05,0.009465752
699669,"Chemistry, Multidisciplinary",0.00011758818,0.038861457,0.0016445996,0.0005188417,0.0015983072,1.7907072e-05,3.8455587e-06,0.0018826223,6.142093e-05,0.00052703137,0.0035754289,0.41765437,0.00058041606,0.0003973157,0.0033431277,0.050020084,0.23113625,0.043477558,0.0006207725,4.6237582e-07,1.3097583e-05,4.60499e-06,0.0007820905,0.0009784343,0.00416816,8.73546e-05,1.16342735e-05,1.2360586e-05,0.0017783889,0.011244089,0.0033706496,0.0074982825,0.00011709608,0.005524096,5.84328e-05,0.028301885,8.184578e-05,0.0019944687,0.12193459,0.0024026209,0.0002673166,0.019684274,0.07213007,0.00070527656,0.002549405,5.7164583e-05,0.005600957,0.0002546767,1.5839663e-05,3.3894597e-05,7.514474e-05,0.00052845496,1.0307056e-05,0.00068947347
592167,Genetics & Heredity,0.00012203848,1.1326877e-05,0.009135502,0.10082424,0.00064040703,0.000101237616,1.5257392e-05,0.00029814514,1.0320245e-05,8.961155e-05,0.0059063663,1.534784e-06,0.011025238,3.722176e-05,1.5836135e-06,1.2654576e-07,0.00031328326,0.00015392083,1.4456694e-05,0.21509895,7.0271003e-06,0.0003350472,0.000112795984,3.0300043e-05,1.0253086e-05,6.4597098e-06,5.1940106e-06,0.0007642629,1.0849526e-05,4.547513e-05,0.00067732495,2.3064092e-06,2.4832405e-06,3.5478007e-07,0.04361748,9.5334246e-05,0.00029902565,1.559249e-05,0.0001611031,5.683925e-05,0.0005574271,1.1816037e-06,0.00030348712,1.1000807e-05,0.0008055038,5.609056e-06,2.1671774e-06,0.000179106,2.593432e-06,1.0071042e-05,1.5243706e-05,0.00012073676,0.00033428913,0.00068221573
698185,Biochemistry & Molecular Biology,0.0026584337,0.00038786564,0.032522157,0.7058971,0.008086479,0.009776483,7.793968e-05,0.0028956519,0.0005721031,0.003222178,0.011410146,0.0021464354,0.0050276364,0.00043119842,0.00010634273,6.9963144e-06,0.0019989877,0.00069838803,0.0003805466,0.06552162,0.00013164984,0.009245313,0.00021035188,0.0019302747,7.6493256e-05,1.2781914e-05,9.7544296e-05,0.032529097,7.3930445e-05,0.00031433758,0.012904944,0.0008251977,0.00021528435,1.6361235e-05,0.0028894534,0.00045256602,0.00065825356,0.00033473052,0.00063885376,0.0013580829,0.001827768,9.894173e-05,0.0015521582,0.00014076746,0.0054582315,0.0003279221,0.00047489884,0.00036680547,0.00017356235,0.00047615537,3.5056466e-05,0.00041040406,0.00016744938,0.0011392462
699965,"Biochemistry & Molecular Biology;Chemistry, Medicinal;Chemistry, Organic",2.8010838e-06,6.425303e-05,0.0009407301,0.8475262,0.0005588401,2.570201e-06,7.761784e-06,1.4728107e-05,3.714414e-05,2.199892e-07,0.9831086,4.518322e-05,0.7804632,1.5106523e-06,5.41256e-05,7.4154414e-08,4.5305237e-06,3.649162e-05,5.1334606e-08,0.0025201305,1.7903391e-06,1.0047406e-09,1.322884e-06,4.2810984e-06,3.0866184e-07,0.00023179005,2.5391689e-08,5.779185e-05,1.4661422e-06,6.8508925e-08,7.899299e-06,3.380814e-08,1.6104173e-05,2.420673e-07,0.0003453442,0.00014038931,7.6482854e-07,8.535154e-08,6.861686e-05,1.4681759e-05,0.0001717488,6.6279405e-08,0.00084048836,4.4487286e-05,2.3684632e-05,2.6907712e-08,6.7506485e-09,2.0571609e-07,1.3066907e-08,2.622111e-07,8.4397065e-08,1.8691098e-05,8.730172e-05,1.68626e-05
699696,Parasitología animal,0.0007023287,0.0036608726,0.15340672,0.046799127,0.05155513,0.024360027,6.428545e-05,0.0012457164,0.0045558326,0.08291896,0.0021627168,0.00035136341,0.01066865,0.00033245498,8.502731e-06,2.7632996e-05,0.024879793,0.012259826,0.0004871153,0.016577693,0.0010103047,0.0029573434,0.0072942856,0.0033564554,0.017208096,0.003303929,0.0007089117,0.03334277,8.890323e-05,0.013143864,0.0004194881,0.0005291046,0.0011725537,0.00038901172,0.008790075,0.07817127,0.4338789,0.0019551497,0.009177832,0.0014626546,0.005337849,0.0003843031,0.0073759393,0.0025479926,0.11132607,0.00014097472,0.00021449386,5.1539042e-05,0.0020468165,0.005190307,0.00068549527,0.0003088986,0.018919883,0.013889247
592858,Parasitology,0.0032735905,0.013887796,0.05746045,0.007138124,0.038872093,0.0011435251,0.00053623057,0.031513378,0.007283738,0.0028351655,0.020462872,0.003102648,0.05021535,0.00017644005,0.0011208303,0.00019935107,0.008419953,0.036093146,0.0023783352,0.003629737,0.0006431825,0.004070172,0.030510262,0.0021859412,0.0019045623,0.00016636969,0.0007312434,0.0025949555,0.0017108226,0.015968941,0.00023341809,0.004577304,0.00079552137,0.0070073605,0.15747508,0.0009875786,0.0011078086,0.0016961801,0.03894889,0.027191067,0.00025591295,0.0006865282,0.012408087,0.00077690877,0.008083565,7.3576746e-05,0.002608011,0.1337137,0.00035197928,0.00050925574,0.018444376,0.0067568803,0.0014368966,0.02943917
701695,Análisis cromatográfico,0.0004142387,0.12710486,0.004807103,0.0001484313,0.004870994,8.761079e-05,4.5936795e-05,0.00820481,0.0012726114,0.00087572954,0.010374324,0.012810885,0.0018039122,0.00014939856,0.0015174818,0.025135092,0.05652418,0.083651714,0.0011790043,8.570586e-06,0.00045180757,8.174352e-05,0.08790819,0.0006916252,0.043414827,0.001942523,0.00025244293,0.00028224307,0.001521337,0.02857182,0.00016036669,0.0085892,0.00076968304,0.02927726,0.0043156915,0.07557045,0.0017606555,0.010149868,0.12593004,0.011707395,0.00033049413,0.023621885,0.06071618,0.003597438,0.013117226,9.730971e-05,0.0056264387,0.0019731093,0.0004969268,0.0007975055,0.014635812,0.0011383047,0.0013022147,0.011316684
696618,"Biochemistry & Molecular Biology;Chemistry, Multidisciplinary",2.725882e-05,0.0024040537,0.01318316,0.9929901,0.036280062,0.008623635,4.3515106e-06,2.0137779e-05,0.014578186,0.0009824899,0.04635239,0.75705487,0.019605443,2.516571e-05,0.00030714722,7.363809e-06,0.00022517405,0.0005313387,2.1257096e-05,0.00018854238,5.3949407e-07,3.118055e-06,4.7953506e-07,0.000549415,5.6582476e-06,1.541244e-05,4.3368077e-06,0.0002084066,0.0007361634,2.4415454e-05,0.001678797,0.00036679304,0.00038587063,2.5955125e-05,4.213577e-05,0.00012118487,7.2029557e-06,2.7144964e-05,0.0014193079,0.00014668003,0.0012094295,8.715081e-06,0.0028119793,0.00040702542,0.00023197666,1.2728378e-05,5.7716894e-05,2.923874e-07,3.4507295e-06,6.482855e-05,8.5649697e-07,3.8393777e-05,1.4670303e-06,1.2318423e-05
700629,"Chemistry, Multidisciplinary",0.0006372998,0.011320638,0.011265054,0.0191806,0.0154603,0.000101211255,8.0752594e-05,0.0032454757,0.00020394336,0.0012184922,0.058889113,0.5833682,0.023004225,0.00156454,0.007911744,0.0029432536,0.09608601,0.004417434,0.0012763805,0.0001557673,0.0001156934,2.1197015e-05,0.0002501269,0.0026390462,0.0002493666,0.00023858083,3.983899e-05,6.799611e-05,0.008949184,0.003985313,0.023252456,0.0029987297,0.00041295332,0.0030959316,8.197958e-05,0.0021004474,4.189053e-05,0.0013032289,0.05330462,0.0018760212,0.0017597751,0.0013214459,0.018287435,0.0017893636,0.004402177,5.9990303e-05,0.0016630618,0.0014922561,6.0373e-06,1.165335e-05,2.5783424e-05,0.0004871524,1.2658822e-05,0.0043037827
696611,"Chemistry, Multidisciplinary",0.00021008449,0.059201203,0.071826786,0.027713178,0.17539167,0.0017168124,4.9633814e-05,0.00081232865,0.061046086,0.008368573,0.024113458,0.1921352,0.11948655,0.00026790876,0.001547578,0.0001855128,0.014526299,0.014811422,0.00023223467,0.00034601399,0.0002813028,6.2587314e-05,0.0006210427,0.0021915366,0.0015856337,0.0018515087,0.00018377409,0.00017044612,0.005477287,0.007811888,0.00017468802,0.0018722311,0.00661194,0.01147935,0.0006618324,0.0055140126,0.0013511743,0.001671797,0.05348591,0.0033037625,0.00015165385,0.00026455367,0.044191454,0.0044216136,0.0096720345,1.9871897e-05,0.00067796983,0.00033479114,3.123484e-05,8.687867e-05,0.00021715916,0.00030161222,0.00017662116,0.0068520694
853770,Biology,6.346171e-05,0.007970575,0.066912994,0.001932352,0.32172233,0.001545612,1.0196189e-05,0.00047101273,0.012098465,0.023769896,0.00032453923,0.0041146786,0.010668454,1.8001965e-05,1.7522716e-05,1.0405274e-05,0.007773633,0.01457766,0.00026861494,0.000234798,4.282855e-05,0.00017499445,0.00092426885,0.0014036462,0.0010157102,8.7495326e-05,0.00013893361,0.0006352842,0.00027978222,0.022455318,1.4525945e-05,0.00038164193,0.0016120478,0.0031895316,0.00078972144,0.0011171278,0.002799718,0.00035996223,0.017717874,0.000956206,2.3166704e-05,0.00014798019,0.0023569278,0.00016906108,0.0072695017,1.8324567e-06,0.00024025382,0.0011520874,2.0399513e-05,3.530322e-05,0.00011057816,4.3981257e-05,8.2753955e-05,0.009233182
853845,Parasitology,8.798277e-05,0.0001452289,0.015265507,0.31669778,0.00011037568,0.00021584504,3.9353417e-06,0.0007361117,0.00047359354,4.3800346e-06,0.0625874,4.0776504e-06,0.049920365,3.851527e-06,2.6238666e-05,6.519014e-07,2.0918884e-05,0.0012339154,9.846841e-07,0.0011371206,4.4517988e-06,3.3445904e-05,0.00032272778,8.079115e-06,2.7706881e-05,3.1561158e-06,7.6415563e-07,0.00011987511,4.071437e-06,5.6560734e-06,1.8809023e-05,7.083309e-06,2.6582622e-06,1.3899316e-06,0.77250504,9.038739e-05,8.778675e-05,6.363038e-06,0.00017864227,0.0009874856,6.461223e-05,7.051148e-07,0.001031226,7.9491665e-06,0.00010457837,2.331434e-06,2.5012514e-06,6.7665824e-05,4.8867737e-06,2.2426735e-05,0.000453656,0.006923452,0.0024300711,3.079771e-05
870101,"Chemistry, Multidisciplinary",0.002599771,0.014151049,0.06681237,0.36741647,0.03880385,0.008292273,7.1253366e-05,0.00528045,0.0013969071,0.010837703,0.016780997,0.6916165,0.011275374,0.001702151,0.0033061043,0.00096292474,0.069367506,0.0056893886,0.0040231063,0.00044363586,0.00013509797,0.0005317777,0.00022477591,0.004635118,0.00056898897,0.00015288973,8.249977e-05,0.0007884255,0.0062977634,0.004989272,0.042434275,0.023951393,0.0005864431,0.002057911,0.0004043722,0.0032320924,0.00044247232,0.0016659508,0.036480688,0.0060101813,0.00319934,0.0014488706,0.023359034,0.001208875,0.010373977,0.00038195006,0.01117301,0.00031924166,0.00010991387,0.00033712233,9.590678e-05,0.001383454,3.354611e-05,0.0020377047
893014,Enfermedades infecciosas,0.00032582952,0.017037624,0.037367746,0.0013458779,0.11777586,0.00044815495,1.5800466e-05,0.0007160017,0.0002700249,0.022731494,0.0038686194,0.030057248,0.003767525,0.00048882834,0.00014279848,0.0010753777,0.5702486,0.03453117,0.0008729483,0.00015288447,0.00015924228,7.242086e-05,0.0042398167,0.0038684742,0.0034937498,0.00056650053,0.00013569833,0.000646573,0.0011241854,0.037654787,0.0026502071,0.0032760745,0.0005682554,0.0017777084,7.2957155e-05,0.013075404,0.0023588154,0.005066588,0.06029171,0.0007661464,0.006554163,0.0034473257,0.01862937,0.0020332674,0.0918581,3.883296e-05,0.0013331339,0.00034391994,3.4503377e-05,5.467409e-05,2.5432548e-05,0.00012012926,0.00017728325,0.015982736
701532,Parasitología animal,0.00191976,0.029908538,0.14262483,0.02051717,0.10200682,0.015449926,0.00057089404,0.006276207,0.008522581,0.041587796,0.02609507,0.0011742489,0.055610534,0.0005180501,8.0230726e-05,0.0003365806,0.05754696,0.044467356,0.0020034611,0.012850639,0.00801014,0.0018932798,0.07751178,0.0075808456,0.037732475,0.029511603,0.0035449024,0.06199363,0.0003810379,0.020104116,0.00036452338,0.00170189,0.0040923585,0.0020358022,0.027100801,0.17150529,0.27074113,0.006444471,0.03327778,0.005855346,0.01618338,0.0018158953,0.038508803,0.017236385,0.2526271,0.00041008924,0.000589477,0.0003191799,0.0059407623,0.012067405,0.00524271,0.0015246595,0.1521829,0.05709283
696748,Biology,0.00022060257,0.027942203,0.032912686,0.0044528204,0.32729617,0.0008093277,8.161718e-05,0.0011161806,0.008715058,0.020680804,0.004975311,0.030122431,0.035268083,0.00010860177,0.00033070974,0.00017152264,0.051580973,0.054035872,0.00032181927,0.0011253833,9.1172624e-05,0.00010846878,0.0018001967,0.0026534863,0.0013387093,0.00084554986,0.0002911779,0.0007332811,0.0019001422,0.037163492,0.00017187266,0.0011563649,0.004256925,0.0052969214,0.0008675845,0.0034365666,0.00094894134,0.0018209283,0.05780879,0.0022502653,0.0002646251,0.00094140216,0.013613167,0.0008068655,0.017915271,1.5165682e-05,0.0005999591,0.0035806326,3.761083e-05,9.7265365e-05,0.00019414224,0.00019217528,0.00023250964,0.027406372
701721,Parasitología,0.00022454586,0.11782856,0.09904275,0.029685182,0.057535425,0.003533763,6.8779e-05,0.0030464227,0.0071753603,0.010105407,0.054873355,0.023412634,0.10572595,0.00019281381,0.00027506135,0.00028023153,0.028030766,0.047477998,0.0003823743,0.00048204747,0.0017551923,3.8280843e-05,0.0048078517,0.0021895417,0.014685319,0.022339076,0.00027124482,0.0012831497,0.0004980699,0.008355767,0.00012631946,0.0016705514,0.0022002168,0.0020827905,0.001694048,0.22784568,0.03841848,0.0022706857,0.09375756,0.0056583793,0.0011673671,0.0004986464,0.21311449,0.009718077,0.07020976,5.548867e-05,0.00040082115,3.88606e-05,0.00024694475,0.0008527064,0.00068439014,0.00037006283,0.0069765714,0.012780076
701645,Patología,0.0010093463,0.18293743,0.08589424,0.029156912,0.16899194,0.00494201,0.00028290713,0.003854135,0.022756506,0.045629382,0.038730677,0.11835518,0.108595945,0.0014165485,0.002215174,0.0021819645,0.10191365,0.084636964,0.0015490707,0.0015631686,0.002243253,0.00019074333,0.006258483,0.0063680913,0.023203043,0.033119902,0.001022776,0.0012400221,0.01027716,0.04250967,0.0011799143,0.008747178,0.0073609776,0.019106472,0.0019507692,0.12634319,0.02152838,0.009685398,0.20233496,0.0077366214,0.0018819934,0.0028827968,0.18894926,0.020128476,0.07986024,0.0002714443,0.0031884827,0.0005918253,0.00040993816,0.0010562757,0.0013571113,0.0010748283,0.0028738163,0.04791883
696818,Rheumatology,0.0006381275,0.0014618185,0.00872608,0.00033330708,0.05345771,6.789373e-05,0.0005155801,0.0024471695,0.0017129601,0.0017925578,0.0015299261,0.00022390278,0.024822444,5.0242375e-05,9.801067e-05,2.6636684e-05,0.0049332804,0.011992556,0.0007587467,0.013599134,0.00017312431,0.0016291195,0.0067356676,0.0014957715,0.0004017986,7.2332514e-05,0.0009447064,0.0012870776,0.0005412094,0.013782868,4.948452e-05,0.00015012483,0.00071762997,0.0024997627,0.024090752,0.00021140547,0.0004136249,0.000413241,0.008346293,0.0014319202,7.3641386e-05,0.00020137496,0.0011447459,0.00023094163,0.0049047587,5.8656556e-06,0.0001613523,0.28452635,2.4174939e-05,6.1827224e-05,0.0010435067,0.00041965785,0.0004530583,0.059565835
700290,Parasitology,0.008517409,0.008758874,0.063061416,0.029035024,0.016306814,0.0042026048,0.00041288682,0.024316741,0.011515508,0.0027284161,0.013092164,0.00082703226,0.018904978,0.00021939162,0.0008049583,0.000109060056,0.005364581,0.029915158,0.0014580431,0.0075616273,0.0005579439,0.035027903,0.04017124,0.0023259292,0.0033328163,6.622944e-05,0.0009947798,0.013118116,0.00059862767,0.01029177,0.0004113874,0.0055868463,0.00069284363,0.0019733498,0.40395626,0.001272455,0.0036513344,0.0027584839,0.015025034,0.029916452,0.00050969544,0.0005596751,0.009289,0.0005105333,0.013011577,0.00024112404,0.0054447902,0.045762923,0.002088984,0.0023410255,0.025429307,0.013476273,0.0038378432,0.011147052
696631,"Chemistry, Multidisciplinary",0.0011840713,0.007927141,0.037901416,0.11456038,0.08480557,0.001470997,0.000300388,0.0032857987,0.0025593212,0.009103149,0.033802725,0.23698954,0.1115529,0.0009735058,0.003026324,0.0002373735,0.019697277,0.005737275,0.0010325896,0.006724855,0.00016229044,0.00017640826,0.00023886719,0.003487417,0.0002224015,0.000588707,0.00017961652,0.0008662661,0.006504719,0.006172384,0.006763402,0.0018014782,0.0021313182,0.001625302,0.0012177015,0.0015631835,0.0002766388,0.0009943641,0.029048484,0.003215492,0.0013274718,0.0005464369,0.00911993,0.0016385838,0.008384437,7.818869e-05,0.0010957405,0.0033241555,2.6395624e-05,6.524109e-05,0.00013270453,0.00061875617,0.00010646794,0.013915693
700269,"Chemistry, Multidisciplinary",0.0014475358,0.008299483,0.028856821,0.038397953,0.055823408,0.00079240854,0.00025490724,0.0054296697,0.002134708,0.0032635087,0.030507455,0.1402713,0.06437176,0.00050874485,0.0032889578,0.00031045155,0.024215244,0.01363039,0.00092144764,0.0031442149,0.000129866,0.00033344852,0.0006396165,0.0028304604,0.0002452184,0.00018419248,0.00016970727,0.0006237556,0.0041652964,0.009355744,0.003996379,0.0019051753,0.0014044618,0.0016492984,0.0022746753,0.0009944211,0.0001842153,0.0018517238,0.034833994,0.0044918796,0.000712606,0.0008455309,0.010050093,0.0007847501,0.007389729,5.07964e-05,0.0010628626,0.016450569,2.432621e-05,5.3095024e-05,0.00021876309,0.0009494301,0.00010864601,0.016395096
699677,"Chemistry, Multidisciplinary",0.00018056094,0.056122605,0.002602335,0.00068436074,0.0022733968,2.9246678e-05,7.2913294e-06,0.0026009283,0.00012135417,0.000747203,0.0057115103,0.39038548,0.0010273316,0.0006411506,0.0047333264,0.045589264,0.20903905,0.044621926,0.0009278888,9.2544684e-07,3.1721498e-05,8.526214e-06,0.0013233912,0.0013280447,0.0053216424,0.00012935091,2.0679418e-05,1.9004148e-05,0.002753407,0.013274854,0.0037642855,0.012563948,0.00016397098,0.00856247,0.00010660144,0.029788641,0.000118643984,0.002243095,0.13488795,0.0034887015,0.00030635874,0.018811453,0.09113072,0.0011759754,0.0032205349,8.837732e-05,0.008545292,0.0003819426,2.4687353e-05,5.3061056e-05,0.00013925433,0.0007312111,1.5148163e-05,0.001047176
698187,Rheumatology,0.0009281497,0.001140978,0.015423053,0.0033356526,0.048768874,0.00023039292,0.00031921975,0.004752698,0.0010836388,0.0010784869,0.006601115,0.00021641153,0.022606917,3.5358677e-05,0.00011124033,1.4261941e-05,0.0036677802,0.0133009,0.0005281133,0.020248925,0.00011607564,0.0022325728,0.005857728,0.0014366283,0.00016645348,3.277739e-05,0.00046580992,0.005691944,0.00014864955,0.0059869722,0.000103368206,0.00018325122,0.000578227,0.00036636775,0.02643872,0.0001844839,0.00025069132,0.00049420196,0.00661475,0.00286023,0.00022621233,0.00019048524,0.001996615,0.00012343917,0.005364747,1.195529e-05,0.00018410714,0.1311649,4.2840355e-05,0.00010439992,0.00045695296,0.0005345575,0.00067059207,0.029913656
696609,Patología,1.9556132e-05,0.029354177,0.015845701,0.00016598657,0.07585189,7.5424e-05,1.6614163e-06,0.00052016956,0.0022567732,0.0028362887,0.003319902,0.06808923,0.0071355524,1.3019091e-05,0.00014818084,0.00022888283,0.015289159,0.022229882,0.00041437833,1.4988907e-06,6.3479376e-05,3.1969294e-06,0.0011878365,0.0005674452,0.0014110733,0.00067947886,2.2887181e-05,5.287613e-05,0.0008887838,0.013978675,1.4273356e-05,0.0008203244,0.003622191,0.016394917,4.3590717e-05,0.0042387443,0.0003430484,0.0010324587,0.101646386,0.0011439583,6.255288e-05,0.0003059979,0.0114128785,0.0016045406,0.003087745,1.5457715e-06,0.0002454308,0.00041845045,5.8669034e-06,7.0551623e-06,8.376672e-05,2.0110258e-05,3.744949e-05,0.004806821
940002,"Chemistry, Multidisciplinary",0.0001904709,0.076445855,0.06097496,0.024809502,0.10421328,0.0016524419,4.8327947e-05,0.0011597455,0.004422569,0.018516785,0.03439537,0.11201941,0.09885357,0.00036478497,0.00061053503,0.0004892973,0.06263732,0.03056736,0.00036954967,0.00041731296,0.00056144665,1.5182903e-05,0.0009913585,0.0027112362,0.005178396,0.013582672,0.00017464056,0.00045896607,0.0018274733,0.011019997,0.0004159806,0.0017292134,0.0030642909,0.0034716353,0.00027654573,0.084972054,0.007632113,0.0023912701,0.109860495,0.0026898563,0.001076775,0.0006174522,0.10281078,0.008990202,0.052607674,4.1637424e-05,0.00046436398,6.363083e-05,5.29984e-05,0.00015714667,0.00011773886,0.00021096993,0.0009094953,0.014170041
915637,Patología,0.000256992,0.09571388,0.035222206,0.004683434,0.11935133,0.0015469637,4.15565e-05,0.0022366573,0.0056462972,0.018953208,0.022335937,0.1612769,0.012947758,0.00028091125,0.0009801278,0.004399528,0.16635244,0.11568024,0.0020549751,7.647058e-05,0.0002681063,5.353072e-05,0.008576706,0.003058122,0.008494247,0.005400089,0.00023392853,0.00057658117,0.0064537833,0.03951539,0.00085577864,0.009443428,0.004674036,0.016325634,0.0004985102,0.044741288,0.0025658857,0.00758866,0.20525905,0.004379699,0.0020870843,0.0049525145,0.07311758,0.006785601,0.024162928,8.163742e-05,0.0038019305,0.00077339116,0.0001389735,0.00028415088,0.0007278771,0.00033936795,0.00068219233,0.0151265375
848140,"Chemistry, Multidisciplinary",0.00024574055,0.005257727,0.027187183,0.2992845,0.015808335,0.0007199343,6.1634764e-06,0.00045423929,0.0009905263,0.0011129958,0.013649366,0.92388284,0.013392054,0.00035492703,0.002868251,0.00013843467,0.012781514,0.00075716275,0.00022959472,3.8210484e-05,1.25502065e-05,1.3027189e-05,5.5134033e-06,0.0009297349,4.9665534e-05,3.7932783e-05,5.9744348e-06,2.7383205e-05,0.003289319,0.00087564037,0.008033458,0.0024877118,0.000301359,0.00073418,1.7333363e-05,0.0006099254,3.0214402e-05,0.00044518002,0.016398754,0.0011078707,0.0004869544,0.0001418374,0.0071921227,0.00063836173,0.0015866001,1.6101409e-05,0.00093613926,3.2705884e-05,2.3183306e-06,1.3372221e-05,3.307542e-06,0.000115293304,1.223266e-06,0.00047636693
900690,Análisis cromatográfico,0.0007852063,0.21508524,0.023536962,0.002598332,0.015639009,0.0005261056,0.0002695994,0.009416676,0.007861882,0.0021729055,0.14587758,0.056217078,0.01637161,0.0010350001,0.0051742466,0.019277764,0.060821403,0.071921304,0.005070796,6.340345e-05,0.0016792045,0.00024139273,0.10388744,0.0045743636,0.015632741,0.0029636715,0.0005993313,0.00038554944,0.022545481,0.011028648,0.001176082,0.04446076,0.00094100484,0.062058114,0.010169231,0.040378492,0.0014347218,0.005172752,0.1852125,0.01642331,0.0023245597,0.0070210835,0.20880657,0.032707512,0.009142697,0.0003503055,0.015421063,0.0020931312,0.00041295923,0.0010666943,0.01837655,0.003745627,0.0011665875,0.011193691
945132,"Chemistry, Multidisciplinary",0.00014409942,0.10429789,0.021316757,0.007948139,0.042657178,0.0003233499,1.667936e-05,0.0010155921,0.0017697739,0.0074758567,0.022039909,0.5013156,0.016297052,0.00061374146,0.0020047189,0.0033524204,0.1524255,0.036739238,0.00058280694,3.184094e-05,0.00013806489,9.867176e-06,0.0007797665,0.0023388802,0.0042225434,0.0025836052,7.0208655e-05,5.6036322e-05,0.006962173,0.015107822,0.0016174042,0.005602012,0.001214335,0.008429577,6.313189e-05,0.04634146,0.00097543135,0.004103675,0.1689971,0.0022118494,0.0008519827,0.0019290479,0.13182226,0.0071365796,0.018392975,4.0525465e-05,0.0018856946,0.000110142384,2.2255457e-05,4.929367e-05,6.801958e-05,0.00021070657,6.7098e-05,0.0059696054
945185,"Chemistry, Multidisciplinary",0.00022640717,0.07302477,0.059328154,0.017990641,0.102741055,0.0009184521,3.3008473e-05,0.001877663,0.009242858,0.008127496,0.06559326,0.23421815,0.091472484,0.00027628537,0.002193187,0.00037816394,0.040070083,0.03276639,0.0003467643,0.00019628742,0.00030239281,2.3986333e-05,0.0013346979,0.002357162,0.0014278713,0.0010699924,7.984438e-05,0.00025427222,0.0028791777,0.010207861,0.0003386879,0.005578627,0.0026908414,0.0064748507,0.00047229565,0.0070812674,0.0005983311,0.0018923186,0.08419816,0.0067038187,0.00025705103,0.00067983544,0.06297562,0.0030538787,0.0144909145,2.3334216e-05,0.0012186152,0.0005780661,2.8981693e-05,5.98329e-05,0.00019152735,0.00033293647,0.00012021234,0.009448564
964993,Biochemistry & Molecular Biology;Parasitology,3.921815e-05,4.3048312e-06,0.0038898883,0.7627245,9.898306e-06,0.000101061,6.0645505e-07,0.00031250023,5.021325e-05,5.0166113e-07,0.009595794,6.6112176e-07,0.010274687,9.924345e-07,4.12607e-06,1.8038127e-08,4.935723e-07,4.9307353e-05,3.4549603e-07,0.003428227,1.5345047e-07,3.549242e-05,9.661999e-06,7.048506e-07,8.0571476e-07,9.246867e-08,3.872162e-08,2.9293682e-05,1.2032689e-06,3.370863e-07,3.9061793e-05,8.642698e-07,1.0928272e-07,2.9011222e-08,0.8681061,3.8175685e-06,7.1755035e-06,4.9289736e-07,1.0183732e-05,0.00016649667,4.804208e-06,3.412761e-08,5.2905485e-05,2.6496693e-07,4.7179633e-06,6.673009e-07,5.02122e-07,4.8176462e-05,4.6420854e-07,2.3064224e-06,9.809388e-05,0.0016999654,0.00014737457,3.2612736e-06
593872,Biochemistry & Molecular Biology,0.00042425768,0.0038450912,0.02167422,0.4703006,0.016598297,0.0007407979,0.00015014016,0.0018681642,0.0044104042,0.00022102488,0.34164408,0.15443128,0.2913967,0.00014082881,0.0047741192,6.9171685e-05,0.00110522,0.0022244575,9.4172385e-05,0.0021088857,5.763357e-05,1.7239821e-05,6.737152e-05,0.00063210045,3.1509604e-05,0.00028820967,1.749588e-05,0.0002916388,0.0011286625,0.00022367084,0.0012321158,0.00022479822,0.0011952581,0.00031788016,0.0023831017,0.00050055125,3.362878e-05,0.00016050802,0.0065549514,0.0028246134,0.00053786696,7.596218e-05,0.0065896963,0.0007438783,0.0008012021,1.6223003e-05,8.742903e-05,0.00052065024,7.2217945e-06,3.201861e-05,7.476812e-05,0.0007517708,0.00014484621,0.0011548058
935493,Enfermedades infecciosas,0.00022634782,0.04809211,0.0060711685,0.0013282862,0.009897536,8.84704e-05,2.087769e-05,0.0038041743,0.00025794053,0.0013332482,0.03918214,0.17761406,0.0023295237,0.00035645004,0.0022969162,0.021869391,0.2292823,0.08165302,0.0014890516,8.3430705e-06,5.3495303e-05,2.3269886e-05,0.009461711,0.0022722688,0.00257815,0.00033093334,4.0747742e-05,0.00011255778,0.0038981596,0.0099584535,0.0030049575,0.010987165,0.00034323946,0.007874152,0.00038153643,0.014166791,0.00015377428,0.0032650228,0.1294034,0.0052717435,0.0021796941,0.011502565,0.051876977,0.0026703698,0.00516084,7.61501e-05,0.003948536,0.001334631,5.3222062e-05,7.36834e-05,0.00048666628,0.0009257416,0.000103396305,0.0034148537
935494,Rheumatology,0.00090958626,0.0007098974,0.013119344,0.0023553115,0.013807175,8.977329e-05,0.00012759834,0.0055382573,0.0007606674,0.00046412987,0.002069932,0.0012468144,0.020081358,8.127956e-05,0.00042279088,1.5989812e-05,0.0015849913,0.0035734097,0.0004537985,0.004474474,7.6396966e-05,0.0011968332,0.00045806266,0.00047566748,9.012747e-05,6.2483214e-06,0.00012603961,0.0002586872,0.0002956297,0.0053550457,0.00027297036,0.00020032436,0.00026186457,0.00061033515,0.009097877,5.435049e-05,7.531921e-05,0.00020586896,0.0061286245,0.0024244841,1.31192355e-05,0.0001028318,0.0006992225,3.138105e-05,0.0015150728,5.203495e-06,0.00020022086,0.28169096,4.5101547e-06,9.053203e-06,0.00017047783,0.00044758158,3.3221415e-05,0.012559873
915619,Biology,0.00012705031,0.030032521,0.06932265,0.0054972298,0.16352743,0.001087921,3.8730446e-05,0.0014408436,0.038840707,0.006246878,0.0057141837,0.0087361,0.08781294,4.8549995e-05,0.00022344789,4.2302607e-05,0.0050018486,0.023015147,0.00017926918,0.00041733863,0.00021626054,9.028058e-05,0.0017482991,0.00085525366,0.0020759068,0.0008757609,0.00019142713,0.00033248065,0.00074938004,0.011105741,1.3367873e-05,0.0005843143,0.0035676972,0.0073033376,0.003760632,0.0034054255,0.0023957107,0.0005003128,0.027778585,0.0035045207,2.359889e-05,0.00013211844,0.011240773,0.00094947,0.0069314986,5.754992e-06,0.00027100858,0.0011551479,4.1493935e-05,8.032657e-05,0.00063799985,0.00027011323,0.0004951931,0.013381695
915638,Rheumatology,0.0002798719,0.0018509888,0.0011071428,1.0703316e-05,0.04443124,1.2456615e-05,0.0001563591,0.002855364,0.00017905975,0.00087055564,0.00129035,0.000108350105,0.00059923966,2.031739e-05,0.00012672326,0.0011023144,0.031678483,0.031305097,0.00303992,0.00027148623,6.5762084e-05,0.0004626131,0.05313571,0.00077543687,0.00063058775,2.8844244e-05,0.000477094,0.0017688827,0.00058441894,0.03321792,8.85842e-05,0.00048362196,0.00069906167,0.0102391755,0.0026414697,0.00012775687,4.3581364e-05,0.0010828241,0.037412982,0.0014187903,0.00010533509,0.004125447,0.0006509357,4.380775e-05,0.002481611,8.584477e-06,0.0006746096,0.609915,3.4880657e-05,2.8643017e-05,0.00074798166,0.00021421429,8.3872306e-05,0.030339912
594442,Biology,0.00025151198,0.06012328,0.032854054,0.010901679,0.2645283,0.0015658783,9.7298296e-05,0.0022468015,0.014432529,0.021652054,0.049550086,0.20748855,0.058547527,0.00024418347,0.0026781925,0.0016099188,0.051048376,0.06505175,0.0013367039,0.00028104012,0.00032003122,3.3776338e-05,0.003078768,0.0046735704,0.0022922494,0.00630824,0.00026261737,0.0013021805,0.0058616647,0.02089238,0.0004149107,0.003665584,0.032385454,0.019349027,0.00036908037,0.010526697,0.00093597244,0.0032864953,0.096045375,0.0074001625,0.0010567537,0.0026621064,0.036822513,0.005666262,0.015863784,4.788305e-05,0.0013645114,0.001956544,9.8278244e-05,0.00014323404,0.00031535877,0.00031922766,0.00053967885,0.019117326
704207,Biology,0.00028814617,0.055648185,0.020103522,0.00021839296,0.25753817,0.00042657283,0.00011719639,0.0033470842,0.007272177,0.0169731,0.002925263,0.003310164,0.0074678822,5.363726e-05,0.00026801223,0.0006309437,0.0523539,0.09403497,0.0040643048,0.00017749975,0.0002513183,0.00043308656,0.06567486,0.00197087,0.0046711266,0.00034906418,0.0007777109,0.0008709523,0.009341396,0.07508072,4.4610573e-05,0.0093446495,0.0015074193,0.07635145,0.006394558,0.0015131775,0.0005726518,0.0023444758,0.12634961,0.004548134,0.00011255499,0.0017289754,0.015739458,0.0008704412,0.009786663,1.5677464e-05,0.0056587444,0.04832418,0.00011260673,0.00013444526,0.005507325,0.00047687057,0.00019602818,0.058239035
592859,Biology,0.0005441546,0.0063396213,0.073213205,0.08309093,0.27247855,0.0030700183,0.00027139048,0.002279509,0.0022755174,0.035669263,0.031142443,0.078286566,0.19441803,0.00034597775,0.00041957106,6.055934e-05,0.017814858,0.007283904,0.0010439577,0.0143949,0.00030764684,9.571556e-05,0.00029923837,0.008282126,0.00019396056,0.0015706711,0.00036788775,0.010240621,0.0009293194,0.006098317,0.0013852904,0.00076768844,0.0062685567,0.000869746,0.00064248225,0.0030653735,0.0010184728,0.00070531183,0.028708426,0.002319068,0.003360929,0.00038650035,0.008210334,0.0031097222,0.02280733,5.0867653e-05,0.00031718478,0.0009824276,4.5917615e-05,0.00012293046,6.815118e-05,0.00015113255,0.00058065203,0.018888451
938209,Infectious Diseases,0.00033229592,0.052029178,0.014303761,0.00027114555,0.022727717,0.00010756433,5.1583884e-05,0.0061583742,0.0020751897,0.001217843,0.047412585,0.0068364274,0.0036144264,0.00013391148,0.0010371897,0.005782366,0.09683338,0.05447365,0.001437123,3.3698736e-05,0.00046877182,0.00013021595,0.1386846,0.0018365278,0.005439876,0.00042717936,0.0001934864,0.0003881142,0.0022280375,0.012357207,0.00018418106,0.01038,0.00067167013,0.028779684,0.0022265813,0.0040619853,0.00036592354,0.0027356003,0.06422785,0.00811289,0.0005517982,0.004807943,0.031768635,0.0029828516,0.009035776,2.5615882e-05,0.0039017163,0.007658881,0.00010723487,0.00014435343,0.0034328157,0.0009250693,0.00036211376,0.014867385
599606,"Biochemistry & Molecular Biology;Chemistry, Multidisciplinary",5.1807747e-05,0.00046505456,0.0019145911,0.43163204,0.0084537165,0.000115394054,1.1748893e-05,9.193813e-05,3.6931193e-05,0.000295557,0.020164154,0.61450124,0.0036950991,0.00013525624,0.0005756329,7.646504e-05,0.008388434,0.0002576996,6.3666164e-05,0.00023044848,9.928331e-07,2.373222e-06,1.2147482e-06,0.00031876023,2.672632e-06,1.3993365e-05,1.9747438e-06,3.4146127e-05,0.0011894504,9.2815564e-05,0.034037814,9.858009e-05,5.8029702e-05,2.1658283e-05,3.1661632e-06,0.00013718917,2.3245805e-06,3.959594e-05,0.0027041696,5.9452286e-05,0.0029075372,5.1678908e-05,0.0015345169,0.00014199318,0.00058102905,7.039187e-06,7.555422e-05,1.1428229e-05,2.3184184e-07,2.5258385e-06,1.7432632e-07,3.5549434e-05,6.633296e-07,0.00014493531
785440,"Chemistry, Organic",0.0012358386,0.040958073,0.10488779,0.03096376,0.14428557,0.0023966897,0.00059046864,0.004598894,0.0111011965,0.014622106,0.045204002,0.008031721,0.2484543,0.0005312194,0.0005783053,0.00011186825,0.02859975,0.036069736,0.00056219014,0.018935598,0.0019047818,0.00051065837,0.0065428712,0.004152093,0.0039517493,0.005558163,0.0009150329,0.0034048914,0.0012294134,0.016913524,0.00037974716,0.0016014947,0.002644392,0.0028034428,0.0131924,0.020215068,0.008528361,0.0020374719,0.048200816,0.005569568,0.0010654198,0.00049635186,0.04316414,0.0048275357,0.04251899,0.00010124592,0.00067449035,0.002033005,0.00025218553,0.0007379306,0.0012341576,0.0010219767,0.0046059154,0.047063816
785441,Biochemistry & Molecular Biology,1.2526734e-05,0.00013823614,0.0095650125,0.99871564,0.005718346,0.0095537985,1.4139138e-06,1.9094854e-05,0.0020165683,0.00041472565,0.02965369,0.024351483,0.0124954935,6.4409724e-06,1.4238581e-05,1.4824315e-07,1.4774587e-05,6.238013e-05,2.22142e-06,0.0021197754,3.3825143e-07,2.7504186e-06,2.4159107e-07,8.956603e-05,2.1490987e-06,3.0216302e-06,4.806811e-07,0.0008548329,1.2715519e-05,1.5635229e-06,0.0005014094,2.2521035e-05,3.7204976e-05,4.7623183e-07,0.00014619257,5.558187e-05,1.0366003e-05,2.1769629e-06,5.882125e-05,5.7810645e-05,0.00022969214,4.8336614e-07,0.00052398763,3.2670036e-05,8.976919e-05,5.7306365e-06,4.813867e-06,6.775069e-08,2.6261832e-06,3.9601793e-05,4.4693832e-07,1.8136787e-05,2.6056491e-06,2.470638e-06
597552,"Chemistry, Organic",0.0011397287,0.039188355,0.10074091,0.03557406,0.14149679,0.0023376201,0.00058565265,0.0042221723,0.011122285,0.012577022,0.05417682,0.008944013,0.2606775,0.0004949449,0.00061751634,0.0001139859,0.027185222,0.0337757,0.0004965057,0.018790543,0.0017051832,0.0004239334,0.0057260706,0.003940721,0.0033331662,0.005534117,0.00082915137,0.0032250918,0.0012043312,0.014146407,0.0003849251,0.0014182176,0.0027125129,0.0025124578,0.011572644,0.019223558,0.007098579,0.0019599232,0.04599746,0.0053652073,0.0011070805,0.00047037491,0.044590563,0.004807993,0.039114643,9.4947754e-05,0.0006007576,0.0017498618,0.00022021544,0.00067839155,0.0010611032,0.00096347946,0.0044116564,0.041315686
596483,Biochemical Research Methods,0.0004333323,0.004102389,0.113601,0.062382445,0.06442813,0.0019408256,2.2794e-05,0.0011297861,0.0015036223,0.012511084,0.0048515205,0.059526548,0.045052774,0.00030705027,0.00021874308,1.35253185e-05,0.016323887,0.0032298123,0.00025600937,0.0023475415,0.00010841036,0.00024462875,9.13979e-05,0.0017253958,0.00021006067,7.943928e-05,5.224823e-05,0.00049069064,0.0006330518,0.006512079,0.001292658,0.0011491878,0.00047835973,0.00040313147,0.00046685163,0.0010829406,0.00083747605,0.0007032932,0.015494377,0.0013643723,0.00031262718,0.00011053758,0.004612787,0.00038922337,0.010166016,1.5511483e-05,0.00044713507,0.0005146771,1.1211263e-05,3.0182206e-05,2.3861421e-05,0.00012203243,2.9639286e-05,0.0063485545
771776,Rheumatology,0.0014031845,0.007697111,0.03724691,0.0018148542,0.04492826,0.0007104608,0.00023302964,0.011557126,0.003479644,0.004857775,0.0029357222,0.0017711306,0.021438856,0.0001004509,0.00026076706,0.00017190479,0.015477352,0.059536606,0.0015647225,0.0022676953,0.00015577902,0.0026704688,0.013286984,0.0018324046,0.0023902876,0.00011360859,0.0007419007,0.0011701231,0.0011462315,0.03959269,0.00016048049,0.0012443105,0.0007553747,0.0045953337,0.06345688,0.0013249286,0.0019339059,0.0014814947,0.03927018,0.010056498,0.00017058969,0.0006574939,0.0066538076,0.00041268437,0.010736018,3.438382e-05,0.0008828415,0.10500048,0.00017265647,0.00026921285,0.0068642297,0.002319709,0.0010217591,0.034277104
644554,Genetics & Heredity,0.0005189589,0.0008056206,0.01587629,0.016238231,0.047198188,0.00015798246,0.00018512971,0.0009622103,0.00035392397,0.0029893154,0.0049104476,0.0018626571,0.03811973,0.00018200981,0.00011741418,5.775968e-06,0.0066326843,0.0025887182,0.00019408285,0.07282018,6.815918e-05,0.00053164747,0.00018333129,0.0016739098,5.5116285e-05,5.6770295e-05,0.00014921249,0.0013465284,0.0003071229,0.0042287814,0.0010611457,0.00011704529,0.0003411085,0.00011247644,0.0015084409,0.0002768966,0.00018458313,0.00029379214,0.00463032,0.0004197265,0.00029878027,7.184601e-05,0.001549399,0.00019504991,0.004936788,1.0902528e-05,0.00011616477,0.01019092,6.1193923e-06,2.4132996e-05,2.2316988e-05,8.7173445e-05,6.238757e-05,0.018679066
645870,Cell Biology,3.4558932e-06,0.00014312523,0.0017793168,0.0006081064,0.0034757473,0.0001573731,1.4943106e-06,0.00011392863,0.052804105,6.546551e-05,8.714343e-05,5.029932e-05,0.0009994388,5.082846e-08,4.3147943e-06,2.6682821e-06,1.3452444e-05,0.0028126785,1.68727e-05,1.4288215e-05,2.4234473e-07,4.1981628e-05,0.0003224805,1.2672291e-05,3.7994436e-05,2.458388e-06,1.3446287e-05,2.0203972e-05,0.00013026924,0.00013750205,7.928039e-08,5.250872e-06,0.00047718975,0.0011273152,0.025698634,5.8791466e-06,2.0898744e-05,1.9860321e-05,0.00048240254,0.00032450643,3.1130855e-07,2.329816e-06,5.2367202e-05,5.5910846e-06,2.5879472e-05,3.5268943e-08,5.978852e-06,0.0062044603,1.5047412e-06,2.3170974e-06,0.002336415,8.4698615e-05,7.104636e-05,0.00013677786
600186,Infectious Diseases,0.00034797934,0.0014016599,0.0020780694,2.5602425e-05,0.0053595887,3.9558236e-05,0.00037732956,0.0025349632,0.0002900571,0.00012069348,0.01336831,5.808735e-07,0.0005805236,3.5380024e-06,9.883563e-06,0.00010970947,0.0030070369,0.019048369,0.0012950822,0.0015273642,0.00034181867,0.0026854633,0.7161293,0.0008534192,0.0015046326,8.938147e-05,0.001462658,0.04532722,5.1538304e-05,0.002479964,3.950036e-06,0.00014324224,0.000319287,0.0015330126,0.11072599,0.00039680247,0.0012776789,0.000652937,0.0036865429,0.002657669,0.001781065,0.0007245016,0.0008879056,0.0005316107,0.009362268,6.101723e-06,0.00011846593,0.042246293,0.00065873645,0.000912652,0.013141124,0.00064791803,0.009825021,0.031919558
592899,Biochemistry & Molecular Biology;Parasitology,5.1695373e-05,7.614778e-05,0.018913794,0.4455528,0.00012421128,0.00037362377,4.087966e-07,0.0006466476,0.0016955294,8.7509425e-06,0.0038520303,0.00020281921,0.019331336,1.8062111e-06,2.8835057e-05,1.2940544e-07,4.56631e-06,0.00030621712,1.2559287e-06,0.00022729917,3.8383297e-07,3.3697706e-05,1.3177993e-05,4.118341e-06,5.4012035e-06,5.0095497e-07,1.1964623e-07,1.1269954e-05,1.1306264e-05,8.404001e-06,1.64088e-05,1.633322e-05,2.8463069e-06,2.6208338e-06,0.49072403,1.0549083e-05,2.6644253e-05,2.3764903e-06,0.00012636573,0.00085566984,1.5656013e-06,3.0020706e-07,0.00012228357,1.9795539e-06,1.6337754e-05,3.3817463e-07,5.088826e-06,0.0001643979,6.724089e-07,3.216526e-06,0.00036011374,0.0013501839,5.1864252e-05,2.2109452e-05
592411,Biology,0.00071118533,0.010695333,0.036722384,0.026732929,0.18069045,0.00095644064,0.00038879318,0.0015331521,0.00801473,0.0103729535,0.0209665,0.06935315,0.14417168,0.00045420724,0.0009942638,0.00013364946,0.026887145,0.010600119,0.0006105103,0.008214847,0.00020237222,0.00022346771,0.0007214426,0.0051132133,0.0004039233,0.0010601216,0.0004215628,0.00094674504,0.005344549,0.009785844,0.0010194902,0.0007878694,0.0039515183,0.0032624134,0.0018007597,0.0017791315,0.0006079371,0.00118314,0.027873937,0.0016614317,0.0009430921,0.00040304926,0.011111094,0.0028191993,0.01242427,3.6081594e-05,0.00046597398,0.0040228493,2.9741897e-05,9.343506e-05,0.00021278566,0.0003716348,0.00030075482,0.023532545
699968,"Biochemistry & Molecular Biology;Chemistry, Medicinal",6.3370015e-07,0.00010815997,0.00051386043,0.9864048,0.0001808149,2.639337e-06,1.4918046e-06,7.693585e-06,1.5459573e-05,3.207295e-08,0.96889913,0.008469283,0.35930958,8.441798e-07,0.00022147888,1.247742e-07,2.3216385e-06,2.3317021e-05,7.0275505e-08,6.010712e-05,3.1471565e-08,3.2353337e-10,4.726776e-08,1.6992317e-06,2.039132e-08,2.4766537e-06,2.6272302e-09,2.1283515e-06,6.7893834e-06,1.933353e-08,5.778634e-05,2.0006057e-07,2.8945867e-06,1.18357015e-07,4.0692954e-05,2.2843069e-05,1.0344368e-08,5.3070625e-08,4.4874305e-05,1.1059207e-05,6.1711304e-05,4.2389704e-08,0.0008150268,1.0500463e-05,1.5120476e-06,1.27643585e-08,3.7245535e-08,3.358749e-08,2.3548365e-09,4.8625253e-08,1.43632395e-08,1.0312373e-05,3.487688e-07,9.986218e-07
662421,"Chemistry, Multidisciplinary",0.00097172434,0.016687466,0.032009546,0.028821183,0.084665515,0.00094478246,0.000120221855,0.006531466,0.0011295084,0.007299194,0.03948249,0.47602284,0.043480698,0.0005793217,0.0059991674,0.0013996151,0.06083854,0.020006241,0.0020137527,0.00037612088,0.00015204404,8.4633386e-05,0.00052663515,0.004615119,0.0003799702,0.00030559418,0.0001331347,0.00092078245,0.003795449,0.013995576,0.006713783,0.0049357596,0.002992069,0.0032659569,0.00043431096,0.0022618293,0.00017542548,0.0026452271,0.09075722,0.0070042987,0.0020699885,0.002444226,0.014092616,0.0011428348,0.012583984,6.6171866e-05,0.0022239864,0.0064072474,3.16818e-05,4.5086806e-05,0.00011427712,0.00076857564,7.722192e-05,0.009627058
662460,Cell Biology,1.8009375e-06,0.0014717896,0.007354253,0.010386115,0.031800736,0.00044986253,1.3954032e-07,5.718359e-06,0.19137229,0.00091773656,0.00011131959,0.019167067,0.0050333026,1.1442637e-06,1.4433137e-05,8.946262e-07,0.00010449493,0.00077206275,2.655103e-06,7.2452485e-06,3.4800695e-07,5.564689e-06,6.0919438e-06,2.9426314e-05,3.0756146e-05,5.8868386e-06,2.9332657e-06,1.447586e-06,0.0009221797,0.00020264738,1.1544938e-06,3.6527483e-05,0.00030388148,0.00095030846,0.00017718252,3.288826e-05,2.5765037e-05,2.7811182e-05,0.0013989892,4.6060235e-05,2.5752968e-07,1.3653273e-06,0.0003198116,4.1960655e-05,0.00011497206,4.3192145e-08,2.1756448e-05,2.1746515e-05,1.6059249e-07,4.2829217e-07,2.1895072e-05,7.5410244e-06,1.4320233e-06,0.00018692153
662439,Rheumatology,0.00084538787,0.0017101882,0.014995979,0.015919726,0.011987829,0.00032668767,0.00017197462,0.006888391,0.0013852286,0.0003423246,0.027756138,0.0017233863,0.03202533,3.6346377e-05,0.0004477004,4.1793162e-05,0.002487844,0.015727194,0.00026712602,0.004966768,5.2052284e-05,0.0007307451,0.0024952476,0.0006860184,0.00012323748,3.1661988e-05,0.00011409889,0.0008515436,0.00033075263,0.002240319,0.00023868617,0.00027220286,0.0003059017,0.00033705615,0.036677923,0.00023409656,0.00010231176,0.0005229037,0.008213251,0.0053336956,0.00021043954,0.0001847534,0.0040054056,0.00012065355,0.0023175988,1.3523874e-05,0.00017430834,0.061850343,2.6708236e-05,7.6705386e-05,0.0007554683,0.0014379506,0.00045689504,0.00897353
663979,Parasitology,0.00024033012,4.5441884e-05,0.006887129,0.19899403,6.6285545e-05,0.00017306425,9.962989e-06,0.0015936488,0.00018167397,5.481966e-06,0.0076635284,3.901229e-06,0.012461958,6.6301227e-06,2.5540536e-05,3.9803032e-07,1.0168612e-05,0.00057450595,6.8497693e-06,0.006868378,1.914088e-06,0.00045508356,0.00029797124,1.3936445e-05,1.1605716e-05,8.609808e-07,1.914632e-06,0.00024474354,1.6527385e-05,1.2121686e-05,9.401671e-05,1.1159762e-05,1.9375375e-06,1.1484836e-06,0.9133967,2.3701126e-05,6.187052e-05,8.5296215e-06,0.00015836599,0.0007525998,4.6820176e-05,9.725683e-07,0.0003370367,5.031718e-06,5.0182134e-05,4.8193006e-06,1.1729749e-05,0.0012875822,4.311068e-06,1.6020262e-05,0.0015367527,0.0056983815,0.0007295819,8.408878e-05
662446,"Chemistry, Multidisciplinary",0.00044235212,0.0074034696,0.041656826,0.29738075,0.045233365,0.0025117325,2.89067e-05,0.0009977149,0.002372528,0.0050478945,0.017284818,0.70007396,0.037173536,0.00039900842,0.0018969635,0.00015516544,0.01673217,0.0038441613,0.00036840013,0.00043025034,2.733121e-05,5.944106e-05,2.6895765e-05,0.0021230457,0.00011354003,0.00012451781,2.9054998e-05,0.0001736441,0.0030851949,0.002588835,0.0066054156,0.0020874685,0.0008186735,0.0006284105,0.00017429022,0.0014503982,0.00015965219,0.00069533876,0.022990463,0.002205182,0.0008436477,0.00032154325,0.009385103,0.00071957515,0.004295291,3.2230826e-05,0.0008045553,0.00022390661,1.0881337e-05,4.6669993e-05,1.974418e-05,0.00025982203,1.6109103e-05,0.0020100093
592917,"Chemistry, Multidisciplinary",0.0007739216,0.008781374,0.02599857,0.21543291,0.018972494,0.0010551506,0.00015878605,0.0025943595,0.0071120784,0.0012162112,0.083632715,0.38236126,0.12060154,0.0007091333,0.006648049,0.0002699595,0.004161981,0.00434701,0.00060190534,0.0011218062,7.0500035e-05,9.751434e-05,0.00019029752,0.0014163805,0.0001396567,0.00032011484,4.4997807e-05,9.039084e-05,0.025101406,0.001286235,0.005396799,0.0017686102,0.0008640699,0.0028714288,0.005227414,0.0006786233,0.00010326781,0.0004787824,0.023700617,0.0033409083,0.0007648137,0.0001886913,0.012388755,0.0020387084,0.0009917449,5.7754383e-05,0.00066623016,0.0018687309,1.274728e-05,3.870718e-05,0.00046407367,0.0018819593,6.095832e-05,0.0028384689
593423,"Chemistry, Multidisciplinary",7.1976785e-05,0.0032570637,0.0066587385,0.015361121,0.014288179,2.3067827e-05,7.108177e-06,0.00080724317,0.00012606579,0.00029662263,0.030452128,0.7802235,0.038012367,0.000112157926,0.004257935,0.00012941778,0.009409855,0.0008418124,8.784184e-05,3.0272458e-05,1.0656344e-05,8.381073e-07,6.635404e-06,0.00035981042,1.13386905e-05,2.7142116e-05,2.4569724e-06,8.057562e-06,0.0014989626,0.0010085948,0.001896624,0.00037381044,0.00031289968,0.0006845372,8.424438e-06,0.00015021907,2.345533e-06,0.0001685608,0.020911472,0.00076837855,5.7936148e-05,0.000119987984,0.002678679,0.00017541845,0.0008937717,1.5073769e-06,0.00012856159,0.0006203097,1.4671825e-07,3.491192e-07,1.4554805e-06,4.353393e-05,4.3843963e-07,0.001651695
593916,"Chemistry, Multidisciplinary",0.0014435353,0.007924048,0.071809046,0.17683558,0.120661356,0.004046092,0.00017168104,0.00312274,0.012978494,0.011904962,0.026065513,0.30906856,0.095376894,0.00065105385,0.0027093545,9.2836286e-05,0.010143346,0.00563104,0.00069080404,0.0053887144,0.00018771239,0.0005337523,0.00019387105,0.0052346815,0.00021355088,0.00028731555,0.00018782537,0.0018801295,0.0029150473,0.0067865686,0.0031280732,0.002535823,0.005016712,0.0017627815,0.0011253285,0.0010329064,0.00045271142,0.0013466271,0.019628309,0.0047130045,0.0006467209,0.00057380035,0.006431977,0.0012475272,0.0071352078,5.8617698e-05,0.0012876171,0.003625015,4.6177e-05,0.0001206844,0.00013336772,0.00046243033,9.394412e-05,0.0101203425
593854,Cell Biology,0.00028625794,0.10088246,0.03282305,0.03907346,0.01418359,0.0022113873,5.844088e-05,0.0022027313,0.19151317,0.0016584527,0.03907573,0.032662626,0.03886967,0.00014138181,0.0016173841,0.0005738462,0.005956121,0.06195367,0.00012522055,0.00016028718,0.00015296221,0.0003045166,0.005886365,0.00065994007,0.0074090012,0.00165379,0.00014633832,6.159342e-05,0.014622553,0.0042632334,0.00011575234,0.0029932063,0.0009247463,0.015789755,0.037614662,0.009514703,0.0030253057,0.002082178,0.043023065,0.0031299654,0.00011440197,0.00023984394,0.099798135,0.0041343076,0.0027180288,2.9530018e-05,0.00124634,0.0004495408,0.0001484872,0.00048501778,0.011847643,0.0027700642,0.00097308104,0.0025383367
722621,"Chemistry, Multidisciplinary",0.00025940296,0.13573472,0.00834539,0.00062095094,0.0027025344,6.6727844e-05,6.4639366e-06,0.0031917333,0.00023235228,0.0014275293,0.003943417,0.2527128,0.0014343326,0.00069851655,0.0025271731,0.018465038,0.21060333,0.050762683,0.000786128,1.8169692e-06,0.00013093524,2.0942114e-05,0.0026960813,0.0012308026,0.019697186,0.00033264808,4.6816556e-05,1.8317982e-05,0.0021420165,0.023471111,0.0019258866,0.01783251,0.00010364141,0.0098611405,0.00015563828,0.08896594,0.0008425969,0.004881061,0.2006335,0.0050100684,0.00025513823,0.013130505,0.19871426,0.0020953205,0.013476411,7.5423646e-05,0.012153982,0.00021700868,3.3724933e-05,0.00010833792,0.00022814161,0.00061324076,2.996373e-05,0.002632816
688381,Rheumatology,0.00012535078,0.0022632333,0.009058725,0.00013240243,0.08716117,5.8061865e-05,9.200091e-05,0.0020946036,0.0007570707,0.0033236768,0.0020636094,0.0024641086,0.029769609,1.9495314e-05,0.00013964005,5.8883652e-05,0.006067205,0.010108026,0.0013757206,0.0002500191,0.00010505925,4.4561802e-05,0.0025396745,0.00092686695,0.00029292426,0.00014861923,0.00017477083,0.0005965465,0.0011904894,0.010519389,2.2537515e-05,0.00034327313,0.0020355657,0.009690705,0.0019541003,0.00022683869,0.00013363341,0.0003150459,0.03349426,0.0016918794,6.317519e-05,0.00022221709,0.0009397286,0.00029920615,0.00277788,2.6138998e-06,0.0001267084,0.1225066,6.782905e-06,8.715479e-06,0.0005402175,0.00016599605,9.8736455e-05,0.029423626
640136,"Chemistry, Medicinal;Chemistry, Organic",2.9807235e-05,0.0054393113,0.0060182516,0.3098021,0.014394589,4.950198e-05,2.6804762e-05,0.00020756538,0.00024175388,0.00020814351,0.4101047,0.16191843,0.41195825,0.00011227542,0.0023213294,3.4714936e-05,0.0015010794,0.0013473782,1.7416807e-05,0.000448244,1.7734912e-05,9.6250176e-08,4.4071608e-06,0.00012355421,1.7762502e-05,0.00073024345,2.1006226e-06,3.0154959e-05,0.0008981173,0.000112504335,0.000615613,5.5548117e-05,0.0004184708,0.00013764846,4.499609e-05,0.001217499,8.335786e-06,2.9787201e-05,0.012991781,0.00039220665,0.00019842963,2.3137427e-05,0.012157221,0.00041967907,0.0007679281,2.3989562e-06,1.4157798e-05,1.4974482e-05,2.7127967e-07,1.290471e-06,1.384221e-06,5.625724e-05,8.47607e-06,0.00072707597
640190,"Chemistry, Multidisciplinary",0.00014530562,0.1055706,0.054768812,0.049054824,0.3047526,0.0038956404,2.7578055e-05,0.00034329214,0.03528857,0.06617473,0.0069034584,0.36701536,0.048771143,0.00038781078,0.0007691405,0.0004443901,0.039743077,0.042942885,0.00047695602,0.00024439703,0.0001074946,4.455955e-05,0.00027571013,0.002981576,0.003060996,0.003933359,0.00025840645,0.00023159191,0.0129828565,0.02499732,0.0006379512,0.004226092,0.0059250253,0.008575222,0.0001708288,0.020217728,0.0026646322,0.0027089023,0.14453693,0.0015868365,0.00048760354,0.0007035741,0.069503814,0.004973928,0.019548506,4.4949855e-05,0.0016544035,8.739276e-05,5.5187233e-05,0.000115199575,9.89639e-05,0.0001550832,9.501896e-05,0.009340324
645857,"Biochemistry & Molecular Biology;Chemistry, Multidisciplinary",9.513675e-06,0.0007384881,0.0035755883,0.5918039,0.006759572,3.3187127e-05,1.9634094e-06,5.3858683e-05,6.058343e-05,5.8502716e-05,0.11030325,0.5961297,0.10978502,2.1804659e-05,0.00080474204,6.232675e-06,0.00056296954,0.00015423921,7.823972e-06,4.3146494e-05,5.1102546e-07,3.0934753e-08,1.2177622e-07,5.2287105e-05,7.498946e-07,1.3988963e-05,1.7390438e-07,6.0358143e-06,0.00037970717,2.1916674e-05,0.0008233864,2.8194334e-05,6.767583e-05,2.1602342e-05,4.1168687e-06,5.978727e-05,3.8710397e-07,6.877227e-06,0.0029516558,9.111474e-05,8.93952e-05,4.2774745e-06,0.001758017,4.345371e-05,0.00014398445,3.5281536e-07,7.919536e-06,2.6502255e-06,2.8196514e-08,1.8978314e-07,7.663086e-08,1.2788693e-05,1.7125626e-07,0.000102408485
771206,Biochemistry & Molecular Biology,0.0012427506,0.06936668,0.06563587,0.5598097,0.2221729,0.026731905,0.00079960265,0.001761561,0.100757726,0.042345785,0.20201692,0.06895371,0.26364785,0.00085166254,0.0019196889,0.0011752883,0.033805557,0.097994804,0.0006392524,0.019738767,0.0006786528,0.00031256638,0.0028681995,0.011575208,0.005598905,0.0375089,0.0012928034,0.009438024,0.00634593,0.0063196537,0.002090146,0.0034874103,0.016590811,0.0031375207,0.008553877,0.05959965,0.010371505,0.005207933,0.04745634,0.006957355,0.011399618,0.0017133597,0.16108146,0.016644368,0.043411087,0.00072160165,0.0009920478,0.0002686503,0.0015632682,0.0068962537,0.001146767,0.0019789792,0.016876275,0.011079926
688382,"Chemistry, Multidisciplinary",0.00037839383,0.011533819,0.066775665,0.025210941,0.07362975,0.0012044029,2.1800772e-05,0.0016387687,0.00029450358,0.038316842,0.003299021,0.33743292,0.020767292,0.000804849,0.0005159496,0.00030001966,0.16802286,0.0091968,0.001180082,0.00045386187,7.603864e-05,5.62779e-05,0.00011949803,0.002423851,0.00055613386,0.00023524278,5.5349195e-05,0.00015766913,0.0041957996,0.02184109,0.007336757,0.0042275325,0.0003567296,0.0016613945,0.000107712134,0.003505035,0.0006952122,0.001602207,0.0778162,0.0016156258,0.0010817209,0.00055547594,0.015121786,0.00072216,0.02699773,3.790765e-05,0.0017953833,0.0004189146,1.0149787e-05,2.0708208e-05,2.203418e-05,0.00018945079,1.590372e-05,0.010211065
773028,"Chemistry, Multidisciplinary",0.0013178099,0.023137469,0.05609254,0.11006013,0.026952561,0.0030425743,7.501908e-05,0.005720334,0.00219642,0.009469432,0.01323324,0.71231675,0.030137593,0.0017671754,0.0066951807,0.0014029606,0.052961938,0.014853346,0.0024173236,0.00037337933,0.000112647,0.0002585107,0.00020604805,0.002487398,0.00082275434,0.00023017402,7.505127e-05,0.000101345504,0.018348597,0.013475531,0.019060364,0.012761805,0.0006742763,0.0047373422,0.00095490325,0.0033230528,0.00047492262,0.0023640788,0.08107946,0.009463904,0.00064403424,0.0014900338,0.026340028,0.0009822292,0.007436192,0.0001662091,0.0060613537,0.0019513646,3.839407e-05,8.5311105e-05,0.0002309804,0.001743952,2.4431247e-05,0.0073802597
774343,Biology,9.7491655e-05,0.0385297,0.03402881,0.114661776,0.33742228,0.004055203,0.00010356552,0.00063254795,0.09178891,0.017385444,0.06274612,0.121751264,0.12987979,8.060611e-05,0.001334563,0.00016457622,0.0068480955,0.03750589,0.0001861111,0.0014930578,0.00013049027,2.9101477e-05,0.00051680236,0.0030181604,0.00062436616,0.004696994,0.00025074868,0.0027446968,0.0015755045,0.004913846,9.322876e-05,0.0008286758,0.06961797,0.00418366,0.00041324948,0.0049584634,0.0007405187,0.0011225588,0.02410754,0.004899304,0.00037259117,0.0005038701,0.022688242,0.0020734663,0.008831505,2.040216e-05,0.0003636622,0.00031966044,9.092275e-05,0.00022143264,0.00010443825,0.00015768207,0.00056773843,0.0057600914
593273,"Chemistry, Multidisciplinary",0.00018393045,0.004960871,0.00681689,0.02794893,0.0058934907,4.0864565e-05,1.1345289e-05,0.0013293183,0.00020497874,0.00017023011,0.048026524,0.88481593,0.015181214,0.00039872396,0.010781861,0.0008555851,0.017574377,0.0009053141,0.0002691225,1.6260641e-05,2.4797922e-05,2.8251832e-06,2.100386e-05,0.0006017912,4.171747e-05,4.135772e-05,4.3683167e-06,1.005255e-05,0.0028007235,0.0008928461,0.008262036,0.0012845182,0.00031785623,0.0016455959,1.230303e-05,0.0005507092,5.281432e-06,0.00039643023,0.024884352,0.0014823378,0.0001898115,0.000370592,0.00622633,0.00050536846,0.00074001506,9.544126e-06,0.0005414751,0.00033787958,7.14884e-07,1.8946806e-06,4.009382e-06,0.00013568254,1.0020524e-06,0.00088233897
592287,"Chemistry, Multidisciplinary",6.049268e-05,0.0057631345,0.012744893,0.048443954,0.014089422,0.00010178239,2.7572653e-06,0.0002966379,0.0025387895,0.0002522274,0.03129237,0.9278203,0.033723008,0.000115489376,0.0056951893,9.619034e-05,0.0039348896,0.0007118061,4.4984074e-05,1.0118743e-05,1.0471742e-05,1.3592846e-06,6.388289e-06,0.00030168987,2.0878108e-05,4.8962167e-05,2.1985088e-06,4.846729e-06,0.0029681092,0.00050332723,0.0008512487,0.000764335,0.0010157238,0.0016710453,1.14505065e-05,0.0002376584,6.040819e-06,0.00027260362,0.014981181,0.0010677502,4.2813273e-05,8.031546e-05,0.004521964,0.00062764226,0.00052591984,2.101412e-06,0.00015105188,8.282785e-05,2.9653023e-07,1.0435774e-06,3.3745857e-06,5.7140824e-05,7.92793e-07,0.00060296414
593448,"Chemistry, Multidisciplinary",0.00021239142,0.098461196,0.01112261,0.0032454282,0.018033057,0.00015994564,9.74495e-06,0.0020579796,0.0017124164,0.003262378,0.015138581,0.55227524,0.006557349,0.00048682236,0.004045316,0.0060333507,0.12691534,0.07471468,0.00093924254,6.7590454e-06,5.6666715e-05,2.6680435e-05,0.0010951529,0.0016538932,0.0029305513,0.00033667186,3.3379758e-05,2.9225377e-05,0.010329099,0.023152022,0.001913928,0.015087055,0.00079102704,0.016141456,0.00015618598,0.011196578,0.00019309825,0.004126872,0.19156942,0.0044017863,0.00027715464,0.0034752977,0.09852241,0.0021759255,0.0043902434,5.757671e-05,0.0049521457,0.00071994145,3.65426e-05,4.6964706e-05,0.00021745045,0.0004921188,2.0988102e-05,0.0038263297
593469,"Chemistry, Multidisciplinary",0.00053156493,0.005547623,0.037203945,0.1162197,0.072047494,0.0017204799,3.674462e-05,0.0012111524,0.00089909515,0.028500063,0.004309432,0.40248442,0.015246639,0.0008877601,0.000772189,0.00013019063,0.041533303,0.003728614,0.0011461328,0.0015539718,3.841425e-05,0.00017153523,6.684491e-05,0.0026523494,0.00018108959,0.00013904163,5.5275137e-05,0.00031456808,0.0066640903,0.008418866,0.013983093,0.004107769,0.00048019996,0.0010386009,0.00020172971,0.0011373584,0.0002906157,0.0006182516,0.029646078,0.0011606766,0.0010072254,0.00038350123,0.0069073467,0.00060300954,0.0068994383,5.2895546e-05,0.0022954883,0.0006250601,1.3382236e-05,3.8252052e-05,2.9913765e-05,0.00020836966,1.0337985e-05,0.0056930427
593426,Enfermedades infecciosas,0.00031627648,0.05657424,0.0134563185,0.0003939673,0.019235047,9.131149e-05,1.2620659e-05,0.0037186216,0.0004400121,0.001960927,0.02281359,0.065092824,0.0021232034,0.00029248948,0.0011307347,0.010216777,0.29295132,0.06281296,0.001435792,9.427386e-06,0.00015758106,4.6113717e-05,0.024035027,0.0021663813,0.004226447,0.0003311991,6.5601125e-05,0.00020128109,0.0018717911,0.017956369,0.0011520956,0.014885421,0.0003913799,0.011237067,0.00031368076,0.010195063,0.00029260718,0.004164551,0.111909956,0.0047117816,0.0012057177,0.010030935,0.034512755,0.0026878284,0.01154368,4.32062e-05,0.004957908,0.0016325635,5.9385256e-05,7.138857e-05,0.00048913324,0.0004934067,0.00013180925,0.007823189
592170,Biochemistry & Molecular Biology,3.5160123e-05,0.00022962994,0.005858414,0.76853716,0.0001636528,0.00016037692,4.4145335e-07,0.0003223969,0.00040460567,4.3061987e-06,0.016641395,0.04437737,0.013625575,7.4831105e-06,0.00042786973,1.4973863e-06,1.8786148e-05,0.00019967809,4.1422545e-06,1.734234e-05,1.9108437e-07,3.2407459e-06,1.2456823e-06,5.849824e-06,1.6840476e-06,4.1127973e-07,3.249809e-08,1.2940993e-06,0.00017598941,5.485376e-06,0.0004307611,6.420372e-05,3.4403395e-06,8.81712e-06,0.013032682,1.16146075e-05,1.4101836e-06,3.980576e-06,0.00036803263,0.0005350328,7.058642e-06,8.8318217e-07,0.00024988924,4.1082562e-06,6.256037e-06,6.1384435e-07,1.2937107e-05,3.1337266e-05,1.8390747e-07,6.8982536e-07,2.1131842e-05,0.00070441846,1.3248196e-06,8.845098e-06
592844,"Chemistry, Multidisciplinary",3.0176248e-05,0.0034037442,0.0057169697,0.13309921,0.009117461,7.0633134e-05,1.2699214e-06,9.158707e-05,0.0005691025,0.00036784075,0.010524771,0.96689147,0.022485536,7.7798075e-05,0.0022818714,4.2970303e-05,0.002940125,0.0004003673,3.5587997e-05,6.231308e-06,1.4668078e-06,4.370753e-07,5.2888487e-07,0.00018833127,7.3898814e-06,2.2846882e-05,7.1646264e-07,1.2191967e-06,0.0059078815,0.00029893414,0.001643446,0.0004772587,0.0001862858,0.000590445,3.3957022e-06,0.00013057902,2.546035e-06,6.522635e-05,0.014705548,0.0003727125,4.5966986e-05,2.5527044e-05,0.0039248457,0.00025757114,0.00032224663,1.412151e-06,0.000102094506,1.4887326e-05,9.494303e-08,5.6357777e-07,7.4479294e-07,2.7083348e-05,9.125203e-08,0.0003659354
866892,"Biochemistry & Molecular Biology;Chemistry, Multidisciplinary",5.314713e-06,0.003111235,0.0031407003,0.8686894,0.0040928037,0.0003330838,2.435047e-07,1.7493361e-05,0.00021988417,9.98783e-05,0.010774805,0.962345,0.0029683586,1.2915597e-05,0.00031630395,3.1262527e-05,0.0017454354,0.0005595405,1.8915638e-05,7.505299e-07,5.591078e-08,1.2448088e-07,1.1317425e-07,0.0001024794,3.7842424e-06,1.7663467e-06,1.1974052e-07,1.3257965e-06,0.0014583097,2.2913719e-05,0.0021073923,0.0006463235,1.5148683e-05,3.4804005e-05,2.182538e-06,0.00019604895,7.433298e-07,1.7061562e-05,0.004434375,9.077721e-05,0.00015241724,8.366767e-06,0.012250093,6.20454e-05,8.218897e-05,1.9891675e-06,9.898703e-05,7.5781436e-08,1.4619016e-07,2.2860131e-06,1.5371836e-07,2.2269363e-05,3.1278034e-08,6.754116e-06
582380,Biology,0.000323612,0.0028867964,0.021061275,0.005852307,0.090647675,0.00020183151,5.2435407e-05,0.0006975174,0.0005762771,0.0069587454,0.0026353013,0.019286063,0.028552696,0.00014919556,0.0001385296,2.408494e-05,0.032228965,0.0069938498,0.00040450902,0.0032337382,3.162264e-05,0.000203516,0.0003157125,0.0017157567,0.00011382807,5.9098544e-05,9.5397e-05,0.00021923688,0.002367824,0.010721176,0.00090351264,0.00055178424,0.0002721803,0.0007661957,0.0008533891,0.00036778903,0.00018478054,0.0005792585,0.021738179,0.00043515823,0.00032797715,0.00011201022,0.0038320248,0.00041077763,0.0069858534,7.987955e-06,0.0002830893,0.0056813452,4.0874115e-06,1.0957867e-05,4.7204383e-05,0.00010985152,2.8894214e-05,0.017010104
583031,"Chemistry, Multidisciplinary",0.00025262567,0.05789785,0.04089893,0.009246479,0.17893428,0.0012829278,4.0736708e-05,0.0013775744,0.014287387,0.02135957,0.009965353,0.4021036,0.02978874,0.000361151,0.0020622048,0.0011188089,0.039129835,0.032688547,0.0012857488,9.288083e-05,0.00019436913,5.4655582e-05,0.00081341655,0.0036689355,0.0025153214,0.002172217,0.0002208368,0.00027307236,0.010946083,0.03003384,0.0007204363,0.0041760956,0.012809927,0.021638336,0.00017635459,0.00826032,0.001070182,0.00407875,0.12862557,0.003976602,0.0005230507,0.0014581903,0.03396859,0.0048054224,0.011346379,4.2085685e-05,0.0017344357,0.0010080327,4.969278e-05,6.421725e-05,0.00017448909,0.00024988042,8.643813e-05,0.011229769
828838,Rheumatology,2.9606012e-05,1.8590108e-05,0.00037190327,2.1383072e-05,0.00096313714,6.0596193e-07,3.1085779e-06,0.0018282355,4.6581154e-05,2.9097423e-06,0.00013970346,2.033082e-05,0.00053894793,2.5490104e-07,4.3907297e-05,5.624164e-07,2.3251541e-05,0.0007148386,5.191749e-05,3.183948e-05,5.6946834e-07,9.187651e-05,6.922401e-05,1.0700468e-05,1.0869935e-06,2.7063556e-09,3.1943998e-06,9.869313e-06,9.715063e-06,0.0003946738,3.251082e-06,1.3051152e-05,1.41220125e-05,7.679915e-05,0.0018879134,9.272387e-08,7.140888e-08,6.532053e-06,0.0011448379,0.00055188785,2.650404e-08,6.018715e-06,1.376774e-05,4.2589555e-08,1.3731942e-05,1.9232571e-08,1.2569479e-05,0.9719837,2.2833754e-08,2.6282692e-08,1.9047891e-05,3.339418e-05,1.3923166e-07,0.0005960532
582558,"Chemistry, Multidisciplinary",0.00067978364,0.017188417,0.024113743,0.013728787,0.0992638,0.00064025633,5.635179e-05,0.0036495465,0.0030544999,0.006823315,0.01108704,0.35724565,0.024919145,0.0002440992,0.002925291,0.0005285335,0.054252457,0.028675081,0.00082897115,0.00040043108,5.0814037e-05,0.00021206099,0.0005772402,0.0024229207,0.00023955209,7.4847936e-05,9.981832e-05,0.00021128071,0.00589607,0.020043524,0.0024991792,0.0055896067,0.0011820777,0.0045508808,0.00069496385,0.0005486167,6.898315e-05,0.002267007,0.0757132,0.004814779,0.00021004524,0.0013324991,0.011037556,0.00038834257,0.005566392,3.3457007e-05,0.0025478825,0.016950734,1.8118031e-05,2.901618e-05,0.00018493387,0.0005310433,2.140837e-05,0.011668239
583114,"Chemistry, Multidisciplinary",0.00010377698,0.073346876,0.005552326,0.0004046643,0.007851342,3.420244e-05,3.183494e-06,0.0018175254,0.00028518547,0.0011607092,0.00713305,0.33129254,0.0013821232,0.00020633017,0.0016573691,0.010299339,0.18959366,0.053217854,0.00064611196,1.1718193e-06,3.8353777e-05,7.6074634e-06,0.0021771828,0.0007252242,0.0045489827,0.00024715578,1.6044816e-05,1.2791889e-05,0.0027253611,0.019710518,0.0008186888,0.008824907,0.00021837548,0.012176168,6.400682e-05,0.018339377,0.00014735981,0.0034058606,0.17915203,0.0028734026,0.00019459202,0.0056538656,0.068614975,0.001419045,0.0047796867,2.1375834e-05,0.0037952708,0.00048827234,1.5553594e-05,2.3366061e-05,0.00013899112,0.00022085763,1.568461e-05,0.0028528885
595210,Biochemistry & Molecular Biology,0.0077044787,0.011802378,0.11235372,0.800724,0.038860794,0.051319543,0.0009784773,0.012068309,0.08924881,0.0060716346,0.14289857,0.049577244,0.14316261,0.0008872345,0.005515131,0.0004154399,0.0035418654,0.01641526,0.0014371943,0.029872326,0.0007282624,0.0065250085,0.0025282346,0.0056319237,0.0012736238,0.0012050552,0.0006586915,0.012340529,0.0029299331,0.0018582713,0.004909585,0.0049956916,0.004738451,0.0018357481,0.11305067,0.0035529833,0.0032889158,0.0030478206,0.009143,0.02461351,0.0032302218,0.0008152584,0.019018877,0.0030599702,0.007062919,0.0009623854,0.0025816485,0.0035944919,0.0022137642,0.005806388,0.0056655416,0.011337632,0.0070157005,0.0037381202
598042,Cell Biology,0.00010188318,0.045940235,0.0063409735,0.0019462937,0.047199722,0.00023205607,7.255371e-05,0.00037794225,0.09817094,0.0032846886,0.016657984,0.020306546,0.025530916,9.333141e-05,0.0006805943,0.00094439223,0.0075706462,0.020823428,0.00028123788,0.0001124342,0.00017368534,4.1306554e-05,0.007436326,0.0011962838,0.0046026483,0.013565632,0.0003346715,0.00012134086,0.03574079,0.0045721987,3.7696725e-05,0.0007694147,0.005267417,0.072759725,0.0038306108,0.007968878,0.0012521675,0.0022724299,0.043181878,0.00048149916,0.00038831923,0.0003474468,0.02326915,0.018463604,0.0026776337,8.966592e-06,0.00038172695,0.0007456211,5.3665917e-05,0.00013305082,0.003733767,0.00048150192,0.000962362,0.009237314
785598,"Chemistry, Organic",0.0019283172,0.049698263,0.1195272,0.041224986,0.17540306,0.0033400625,0.0011660513,0.0051166853,0.012923459,0.02351139,0.046432562,0.007288112,0.26645315,0.0011652674,0.00075168634,0.00015936123,0.03814955,0.031125182,0.0009155567,0.040704556,0.0037730916,0.0008811514,0.008638287,0.0057324837,0.006402162,0.011267812,0.001753362,0.0055666748,0.0019943663,0.0210052,0.00072259124,0.0021802336,0.0034912173,0.0037826658,0.015054863,0.032692827,0.015606956,0.0026825215,0.051370434,0.005671124,0.002064341,0.0006628058,0.0531859,0.007967933,0.062015772,0.00020907038,0.001122387,0.001820663,0.00043710246,0.0012828797,0.0015029038,0.0013601559,0.0067203976,0.06274499
586328,Enfermedades infecciosas,0.0008902895,0.07015024,0.02532826,0.00069283834,0.032638304,0.00046026244,0.00011686519,0.009873178,0.0022767487,0.0038434202,0.04233259,0.015428687,0.0041814116,0.0004549697,0.0015687294,0.014854813,0.17095724,0.08936173,0.005638705,7.702497e-05,0.0008868838,0.0003920532,0.13503535,0.0036655716,0.011787072,0.0012498862,0.00054296793,0.0012778139,0.005018609,0.028771546,0.0010731728,0.023147093,0.0014957287,0.030881014,0.0034559153,0.013553509,0.0013373151,0.00862715,0.12470725,0.011727187,0.0031104777,0.013820006,0.04764576,0.005961013,0.020037832,0.0001570767,0.009834196,0.007596136,0.00039107873,0.0004979365,0.005413155,0.0016865924,0.0010549311,0.021132497
582669,"Chemistry, Multidisciplinary",0.00027756876,0.11521551,0.008263047,0.002566032,0.0042289314,0.0001024537,2.799476e-05,0.0047631296,0.0009741501,0.00065080513,0.051112857,0.3224696,0.005481634,0.0006591421,0.0060666874,0.018478978,0.08626577,0.040679995,0.00078323163,6.306576e-06,0.000279485,1.7665823e-05,0.0055185272,0.0014552072,0.011686114,0.0015099706,5.881031e-05,4.318618e-05,0.003797777,0.0073695714,0.0014678369,0.008466869,0.0005487639,0.014366662,0.00033977182,0.085389934,0.0007215306,0.0043660407,0.13174143,0.007680761,0.0009091742,0.00688451,0.2001006,0.007754796,0.0072221407,9.291892e-05,0.0036116163,0.00031981498,6.352843e-05,0.00016659257,0.00068429235,0.00095504057,0.00015047067,0.0028589638
587219,Enfermedades infecciosas,0.0009447699,0.100473724,0.015880326,0.00059734815,0.051232684,0.00040103428,9.87808e-05,0.010154042,0.0036808655,0.0058315154,0.015211068,0.031042088,0.0035744435,0.00044720861,0.0025873324,0.017747398,0.20798083,0.1560662,0.004836458,5.9754842e-05,0.00042507722,0.0005722716,0.07297395,0.0032892518,0.011651656,0.0005753109,0.000543016,0.00075194106,0.007089416,0.0635785,0.0010692659,0.031282317,0.0018264732,0.051874943,0.0030525695,0.009581398,0.0006410437,0.011498895,0.17440031,0.013333613,0.0007888595,0.01887566,0.048193406,0.002440583,0.013582309,0.00019648534,0.01850314,0.019000039,0.00047676923,0.00044043912,0.0054346495,0.0016700552,0.0004423738,0.019993762
582668,Enfermedades infecciosas,0.0005150501,0.09430317,0.015843458,0.0008726897,0.021758156,0.00014634921,2.5265745e-05,0.0048107887,0.0010471975,0.0025684584,0.029312795,0.09538669,0.0038077668,0.00060785434,0.002410974,0.01069998,0.22970888,0.07355379,0.0023202377,1.7255827e-05,0.00023211978,0.00010011754,0.021613844,0.0030320426,0.0044817715,0.0003392591,0.00011124658,0.00019849569,0.005283597,0.020413171,0.0018675927,0.03275832,0.0004497791,0.018040728,0.0006745505,0.009231529,0.00026903272,0.0040984475,0.1388857,0.0069226585,0.0008939037,0.008194728,0.06408506,0.0038630224,0.009048309,9.7956385e-05,0.01122228,0.0023198533,9.781422e-05,0.00012347402,0.00093871646,0.0009828401,0.00012027954,0.008426126
589972,"Chemistry, Multidisciplinary",2.8345119e-05,0.006059449,0.015203891,0.29777613,0.0026643355,0.0002126512,8.809404e-07,0.0002935642,0.0018695038,3.0303741e-05,0.07211112,0.95401466,0.02000628,4.0318228e-05,0.004458578,6.832578e-05,0.0012501166,0.0007783386,3.4722485e-05,1.5249519e-06,2.0592192e-06,7.257063e-07,4.2795186e-06,0.00013505958,9.268492e-06,6.3175016e-06,4.364372e-07,1.9544982e-06,0.0016418938,7.945579e-05,0.000857184,0.0011770821,0.00016671668,0.0005174855,3.8679507e-05,0.00021520798,2.2163752e-06,0.00012842585,0.007415751,0.0013821712,5.4838205e-05,3.1026848e-05,0.0049863444,0.00034792162,9.742521e-05,1.7194683e-06,0.00017590736,1.1870707e-05,2.8198025e-07,1.6036535e-06,5.2994087e-06,0.00010863886,5.386689e-07,6.964194e-05
594276,"Chemistry, Multidisciplinary",2.309065e-05,0.023799108,0.0058726366,0.013604195,0.001512229,2.6826909e-05,6.9675247e-07,0.00041277742,0.00028548524,6.266691e-05,0.067791104,0.9247834,0.0049660187,0.00014198167,0.0049596583,0.0012984243,0.026864668,0.0036088976,8.018881e-05,3.2295762e-07,8.305941e-06,4.3357596e-07,4.0419553e-05,0.00020891853,0.0001605094,3.3446893e-05,7.820957e-07,1.1194425e-06,0.0018866002,0.00047727276,0.0015396337,0.0031532913,0.00010746344,0.0022451761,6.373374e-06,0.004445726,1.0770465e-05,0.00042706108,0.04103281,0.001424115,0.00010856212,0.00027463396,0.043993566,0.0008653755,0.00051913114,3.6722588e-06,0.00063878525,1.0710749e-05,4.919694e-07,2.0184584e-06,5.9992535e-06,9.1359485e-05,8.8425423e-07,0.00016921494
599610,Biochemistry & Molecular Biology,0.0054698316,0.004971156,0.032424994,0.24829212,0.044914328,0.0036537347,0.00082668324,0.0036860576,0.0013587718,0.019896945,0.016226368,0.05324673,0.017102102,0.005364052,0.0018683119,0.00040748063,0.06804267,0.00562694,0.0021743511,0.07427094,0.0003601787,0.00738991,0.00072790927,0.0076690344,0.0006198307,0.0004762773,0.000735212,0.0039856797,0.0070233718,0.008923132,0.091296144,0.0041431515,0.00091184233,0.00074949325,0.0018823643,0.0033412185,0.0012856129,0.0033555445,0.013493736,0.0020080798,0.010278125,0.0013665545,0.011187306,0.0018129125,0.01976334,0.0010653664,0.004540252,0.0030279804,0.0002706654,0.00071695866,0.00015782271,0.0013020682,0.00023041686,0.013583587
591869,Parasitology,0.00038354288,5.0919152e-05,0.009593106,0.13947879,0.00016494242,0.00018619046,2.7777016e-05,0.0013925185,0.0005211922,7.751982e-06,0.008450707,1.8797533e-06,0.019569417,7.827861e-06,2.3519244e-05,3.0761774e-07,1.4176106e-05,0.00053400215,7.234098e-06,0.036237475,8.212723e-06,0.0013786467,0.00047429965,2.9834537e-05,1.8039927e-05,2.344086e-06,7.6095025e-06,0.00057864265,9.198558e-06,2.0964915e-05,5.1024286e-05,5.905343e-06,6.1463775e-06,1.6613545e-06,0.84637535,2.8210337e-05,0.00011814318,1.4539305e-05,0.00012967286,0.0007394658,3.5780267e-05,1.0254053e-06,0.00035263877,9.209829e-06,9.689072e-05,5.4179445e-06,1.0070408e-05,0.0021208853,9.199084e-06,3.3567456e-05,0.0010610719,0.003388319,0.0016308553,0.00017709029
587222,Biochemistry & Molecular Biology,0.0002447412,0.0002658232,0.009675442,0.8607795,0.008453765,0.0013183058,2.9224651e-05,0.00022190776,0.00020356123,0.0024798766,0.010886911,0.079499245,0.00683012,0.00022215926,0.00014700054,2.8759912e-06,0.0012703242,9.644384e-05,8.920905e-05,0.020760791,6.743927e-06,0.00013680368,2.0368868e-06,0.0009795803,4.5779343e-06,8.341758e-06,1.1234585e-05,0.0007030741,0.00030652207,0.00010149628,0.018985385,0.00017519244,9.058783e-05,1.0728352e-05,3.262237e-05,8.266979e-05,1.9977257e-05,3.816959e-05,0.0004965152,0.00014223886,0.0009601732,1.4097629e-05,0.0010768858,0.00012023778,0.0011262547,3.1831896e-05,0.000122065365,2.2795282e-05,3.0670776e-06,3.1241394e-05,7.667434e-07,3.190401e-05,1.4316e-06,0.00019810126
592857,Biochemistry & Molecular Biology,0.00087500154,0.0029619809,0.0436067,0.14654706,0.02506643,0.0018754516,7.045326e-05,0.0025725784,0.0077039506,0.00263653,0.014837056,0.035986464,0.063650325,0.00022896817,0.00076761056,2.9701396e-05,0.002949047,0.0040757107,0.0002163818,0.0049460707,5.210637e-05,0.0004464547,0.00027426842,0.0009504941,0.00018807841,0.00014478849,5.8427006e-05,0.0005673186,0.0014446878,0.0022606063,0.0011091944,0.0007614651,0.00071732636,0.0005010988,0.012865528,0.00064200204,0.00047299915,0.0003927761,0.008009716,0.0028045443,0.00025956056,0.00011784018,0.0034659323,0.00042051647,0.002691187,2.5099916e-05,0.00041518215,0.0027746165,2.6901358e-05,8.493301e-05,0.0004598441,0.00095759996,0.00020593982,0.0049256
582667,Biology,0.0016693565,0.12755223,0.12120058,0.026109383,0.31052247,0.009429913,0.0003529916,0.008994093,0.03302483,0.062018003,0.027271034,0.09602569,0.11083456,0.00072929834,0.0026569967,0.0013149288,0.06118509,0.1270276,0.0025458995,0.002591199,0.001629664,0.0006254764,0.009108927,0.008379891,0.010601879,0.007046658,0.0013602095,0.005055792,0.0046753273,0.07071004,0.00080159877,0.012056857,0.015104886,0.018268213,0.005493993,0.028353043,0.0091509335,0.009415569,0.16327442,0.025782693,0.0009953603,0.004889726,0.065093614,0.005480433,0.05802249,0.00029772674,0.0052041123,0.005179332,0.00084285514,0.0011456574,0.0024817174,0.0016139254,0.0025467135,0.060957495
937754,Biochemistry & Molecular Biology,4.9354443e-05,0.00042920109,0.0020168822,0.4411896,0.0049048495,0.000119202596,7.892672e-06,5.9461527e-05,2.0973855e-05,0.0004954814,0.0097431,0.28019848,0.0019326655,0.00035965815,0.00031226943,0.00010799589,0.015018727,0.00025314142,4.2941134e-05,0.00023095793,1.4904635e-06,2.4201684e-06,1.639827e-06,0.0001348996,1.2382967e-05,3.749555e-05,1.325363e-06,1.4512886e-05,0.0012323012,0.0001297101,0.06309466,0.00010473655,2.270059e-05,2.056735e-05,4.281041e-06,0.00050009124,1.2072864e-05,3.6250938e-05,0.00249558,3.7785263e-05,0.0034588573,5.7004596e-05,0.0015198897,0.00011090373,0.00091242197,1.1643752e-05,6.793635e-05,2.882356e-06,3.9495202e-07,3.727912e-06,1.5711402e-07,5.400928e-05,1.0474471e-06,0.00013872921
582826,Biology,0.00021633849,0.033690684,0.017210081,0.00021125334,0.06488149,0.0002746083,4.127057e-05,0.0010494546,0.013142819,0.005519195,0.0021274572,0.004659812,0.005950858,4.6151294e-05,0.000103059545,0.0006223139,0.027657596,0.033545263,0.0011276066,6.0455135e-05,0.00036900592,0.00024567638,0.033977214,0.0014210357,0.014597223,0.0019938042,0.0006401739,0.00053103315,0.0022485508,0.033542387,2.4087054e-05,0.0013603905,0.0024055075,0.036938902,0.0032563985,0.011608519,0.005653523,0.004674382,0.060470324,0.0018275299,0.00028513596,0.0010946279,0.012108261,0.004162538,0.0123609025,1.2053617e-05,0.0008861776,0.0020269058,0.00023479262,0.0003854669,0.004138484,0.00023904556,0.0013175727,0.015297526
583022,"Biochemistry & Molecular Biology;Chemistry, Multidisciplinary",1.7748278e-05,0.004782334,0.011218174,0.46369547,0.020739043,0.000115692186,6.263086e-06,9.146523e-05,0.0019454012,0.00010957711,0.30879933,0.48120254,0.32458815,3.079386e-05,0.0018512971,1.0450671e-05,0.0006404202,0.00073932146,7.946491e-06,0.00013096159,4.845287e-06,1.3935706e-07,2.1541055e-06,0.000104911174,5.259332e-06,0.0001260943,1.0999336e-06,1.3116458e-05,0.00080214627,5.7425314e-05,0.00021641668,8.322871e-05,0.000533006,0.00014799868,4.08262e-05,0.00026160228,3.7246639e-06,2.763513e-05,0.0061620935,0.0003881507,6.403869e-05,8.830803e-06,0.005854236,0.00036139862,0.00027322627,8.0999297e-07,1.462162e-05,8.394909e-06,1.6042657e-07,1.2621266e-06,1.4657661e-06,2.7720966e-05,2.7559902e-06,0.00024791624
584641,Biochemistry & Molecular Biology,0.0007180165,0.0037387952,0.040463246,0.7115209,0.031281147,0.0025388533,0.00013453477,0.0012996288,0.0036520737,0.0018213599,0.09063956,0.31511,0.14243801,0.00047169565,0.0028979245,4.1423205e-05,0.0027475748,0.0012727472,0.00019078916,0.0069905724,5.963092e-05,8.9542365e-05,2.05181e-05,0.0019269593,4.5116354e-05,0.00015118979,4.8585604e-05,0.00068250485,0.0014106898,0.0005847978,0.005611071,0.0006438504,0.0012184179,0.00021837007,0.00051835953,0.00077399093,8.894962e-05,0.0003512015,0.0056053167,0.0023151955,0.00094346824,0.00011026323,0.0067382874,0.00083119463,0.0025128676,5.037219e-05,0.00031812963,0.00026570156,1.6099337e-05,8.6158325e-05,2.0733127e-05,0.00030006398,3.391425e-05,0.0014756458
944458,Cell Biology,5.6190897e-06,0.011082382,0.0033239438,0.015098374,0.06635407,0.00034317106,3.2823943e-06,9.3592325e-06,0.8001909,0.0006645592,0.0017333528,0.0029840618,0.010606376,3.3100223e-06,7.1231145e-05,6.3855114e-06,0.00017424967,0.002403757,1.3698569e-06,0.00011057922,8.683596e-06,2.1349553e-05,0.00013509359,0.00010417069,0.0002696616,0.0004910446,3.623967e-05,1.41957225e-05,0.00089202716,0.0002485939,6.37547e-07,3.258494e-05,0.0035792904,0.005011649,0.00055166276,0.00033320193,0.0002177266,0.00012479632,0.0011861834,6.882664e-05,1.2071342e-06,5.212147e-06,0.0030628168,0.00038912668,0.00043231752,1.702908e-07,3.224491e-05,1.2265237e-05,3.7990533e-06,2.0411657e-05,9.5170304e-05,2.2178041e-05,0.00010068038,0.00034210537
598800,"Chemistry, Multidisciplinary",9.880888e-05,0.0030111666,0.008918208,0.11386297,0.010662431,0.00011636777,2.1958265e-05,0.0007464201,0.00036472932,0.0001677468,0.07885889,0.54125595,0.06491568,0.00011997849,0.0031307854,0.00012319013,0.004755922,0.0013929064,6.781246e-05,0.00011808911,9.858429e-06,1.6249041e-06,1.3632437e-05,0.00025961577,1.6611548e-05,8.188036e-05,2.8511129e-06,1.7535654e-05,0.0016496298,0.00033707795,0.0022216514,0.00021770895,0.00027843285,0.00030488498,0.00010654604,0.00039070143,7.625579e-06,0.00010540805,0.012532403,0.0009534609,0.00024157322,8.750109e-05,0.0041828332,0.00028590937,0.00057977386,3.7138423e-06,8.8932065e-05,0.00018709895,4.660343e-07,2.3127702e-06,7.5441967e-06,0.00019537045,6.6807597e-06,0.0007523345
944170,Biochemistry & Molecular Biology,4.168303e-05,0.019490216,0.045126747,0.9027194,0.13814408,0.014761276,6.0116818e-06,6.0497805e-05,0.24455398,0.0054578274,0.06987423,0.27684587,0.08281477,2.6629725e-05,0.00032318285,2.342407e-05,0.0009917945,0.0053473227,2.5005666e-05,0.0003337812,7.5077287e-06,1.0561534e-05,2.9399469e-05,0.0009195348,9.702655e-05,0.0005410394,2.338646e-05,0.0003480142,0.0013566783,0.00017979165,0.00014803397,0.0007888227,0.0025758839,0.00039756735,0.0005996307,0.0010035464,0.00024425075,0.00019259975,0.004807279,0.00066368765,0.00040405677,2.7924396e-05,0.016234262,0.0016632414,0.0016082326,1.0977416e-05,0.0001227915,2.5732204e-06,3.2272375e-05,0.00024514127,2.4646752e-05,9.0877686e-05,0.00010050524,0.00012919793
935692,"Chemistry, Multidisciplinary",0.000992956,0.105007336,0.0812588,0.036144417,0.17592132,0.0034958804,0.00016731308,0.0031166303,0.017021308,0.031976733,0.049089465,0.42262703,0.07463261,0.0016431034,0.004472716,0.0023174125,0.14198922,0.05635086,0.0017511591,0.00079970475,0.00074424886,0.00019144683,0.003121716,0.009285846,0.005032407,0.0043711904,0.00049672794,0.0008080381,0.014914755,0.031045001,0.0034275772,0.014751757,0.0063313837,0.015532176,0.00087843154,0.023328016,0.0030303206,0.009115372,0.14963865,0.007581563,0.0024348719,0.0032326854,0.09875817,0.0130984755,0.03778767,0.00020922693,0.0050095716,0.001127379,0.00017380413,0.00033944158,0.0005326246,0.0009752366,0.00046877272,0.01982542
593274,"Chemistry, Multidisciplinary",4.7291072e-05,0.002655884,0.0058311173,0.012626207,0.010437658,1.6015389e-05,3.2791215e-06,0.0006260973,0.000101704,0.00019007376,0.024345102,0.8271288,0.028568214,7.447955e-05,0.003705309,9.842952e-05,0.007278055,0.00062808784,6.0651517e-05,1.2691969e-05,6.438571e-06,4.678431e-07,4.0205587e-06,0.0002345767,7.856317e-06,1.5307953e-05,1.2321526e-06,4.2148467e-06,0.0011050248,0.00075865415,0.0013599362,0.0003225214,0.00023570484,0.0005921021,5.0567423e-06,0.000104520244,1.41283e-06,0.00012654744,0.01828531,0.00066503626,3.1389398e-05,8.927465e-05,0.0020460403,0.000115030954,0.0005913991,8.3941273e-07,9.6964206e-05,0.00041962005,7.889949e-08,1.8470158e-07,9.0054635e-07,3.0393721e-05,2.1245074e-07,0.0011068591
946123,"Biochemistry & Molecular Biology;Chemistry, Medicinal",2.5879493e-07,2.6051513e-05,0.00015892208,0.99637103,0.000106808795,1.6669076e-06,9.086218e-07,3.2637909e-06,7.659755e-06,9.2040695e-09,0.9650272,0.020510893,0.18873546,4.2466422e-07,0.00018262242,7.015043e-08,6.425767e-07,4.697522e-06,4.7629403e-08,2.8640068e-05,3.4289602e-09,1.203967e-10,6.2563226e-09,8.4157136e-07,1.4034792e-09,3.27878e-07,9.300862e-10,1.3420196e-06,7.706435e-06,3.141134e-09,0.00013919205,7.4558045e-08,1.7071599e-06,2.5368404e-08,1.0346241e-05,2.2352779e-06,5.878603e-10,1.7307206e-08,8.7788185e-06,2.4490091e-06,0.000101522506,1.494997e-08,0.00015153097,4.782075e-06,4.278729e-07,6.6628068e-09,1.7678781e-08,1.2897368e-08,6.1719435e-10,1.2152083e-08,2.4431939e-09,6.3170014e-06,6.671215e-08,1.7325365e-07
1005644,"Biochemistry & Molecular Biology;Chemistry, Medicinal",9.880086e-06,0.0001693355,0.002517143,0.9924348,0.0017450682,0.00014040605,1.01713085e-05,5.4083288e-05,0.00010123269,2.2550857e-06,0.8256616,0.018922662,0.19188511,6.1679098e-06,0.00021569485,1.114166e-06,2.355327e-05,8.337066e-05,1.6394737e-06,0.00058055186,2.9694112e-07,5.2951215e-08,4.6613474e-07,2.4121146e-05,1.9088748e-07,6.943438e-06,1.8326458e-07,0.00015327333,2.1270947e-05,3.223219e-07,0.0006302207,2.9258674e-06,2.3585526e-05,3.6863398e-07,0.00010994385,6.086625e-05,2.3176867e-07,1.2420026e-06,9.1227776e-05,5.1041272e-05,0.0012211727,8.0700903e-07,0.0010810451,5.1811352e-05,4.385231e-05,8.2567175e-07,7.3192905e-07,2.9742833e-07,2.3681707e-07,2.7154158e-06,1.5525323e-07,5.5146087e-05,9.412169e-06,7.128577e-06
591814,Biochemistry & Molecular Biology,8.436136e-05,0.0017911437,0.016448267,0.56704193,0.0071709347,0.00044199088,1.37572015e-05,0.0004175117,0.0049359147,6.9826405e-05,0.21632975,0.14217241,0.24357055,1.8426857e-05,0.0010703473,8.074755e-06,0.00019306659,0.0009243164,1.5960439e-05,0.00035435747,6.964946e-06,3.2310188e-06,1.1208805e-05,0.00015078824,6.766385e-06,5.2400163e-05,2.1892338e-06,3.7751222e-05,0.00045635703,4.5855995e-05,0.00018756675,7.664682e-05,0.00028761756,0.00010683498,0.0015434698,0.00012948913,9.896645e-06,3.2088552e-05,0.002543895,0.0011661245,8.401976e-05,8.201092e-06,0.0029150515,0.00024818373,0.00018483709,2.012832e-06,1.5772648e-05,7.6037555e-05,1.1782785e-06,7.5357193e-06,2.6776352e-05,0.00022165781,3.0350273e-05,0.0002542245
828847,Rheumatology,0.00018488558,0.004656151,0.007820746,0.00017790894,0.04586657,3.9756516e-05,1.2129782e-05,0.004461254,0.00029818635,0.0008728232,0.0021866078,0.006759969,0.0043779816,1.0081573e-05,0.00044812076,9.207956e-05,0.014523795,0.026357314,0.00036234112,4.8414295e-05,2.1696176e-05,9.0523245e-05,0.0013273277,0.00038767216,0.00011348365,2.700337e-06,3.059627e-05,0.00014940753,0.00016846473,0.022625152,6.46301e-05,0.0010619643,0.000367142,0.002523876,0.0005594061,6.2493375e-05,1.103847e-05,0.00058867945,0.04378592,0.005591619,6.909433e-06,0.0006111265,0.0014277536,1.0979688e-05,0.002116799,1.9020745e-06,0.00056733564,0.21856959,4.1273256e-06,3.8209923e-06,8.491074e-05,0.0001241453,4.819305e-06,0.009007288
592121,Enfermedades infecciosas,0.00010064478,0.018964667,0.0070946445,3.8895894e-05,0.060634382,3.820717e-05,4.6417053e-06,0.0013291568,0.0004185905,0.0028890595,0.0019178505,0.002541382,0.0005401261,2.7328475e-05,7.971595e-05,0.0010197773,0.21180025,0.061331157,0.0014363412,8.671968e-06,2.918936e-05,9.3031165e-05,0.046485405,0.00072291604,0.0012928058,3.706152e-05,5.449591e-05,0.00013014147,0.0025107446,0.03233763,9.383659e-05,0.0070762606,0.00016818097,0.01742741,0.00043500226,0.00042752462,6.154311e-05,0.0013277613,0.08265771,0.0012291202,0.000118444346,0.0018281448,0.0093958685,0.00020600288,0.00386595,5.832021e-06,0.0035830764,0.012931185,1.6255417e-05,1.5276495e-05,0.0005034229,0.00012278566,2.1940807e-05,0.012475833
669072,Biology,0.00033015088,0.001208712,0.013053898,0.035391033,0.054702956,0.0001521904,7.245436e-05,0.0005991597,0.00058582687,0.0025626123,0.0059003113,0.044277646,0.035395335,0.00018011918,0.0004287167,1.2156126e-05,0.007015508,0.0016332694,0.00011690206,0.010329976,2.2229793e-05,0.0001113678,2.9431563e-05,0.0013691122,2.4222618e-05,4.0354964e-05,4.9055496e-05,0.00029790305,0.0007549052,0.003123175,0.0018513845,0.00019731741,0.00050952286,0.00017224852,0.00021037353,0.00017490354,4.3588596e-05,0.0002512323,0.0062607466,0.00041946207,0.0001894591,9.00967e-05,0.0014643214,0.00017535657,0.0027209944,5.8145165e-06,0.00015630173,0.0039222906,1.8211656e-06,7.899924e-06,6.8851546e-06,5.9872513e-05,8.563429e-06,0.008012998
661642,Biology,5.5051358e-05,0.0012988244,0.0057354574,0.004278275,0.17930235,0.00019802817,0.00029659038,0.00019647038,0.014129898,0.0037984918,0.005056356,0.00091187755,0.09871738,1.4002257e-05,4.598917e-05,9.194664e-06,0.0012688484,0.0035254783,0.00010384936,0.022784144,6.54993e-05,3.5870667e-05,0.00040200585,0.0014372147,8.582558e-05,0.0021648211,0.0002999902,0.0027943805,0.00027443422,0.0015449381,1.1550288e-05,1.8560559e-05,0.012278896,0.0010858063,0.0016201377,0.00038259014,0.00032790523,8.124174e-05,0.0027352686,0.0003095557,0.00010581914,4.843443e-05,0.0009216826,0.00076114957,0.0026225795,1.9162085e-06,2.0518139e-05,0.0023411557,9.7860775e-06,6.629566e-05,0.0001176905,3.2738524e-05,0.001053342,0.010698179
663978,Biochemistry & Molecular Biology;Parasitology,0.00035892206,5.845212e-06,0.013743264,0.8832387,5.7627305e-05,0.0048010643,1.0166011e-06,0.0012768012,8.523605e-05,2.3408304e-05,0.0021810532,6.3713933e-06,0.0010082301,7.0559563e-06,2.2469774e-06,8.122443e-08,1.23178e-05,8.3092076e-05,7.942877e-06,0.009088991,1.1387269e-06,0.0036981795,4.9538296e-05,1.3681838e-05,9.27278e-06,9.332572e-08,4.1415376e-07,0.00097101636,2.1523065e-06,2.6516109e-06,0.00061744277,2.0000934e-05,6.095764e-07,1.40844e-07,0.49799985,3.4473283e-05,0.00024474587,1.1954297e-05,1.6861168e-05,0.00047895403,4.3943404e-05,5.1047357e-07,0.000121109784,1.1355095e-06,0.0001077781,1.8358836e-05,9.642457e-06,8.350799e-05,2.0973495e-05,5.9429607e-05,0.00014719901,0.0009645435,0.00022026522,1.6113574e-05
669076,Biochemistry & Molecular Biology,0.00010988525,0.0010621701,0.0015511335,0.4305307,0.009476317,0.0003002151,0.00010450589,0.00016091933,8.059297e-05,0.00065083615,0.1077168,0.39767608,0.0037984143,0.00047542065,0.00070139865,0.001051925,0.02824381,0.0022343548,0.00042962414,0.0005178331,6.318809e-06,5.6359468e-06,4.5948625e-05,0.0011289846,3.753512e-05,0.00068844005,2.0617701e-05,0.0003128162,0.0074127084,0.00020916907,0.09130787,0.00023699449,0.00036765652,7.6261065e-05,2.488496e-05,0.0031114211,4.0766558e-05,0.00025309314,0.00845516,7.923531e-05,0.2745714,0.0003160935,0.010079796,0.003717796,0.0022099053,7.4969226e-05,0.00012151779,1.0628919e-05,4.023911e-06,4.5912624e-05,3.5783216e-06,0.00019768915,7.444433e-05,0.00041680026
668831,Enfermedades infecciosas,0.00022514806,0.09000092,0.003928188,0.0003986871,0.0028735513,5.6696495e-05,1.3310652e-05,0.004209995,0.0002139377,0.0008470381,0.008643196,0.1316356,0.0011727314,0.0003983623,0.0025325315,0.04610646,0.19648023,0.09178407,0.0012021427,1.7983185e-06,7.5866265e-05,2.0478845e-05,0.009838154,0.0011884301,0.012378594,0.00034540432,4.7559945e-05,4.6161724e-05,0.0027210098,0.01708692,0.0016826709,0.016862825,0.00017848733,0.010997917,0.00059854495,0.05289111,0.00031920001,0.0039548734,0.15693052,0.0053831437,0.0005546961,0.026817985,0.09923353,0.0023754123,0.005372393,0.0001205427,0.010434357,0.00067776017,6.956149e-05,0.00016560874,0.0010284263,0.001048709,0.00010569198,0.0023450614
660473,Biochemistry & Molecular Biology,0.0015810981,0.0040238006,0.02768509,0.073246196,0.062732294,0.0010227072,0.00032386015,0.0031429734,0.0014531541,0.005050348,0.028037664,0.044455543,0.056409393,0.0006607211,0.0013727399,0.00013167344,0.023971321,0.008438004,0.00063074945,0.016260123,0.00014335345,0.00060688675,0.00049595494,0.0035968856,0.00020701297,0.00025073192,0.0002288381,0.0022065549,0.0019306246,0.006638854,0.0061021703,0.0009275197,0.0014360922,0.0005100544,0.0020234461,0.0012403429,0.00033854038,0.0016524584,0.016928524,0.0021053366,0.0019911646,0.0006406137,0.0070862556,0.00073547685,0.010884565,7.52386e-05,0.00065766065,0.007436315,3.785902e-05,9.519362e-05,9.6349526e-05,0.00059449836,0.00021207736,0.016764302
668843,Enfermedades infecciosas,0.0013244168,0.15458661,0.022892512,0.0019376582,0.009708253,0.0004787258,7.306236e-05,0.012621079,0.0013778375,0.0029248362,0.025533395,0.11771416,0.005106762,0.0014033021,0.005221253,0.02460522,0.2308004,0.118209094,0.0027333547,2.7939153e-05,0.0007062101,0.0002635055,0.030197337,0.0038177895,0.025619354,0.0008422397,0.0002704487,0.00031106366,0.0041798158,0.032184824,0.0036186122,0.04618974,0.0005222153,0.016921654,0.002392236,0.067093626,0.0017996492,0.009662785,0.16059199,0.017091982,0.0015720662,0.02659099,0.17019103,0.0060908673,0.022180485,0.0003750628,0.022480005,0.0020305784,0.00038204837,0.0008172581,0.0030098383,0.00311436,0.0004877855,0.009350866
771780,Biochemical Research Methods,0.00031598503,0.011965917,0.08163545,0.010181594,0.0677501,0.0041010603,1.4417482e-05,0.003214546,0.009466056,0.020640861,0.00095916644,0.044810522,0.008215605,0.00011025619,0.00015531376,8.167558e-05,0.0094226645,0.013499698,0.0037322787,0.00015914878,4.9599323e-05,0.00073219347,0.0027937137,0.00072538696,0.0013634593,7.1459894e-05,0.00013299385,0.0002515031,0.01097026,0.022210792,0.0002854763,0.01214986,0.0003126418,0.0098319035,0.014424855,0.001041073,0.0015180131,0.00071718224,0.071609035,0.003321406,6.414296e-05,0.00019379621,0.0052238815,0.0005808695,0.0033927485,2.1244348e-05,0.005403324,0.004511456,4.4776538e-05,5.584332e-05,0.0051825056,0.0006231122,4.8702223e-05,0.009199036
582622,"Chemistry, Organic",0.00073417893,0.0045251674,0.033593915,0.09732836,0.08813087,0.0010764914,0.00031191832,0.0018921529,0.0021125104,0.012951579,0.031577118,0.043859784,0.1860914,0.00081289274,0.00082899287,9.0634756e-05,0.011683917,0.003821803,0.00078004703,0.017004268,0.00019143149,9.438914e-05,0.00031538703,0.002094129,0.00028776456,0.0019785406,0.00018619737,0.0012196302,0.0055845706,0.004073984,0.003035856,0.00067519327,0.0017058246,0.0012586971,0.002906256,0.0021167272,0.0006483257,0.00040324757,0.023438707,0.0014725948,0.001685114,0.00019367338,0.006381009,0.0023970422,0.008591267,6.759102e-05,0.00037545792,0.0015304566,2.5364605e-05,6.817849e-05,0.00021049975,0.0004964496,0.00033627875,0.015869092
944796,Biochemistry & Molecular Biology,0.0008670795,0.08857138,0.25228506,0.4699049,0.14756432,0.04425402,5.260595e-05,0.0030012955,0.13252364,0.02823531,0.0391592,0.30888838,0.14170963,0.00037557588,0.0014880438,0.00020445467,0.0069775125,0.027370606,0.00103271,0.0007229529,0.0005152293,0.0004204405,0.00082882785,0.0037488383,0.0031337468,0.0014708892,0.00029472887,0.0014881167,0.003886525,0.0077351206,0.00069448876,0.016672269,0.0037940124,0.0052472726,0.0067861057,0.012641406,0.007201952,0.0027490817,0.06308909,0.015594705,0.0005530946,0.00045344993,0.058391996,0.004819725,0.014296744,0.00017371796,0.0030297542,0.0002030454,0.00050786696,0.0013444,0.0013317632,0.0010649316,0.00064918643,0.0044221194
587227,"Biochemistry & Molecular Biology;Chemistry, Multidisciplinary",0.0010680569,0.058797467,0.11168548,0.5936674,0.12154078,0.019479819,7.4014315e-05,0.0016562805,0.018623866,0.030532949,0.04448483,0.7096649,0.07685012,0.0010812031,0.0028666533,0.0006557964,0.037440456,0.018321417,0.0014160192,0.00084243715,0.00018239499,0.00023231642,0.00018417949,0.0071931267,0.0012633079,0.0011188473,0.00020630263,0.0007822966,0.011474601,0.006445827,0.008601064,0.01706478,0.002047395,0.0034561334,0.00071553787,0.0110675255,0.0016803168,0.0034796475,0.07364082,0.006484911,0.0033667115,0.00088038004,0.090094425,0.004558833,0.017419176,0.00037021807,0.0038677005,9.996319e-05,0.00022816924,0.0008846312,0.00015362773,0.00080736744,0.00012535651,0.0030778823
598425,"Biochemistry & Molecular Biology;Chemistry, Multidisciplinary",1.1835022e-05,0.0029260572,0.005953702,0.91152394,0.011210578,0.00016783398,3.4708821e-06,3.2653028e-05,0.0017861759,4.056053e-05,0.32016304,0.6245597,0.1516019,1.9698462e-05,0.0014975687,8.337805e-06,0.0002792974,0.0005139817,3.9190495e-06,7.270622e-05,6.616787e-07,1.0568474e-07,4.138383e-07,8.44445e-05,1.9572587e-06,3.3584107e-05,5.304917e-07,9.9056715e-06,0.0006232104,1.3945911e-05,0.0005924439,5.981795e-05,0.00018366493,3.2004573e-05,2.5939511e-05,0.00014432328,1.1274125e-06,1.5690866e-05,0.0023998544,0.00013448617,0.00020091505,5.345828e-06,0.00479316,0.00019657044,9.53317e-05,9.053635e-07,1.0930636e-05,1.214044e-06,1.6701921e-07,2.1182834e-06,4.0366692e-07,2.6836504e-05,9.826953e-07,3.573962e-05
598370,"Chemistry, Multidisciplinary",0.00028864277,0.05091013,0.040277142,0.035513666,0.091626704,0.0012955319,3.147639e-05,0.00073973055,0.004065443,0.022068094,0.011242982,0.67966485,0.024264606,0.0010377879,0.0023072294,0.0014666423,0.09786767,0.018829614,0.0008312492,0.00012550363,0.000120862554,3.023772e-05,0.00019618041,0.0033158544,0.001813742,0.0021795158,0.00010861866,0.000106678,0.013353054,0.018120332,0.004361562,0.005196239,0.0033331346,0.0063737542,6.0229562e-05,0.014633303,0.0010429552,0.0036283627,0.11640883,0.0022404257,0.0015280953,0.001291575,0.056020558,0.0053853546,0.018372385,6.974316e-05,0.0020318627,0.00013056098,2.6410175e-05,6.073284e-05,3.911413e-05,0.00023294742,4.066014e-05,0.0060059186
939989,Enfermedades infecciosas,5.4586566e-05,0.01369792,0.0036052351,2.1696695e-05,0.029061073,1.0507635e-05,1.2559324e-06,0.0009624766,0.00010965529,0.0016913908,0.0013205357,0.007053041,0.0002625042,2.581415e-05,9.589179e-05,0.002003873,0.27777144,0.050234932,0.0008653335,1.7339873e-06,9.236092e-06,2.1588625e-05,0.012569457,0.0004219651,0.00082615484,1.793611e-05,1.6694097e-05,3.79147e-05,0.0015552456,0.030531595,0.0001675289,0.005394255,9.733522e-05,0.010757858,8.350544e-05,0.00038897726,1.8564897e-05,0.0011730179,0.09977285,0.0007965584,6.921258e-05,0.0022454944,0.006942197,0.000107072,0.0023116602,3.883189e-06,0.0027168777,0.006849104,6.002768e-06,3.6468587e-06,0.00013553927,6.7138004e-05,5.086982e-06,0.004741433
965049,Biology,0.00085522846,0.015048734,0.017432418,0.009372336,0.32083708,0.00094762497,0.00068132306,0.0058390033,0.0023846282,0.02167995,0.034198474,0.095070645,0.04981491,0.00030855983,0.0022104532,0.0010359302,0.038822733,0.028260475,0.006442868,0.0019319125,0.00026783397,0.00016331485,0.0035206887,0.010760822,0.00042611605,0.0013309171,0.0008973124,0.00868165,0.008142951,0.021285817,0.0017836007,0.0036009348,0.013238297,0.008739119,0.0012593858,0.0016474542,0.00024515434,0.0019710993,0.09605028,0.005375092,0.0054582446,0.0023662644,0.010002856,0.003429105,0.015073031,9.279372e-05,0.0018931546,0.028031694,9.288287e-05,0.00012244191,0.0005782458,0.0006489816,0.0004171157,0.033785533
939991,"Chemistry, Multidisciplinary",0.00040029062,0.0031144328,0.004530485,0.056829948,0.02213499,0.00014942377,0.00010870964,0.0009259502,6.890892e-05,0.0018216512,0.03732167,0.45535392,0.00694836,0.0009800041,0.0019550333,0.0026804388,0.11283534,0.0037928717,0.0015947076,0.00036583375,2.589211e-05,1.7686185e-05,0.000117822216,0.0026093286,0.00010167073,0.00039242205,5.1465122e-05,0.00023638339,0.00873797,0.002162817,0.06847126,0.0010671619,0.00040664844,0.00050861196,3.5811063e-05,0.002143651,3.9968523e-05,0.000711957,0.03682384,0.00039165086,0.028847715,0.0009867967,0.012523521,0.0018971575,0.004784713,9.258679e-05,0.0008082938,0.00031004514,5.6579834e-06,2.1491667e-05,8.192829e-06,0.00026760524,2.8955255e-05,0.0020200266
582630,"Biochemistry & Molecular Biology;Chemistry, Multidisciplinary",1.9274178e-06,3.9962084e-05,0.0012912183,0.9993606,0.0015263176,0.0037618722,1.6187504e-07,2.5796924e-06,0.0005380874,6.082598e-05,0.004042318,0.56648004,0.0006059894,1.0088152e-06,9.604974e-06,1.1745578e-07,5.7484917e-06,8.297612e-06,1.4363727e-06,3.2638956e-05,4.964447e-09,4.057782e-07,6.0496266e-09,2.8874105e-05,9.952449e-08,6.323569e-08,5.9250656e-08,3.0188134e-05,3.3964192e-05,2.1047462e-07,0.00091720466,1.7195785e-05,8.258102e-06,2.8070846e-07,4.288372e-06,3.4618208e-06,1.6070939e-07,4.2668628e-07,1.9412184e-05,7.3589226e-06,0.00015062426,1.2546724e-07,7.711992e-05,1.0331342e-05,9.964025e-06,1.1510232e-06,3.4849918e-06,4.3527306e-09,1.0519203e-07,4.1099333e-06,2.7871204e-08,3.6274034e-06,1.8326556e-08,1.3541114e-07
862444,"Chemistry, Multidisciplinary",0.00014418187,0.00090835115,0.00037265354,0.042335555,0.0023257544,3.6112542e-05,6.131015e-05,0.00046250038,1.8243785e-05,8.164373e-05,0.044487286,0.28236693,0.00018722814,0.0007804932,0.002288552,0.03628307,0.055691704,0.0027010746,0.0010941852,3.4715897e-05,6.7025785e-06,6.529686e-06,0.00016043182,0.000636696,7.09233e-05,0.00010885673,2.0446627e-05,0.0001644479,0.0013049038,0.0002757025,0.21605265,0.0003395843,0.00019856248,0.00010865449,7.5038206e-06,0.0014308844,7.1858576e-06,0.00014081808,0.0073191016,0.00019945395,0.083873406,0.004523849,0.0033551457,0.0007391866,0.0009858758,0.0001392396,0.00044958942,6.4777756e-05,4.1544795e-06,2.0264464e-05,2.054486e-06,0.00047992126,2.844463e-05,0.0001540192
870297,"Chemistry, Medicinal;Chemistry, Organic",0.0008642214,0.0012109679,0.013060749,0.28844726,0.023063002,0.00022724022,0.0035054735,0.0017457852,0.0007494968,0.00026602045,0.68951356,0.000956355,0.6136667,0.0003020522,0.0011076042,4.03786e-05,0.0021830278,0.0022049334,8.997246e-05,0.32630587,0.0005181212,4.8375063e-05,0.00045931662,0.0011952166,5.2856776e-05,0.00408382,0.00022172989,0.0057196864,0.0003438247,0.0002452268,0.0018576797,1.7786318e-05,0.0015215412,5.8236536e-05,0.007129589,0.0017054357,0.00015426334,0.00021427107,0.0041350205,0.00082653004,0.009653412,5.8999383e-05,0.008520925,0.0020015389,0.0044226237,5.716791e-05,1.5774303e-05,0.0010277745,2.1973892e-05,0.00010718529,6.476027e-05,0.00063897675,0.005247895,0.0059541594
900687,"Chemistry, Multidisciplinary",0.0003086996,0.11484648,0.111227274,0.027063718,0.128237,0.0020449269,4.6994137e-05,0.001332845,0.024324447,0.014647252,0.037187234,0.27792287,0.103335656,0.00059855037,0.001269812,0.00030939907,0.037802935,0.020814713,0.00077449897,0.00025113724,0.00075451715,6.518624e-05,0.0015755218,0.0039219945,0.0033027108,0.0030576817,0.00018283812,0.00021925778,0.0096991295,0.0129554365,0.0004803684,0.008415913,0.0025917327,0.011653067,0.00060839305,0.015575164,0.0030857334,0.0030813725,0.11953038,0.0039373427,0.00049992325,0.00041386156,0.12789033,0.012397258,0.018126536,4.5034292e-05,0.001899363,0.00018358021,5.068008e-05,0.00012339235,0.00032984035,0.0003204211,0.00018079937,0.009628304
900688,"Chemistry, Multidisciplinary",0.0001768952,0.06707857,0.025560556,0.0028055832,0.11612303,0.00038085598,1.6529324e-05,0.0013041031,0.0027121673,0.013033235,0.019478757,0.26592666,0.015001842,0.00021757282,0.0012877275,0.0015804952,0.18613456,0.07687382,0.0006877836,4.9232414e-05,9.770301e-05,2.6160687e-05,0.0027269295,0.0030460318,0.0021112512,0.00069469033,7.632138e-05,0.0001724189,0.0048586344,0.030863285,0.00071044045,0.008018576,0.0020518955,0.010716155,0.00016141865,0.007971745,0.00038769175,0.0044249417,0.14431135,0.0032913503,0.00061452587,0.0023312278,0.047838315,0.002957096,0.0153161185,2.5011555e-05,0.0023986641,0.0012110545,2.9715846e-05,4.235989e-05,0.00015762239,0.00019715326,6.714486e-05,0.0108625125
908210,Biochemistry & Molecular Biology,8.712067e-05,0.002042935,0.05655565,0.09758953,0.07478232,0.0011487384,3.3113167e-06,0.00014006573,0.016366238,0.0032960107,0.003380343,0.062275417,0.040290747,2.9128936e-05,7.317462e-05,8.113823e-07,0.0013650457,0.00069611816,2.3942477e-05,0.0007744289,1.2682035e-05,7.675456e-05,1.890736e-05,0.00066841947,2.7333272e-05,1.9189561e-05,8.145035e-06,0.0001474544,0.00027239055,0.0008530448,6.6744586e-05,0.00029059354,0.000531203,0.00026285986,0.00025730973,0.00011731861,0.00014429136,0.00011383285,0.0030610526,0.00050661684,1.5274149e-05,1.16857245e-05,0.0015015977,0.00014826904,0.0012674703,1.2741771e-06,0.00011121508,0.000107328786,2.2349432e-06,1.1950399e-05,1.0898172e-05,2.1169075e-05,6.804233e-06,0.0010283112
594265,"Biochemistry & Molecular Biology;Chemistry, Medicinal;Chemistry, Organic",1.1920074e-06,4.975212e-06,0.00029466028,0.9934335,9.476812e-05,1.2050018e-06,3.2478467e-06,3.875028e-06,3.8723874e-06,1.1136905e-08,0.9811217,2.6895817e-05,0.653411,3.72863e-07,1.7701052e-05,6.457469e-09,2.9365663e-07,1.4529356e-06,1.2231472e-08,0.004096039,6.687101e-08,4.4744405e-10,1.6946029e-08,3.8976705e-07,4.27219e-09,5.5668233e-06,2.95379e-09,1.2115676e-05,3.988564e-07,2.9696752e-09,2.3569964e-05,3.857741e-09,1.0265815e-06,4.2365675e-09,5.0583465e-05,5.3968784e-06,8.803985e-09,1.6886885e-08,3.6694337e-06,1.8183194e-06,4.620744e-05,3.982188e-09,0.0001714507,1.9177278e-06,3.1557304e-06,9.4518215e-09,1.3691202e-09,1.1721056e-08,2.9804168e-09,5.4617587e-08,2.5076958e-09,3.0303972e-06,3.0103467e-06,9.21933e-07
592845,"Chemistry, Medicinal;Chemistry, Organic",0.0062118364,0.033060137,0.12224622,0.37060836,0.043870166,0.0056726458,0.0033221482,0.020208346,0.034974832,0.0016183024,0.54301035,0.15162472,0.6107087,0.0019802493,0.03685956,0.00049786584,0.0030860517,0.0060356418,0.0017183232,0.015018952,0.0054621235,0.00046843415,0.0019420056,0.005982624,0.0010914104,0.0040632454,0.00061117805,0.004476269,0.0038611237,0.0022080925,0.0018940622,0.002727146,0.014533428,0.007965102,0.022029487,0.00620009,0.0012534581,0.001536583,0.027035464,0.047198307,0.0012116204,0.00062817335,0.031224344,0.011180535,0.007877784,0.00031543963,0.0015059444,0.005426907,0.00031083272,0.00078741676,0.0022299888,0.0062279436,0.0018428654,0.01330321
592851,"Chemistry, Multidisciplinary",0.0031629102,0.010231872,0.06334406,0.062408663,0.12962596,0.0018892852,0.00060116197,0.0061258315,0.0013401181,0.02434612,0.016687628,0.23606059,0.049746398,0.0034533148,0.004140508,0.0006430249,0.07794142,0.005966021,0.003718805,0.011146253,0.0007276073,0.0008379346,0.00040115736,0.011318733,0.0004673216,0.0005145312,0.00059134664,0.0022178623,0.0068719606,0.019177934,0.028301788,0.0050226655,0.0025695872,0.002784033,0.00039003475,0.001821379,0.0006264336,0.0029469093,0.037291914,0.0036413665,0.003247113,0.0018178091,0.009845096,0.0022312582,0.023889054,0.00020782262,0.0039273365,0.0076577715,5.5725115e-05,0.00010126348,6.382641e-05,0.00066519534,6.8230394e-05,0.026116
863395,"Chemistry, Multidisciplinary",0.00039237866,0.056571312,0.06506694,0.37257394,0.1283365,0.007954,6.486343e-05,0.00081402645,0.02308584,0.015033398,0.07115304,0.5441642,0.115541935,0.00048703936,0.0018110202,0.00047528427,0.029389508,0.022023832,0.00050653575,0.00072692987,0.00010655854,6.0947565e-05,0.00029889992,0.0034630713,0.0008802811,0.0023175348,0.00013134578,0.00039458054,0.010509022,0.0042435834,0.0027542831,0.005471832,0.002610236,0.0026197974,0.0008861957,0.011465139,0.0012008488,0.0019889483,0.06304664,0.0035057464,0.0023653915,0.0005656898,0.075574666,0.0057689543,0.012664371,0.00012332376,0.0010847347,7.7159355e-05,8.9513254e-05,0.0003855298,0.00018216799,0.0004965142,0.00026330134,0.0033781626
939982,"Chemistry, Multidisciplinary",6.749833e-05,0.03077299,0.01045418,0.0137535175,0.027002977,0.00010087586,8.926652e-06,0.0003909272,0.00091345055,0.002307149,0.054671533,0.71646345,0.02070574,0.00045020893,0.0026978168,0.0015143804,0.09672606,0.011398683,0.0002030187,2.0287978e-05,3.4469966e-05,1.8688979e-06,0.00016707394,0.0013366308,0.00051957835,0.00082763535,1.3987548e-05,2.058927e-05,0.0071789236,0.003403633,0.002446967,0.0022528737,0.0009752817,0.003850106,1.8470031e-05,0.0085214125,0.0001075387,0.0012107879,0.071982324,0.0008650284,0.0009281058,0.00067944266,0.05363315,0.0045052175,0.005559737,1.3370257e-05,0.0005405979,6.2224884e-05,2.966509e-06,8.633014e-06,1.2971242e-05,0.00011173777,1.420355e-05,0.0018942714
907958,"Chemistry, Organic",0.00046422146,0.022386286,0.05014377,0.011445123,0.13811982,0.0008572044,0.0002996149,0.0040015494,0.010977543,0.0048780004,0.061394535,0.011410236,0.1813334,0.00018090439,0.0011199494,0.0001695271,0.01616278,0.028201833,0.00038725013,0.003431079,0.00068773906,0.00010191787,0.0043428643,0.0021971555,0.0013725692,0.0023593204,0.00029186494,0.0013994044,0.0010046302,0.008273953,0.00010819585,0.0008123701,0.0060735373,0.005170194,0.004870338,0.0038587016,0.0011188312,0.0009264105,0.025551638,0.007385418,0.00026919358,0.00051280775,0.017713897,0.001978663,0.014061835,2.3249966e-05,0.00035806492,0.0050755716,7.362769e-05,0.00018172056,0.00060744426,0.0007535467,0.0015934661,0.02576824
599624,Neurosciences,0.00032491196,0.0001680165,0.00041124644,0.04978048,0.0013434676,2.139674e-05,5.1603023e-05,0.00024035097,1.0740012e-05,9.7577315e-05,0.002285812,0.035692766,0.0002461683,0.0017318495,0.0011594347,0.0010188416,0.01211166,0.00021897367,0.00023191363,0.00093945774,4.6880027e-06,0.000104928884,9.0672e-06,0.00013343731,1.0254053e-05,5.539391e-06,1.0276296e-05,7.362784e-06,0.0021718657,0.00033401005,0.32668093,0.00012142118,1.3401942e-05,4.435825e-05,1.824281e-05,8.169911e-05,3.1483207e-06,0.000116648844,0.0019798526,9.071854e-05,0.0007766841,0.00029118455,0.000441627,3.1859163e-05,0.00045916624,7.8602854e-05,0.0001683138,0.00041259427,9.1485003e-07,2.587214e-06,4.3909407e-07,0.00016625268,1.0124381e-06,0.00027879036
599614,Neurosciences,9.270668e-05,4.0607087e-05,8.591687e-05,0.057242602,0.000243434,6.1526e-06,1.0353821e-05,8.8491666e-05,1.09778e-06,2.8327364e-05,0.00046853797,0.06288219,9.647379e-06,0.0020765776,0.0004608367,0.001335906,0.007402342,2.5015492e-05,0.0002757322,6.631097e-05,9.964347e-07,2.0693757e-05,1.3521851e-06,2.7946002e-05,3.8713906e-06,1.0909597e-06,1.3623501e-06,1.5902089e-06,0.0012232962,6.3098916e-05,0.6180421,0.00013572317,2.3961347e-06,2.0037398e-05,7.1712435e-07,3.1272604e-05,4.332639e-07,1.1916599e-05,0.00055234856,1.9445664e-05,0.00040312647,0.00021569732,0.00010142768,7.5667353e-06,9.106723e-05,5.4105938e-05,0.00018229084,1.945429e-05,1.612301e-07,7.524176e-07,3.0653997e-08,7.208634e-05,4.7836526e-08,2.912427e-05
599053,Biology,0.0011534649,0.10554655,0.095046155,0.022304045,0.29460797,0.0057287803,0.00046718173,0.0029944428,0.0106589,0.085864656,0.025005598,0.07857948,0.09361006,0.001677847,0.0011975073,0.0018442036,0.20794353,0.08748416,0.0022883778,0.0039280215,0.0018540545,0.00033741427,0.0074745542,0.012694385,0.015119981,0.023659961,0.0017907403,0.003077005,0.008884672,0.055164408,0.0022506989,0.006410681,0.008035863,0.012754647,0.0017320671,0.09145021,0.02109549,0.01132027,0.17070934,0.00457541,0.0066010617,0.0037607,0.10195912,0.020257555,0.116832264,0.00035764993,0.0026665425,0.0009436233,0.0004384813,0.0009981529,0.0007650553,0.00085581624,0.003671246,0.06368534
594154,"Chemistry, Multidisciplinary",8.089425e-05,0.001038579,0.000306075,0.16289893,0.008166914,3.342438e-05,0.000307675,0.00018408922,5.578392e-05,0.00029791894,0.032400906,0.7288141,0.0020613628,0.0005692043,0.0036790965,0.004328038,0.008642343,0.00064024655,0.0006661003,0.0003468038,6.0424723e-06,2.6090308e-06,6.523456e-06,0.0011229203,1.2608701e-05,0.0002232013,4.3717107e-05,5.2541873e-05,0.008332484,0.00028512022,0.12255134,0.00010821979,0.00056808215,0.00017541544,2.0961e-06,0.0004068404,1.4134014e-06,7.3655785e-05,0.010134804,9.5854935e-05,0.018096114,0.00038674966,0.0031935757,0.0012874736,0.0005190641,7.370237e-05,0.00014586256,7.559278e-05,7.676053e-07,5.765693e-06,7.2839447e-07,9.272746e-05,2.7392252e-06,0.0003130453
939992,Enfermedades infecciosas,0.00016294417,0.025367113,0.009584651,0.0002843479,0.09370039,0.00011661449,2.0870582e-05,0.002251013,0.0015174753,0.005326238,0.0048766974,0.009691918,0.002569008,5.591707e-05,0.0003319375,0.0014635784,0.13387968,0.096098125,0.0015250231,3.9814946e-05,3.220133e-05,0.00012241832,0.022922292,0.0010177192,0.0013401974,8.5207364e-05,0.000105647145,0.00014820205,0.008596097,0.032685786,0.00021525212,0.0085324105,0.0003918064,0.022379752,0.0016111463,0.00059404667,7.2825365e-05,0.0017514843,0.1169093,0.002654645,0.00018523018,0.0017941104,0.01743505,0.00037984035,0.0035271535,1.4643292e-05,0.004325323,0.026028924,2.6913982e-05,3.0832172e-05,0.0012902705,0.0004418207,4.153978e-05,0.012812343
926256,"Chemistry, Multidisciplinary",0.00014354345,0.0038415673,0.014463498,0.07127815,0.042350262,0.00032149602,2.0541946e-05,0.00030967436,0.0005894978,0.011523066,0.0059933267,0.63853943,0.02858016,0.0006464901,0.0007928265,6.610545e-05,0.014821836,0.001283767,0.0006562872,0.0003666231,2.2002325e-05,1.5267406e-05,1.1981174e-05,0.0012911287,5.010056e-05,0.00015886556,1.8354267e-05,2.4132558e-05,0.032582168,0.0029138974,0.0072563067,0.0016914157,0.00036462102,0.0013845479,3.6853406e-05,0.0003315599,4.0027684e-05,0.00021600894,0.027517691,0.00032740826,0.00049425045,7.405046e-05,0.006590789,0.0011305811,0.0021671792,1.5035485e-05,0.00046300347,0.00024192149,1.1965107e-06,3.3916115e-06,8.94721e-06,5.766501e-05,1.3344107e-06,0.0039201267
508717,Nemátodos,4.418178e-05,0.010846769,0.0028171637,0.00015498963,0.0015233686,7.760609e-05,3.3883266e-06,0.0007336698,0.0001460648,0.004565574,2.290404e-05,0.00043009743,6.0759252e-05,2.2588189e-05,1.0677043e-05,0.0012503649,0.013468611,0.062044747,8.8883564e-05,8.412011e-06,2.495038e-05,4.6326208e-05,0.0013357705,5.7698184e-05,0.07617904,0.0006776742,0.0001501247,3.0737116e-05,7.378289e-05,0.14468108,4.908039e-05,0.0001891804,7.808795e-05,0.0008194708,0.00023551435,0.129841,0.023185875,0.0054261563,0.07448288,0.0009033443,3.0595394e-05,0.0030121314,0.0043744915,3.489024e-05,0.03031413,5.434892e-06,0.00012928974,6.866386e-05,0.00019713408,0.00017457362,0.00016005473,0.000110352325,0.00012275626,0.01029061
520879,Parasitología,0.0001368889,0.010172673,0.0013178445,6.295736e-05,0.00048545838,4.2937612e-05,1.1083566e-05,0.00188084,0.00019364769,0.001239106,0.00012084088,0.0001278256,5.088638e-05,2.3842837e-05,3.4910576e-05,0.0026259082,0.006029986,0.05031272,9.747167e-05,1.0877083e-05,0.00014957217,0.000106967396,0.012272073,5.9354395e-05,0.13598742,0.0013278524,0.0003376115,0.00017363203,4.097449e-05,0.11562275,2.8749664e-05,0.0003397151,0.00016085873,0.0014161398,0.0011508771,0.15690196,0.018752947,0.012191727,0.04758731,0.0020606196,6.140986e-05,0.008447907,0.0025648312,7.408563e-05,0.038851712,1.1168769e-05,0.00021129906,0.00024805267,0.000999663,0.00079802086,0.0011542734,0.00025654986,0.00069049344,0.018666029
520872,Parasitología,1.5744845e-05,0.036338374,0.0006201433,0.00014141122,5.704271e-05,8.078028e-06,4.3051045e-07,0.0013574014,2.4528012e-05,6.565613e-05,0.0001714288,0.0024395336,4.7349335e-05,8.388794e-06,5.544111e-05,0.0028812662,0.0062980973,0.019471774,6.5173303e-06,1.13014515e-07,1.2376498e-05,1.3634951e-06,0.00067805446,1.7226657e-05,0.061546154,0.00042309586,8.743751e-06,3.9892934e-06,8.0561485e-06,0.007281915,1.6789172e-05,0.0001542729,1.2066567e-05,0.0003009602,6.340024e-05,0.5020143,0.0042611994,0.0017182814,0.043165963,0.0013216052,7.4191225e-06,0.0039815097,0.046747763,3.490385e-05,0.011175155,2.7714011e-06,0.00013187627,1.5747086e-06,4.2349024e-05,0.00014307856,0.00010851141,8.9292706e-05,8.104296e-05,0.0006938246
520868,Parasitología,4.480834e-06,0.0090240855,7.109875e-05,1.7560858e-05,8.839726e-07,4.1332396e-07,6.066603e-08,0.00036912996,5.507276e-06,2.2618292e-06,2.3648432e-05,0.00029232274,1.6675579e-06,3.6034162e-06,1.5889818e-05,0.0020845484,0.00070974353,0.0016476427,4.9113913e-07,5.085424e-09,7.4373716e-06,3.3381463e-07,0.00042265627,1.6789994e-06,0.12130421,0.00014917833,2.6872663e-06,3.3918465e-07,7.9083344e-07,0.0016738684,3.8452763e-06,3.466759e-05,8.3327683e-07,8.698785e-05,1.8241732e-05,0.73157454,0.004963903,0.0014283003,0.008037022,0.00024432945,8.912898e-07,0.002695474,0.011213526,1.1189515e-05,0.004594727,3.7170773e-07,2.7152992e-05,6.263597e-08,1.656142e-05,9.3009075e-05,3.4602293e-05,2.9182875e-05,2.286724e-05,0.00013475496
508984,Parasitología,6.9936286e-05,0.052679382,0.0026177997,0.0005282595,0.000273264,6.7885114e-05,4.7144053e-06,0.003110559,0.00015243498,0.0005144491,0.0002861518,0.0018966467,0.00018253972,4.2329808e-05,9.179472e-05,0.0033429798,0.009328502,0.03938032,3.9817907e-05,2.5788854e-06,8.392311e-05,1.6126594e-05,0.0023187348,6.611491e-05,0.121870466,0.0013368783,7.850262e-05,2.483115e-05,4.252616e-05,0.025196103,5.6335615e-05,0.00047777893,4.7002206e-05,0.0007852718,0.00043290888,0.4806566,0.019908352,0.0043981825,0.06238558,0.00315584,2.7338094e-05,0.005152542,0.05446319,0.000111113106,0.030151322,1.4176011e-05,0.0003732665,1.1559776e-05,0.0002629235,0.0006599882,0.00051584735,0.00034546258,0.00036815618,0.0030113556
520887,Parasitología,7.039643e-05,0.02862244,0.0013616581,0.00036739444,0.0001231044,4.1086594e-05,4.141354e-06,0.002495625,0.00010596567,0.00030323322,0.0001700531,0.0014358461,8.0690625e-05,4.6482866e-05,0.00010455654,0.005966222,0.007810263,0.029928094,2.5992158e-05,1.5626032e-06,6.141478e-05,1.6714648e-05,0.00200792,4.972696e-05,0.13802756,0.0010539808,7.7249104e-05,1.8188246e-05,3.2083073e-05,0.023245396,7.315892e-05,0.0003425531,3.998698e-05,0.00067686616,0.00035818937,0.504058,0.017500568,0.00510558,0.04553263,0.002377625,2.7577687e-05,0.008119818,0.03012282,8.171313e-05,0.023635333,1.4788938e-05,0.00029242114,9.6631875e-06,0.0002858611,0.0006879964,0.0004354454,0.00041084597,0.00034355797,0.0024328318
508888,Parasitología,3.0882555e-05,0.0075958166,0.0013702426,0.0004711993,0.000100496705,4.470256e-05,5.803918e-06,0.000701153,0.00011723137,0.00036627377,0.00011105728,0.00010823187,8.625582e-05,3.1302585e-05,8.614641e-06,0.0004567572,0.0012566091,0.004005013,1.554129e-05,8.526181e-06,0.00035957005,9.467534e-06,0.0014978745,1.7064345e-05,0.13582818,0.008836556,8.6037144e-05,2.6692116e-05,1.1494983e-05,0.008865274,1.3682634e-05,4.62293e-05,3.5449062e-05,0.00028943058,0.00017181266,0.6341919,0.12698743,0.002863813,0.013162073,0.0006027064,2.4098726e-05,0.00095355354,0.0071747415,8.624398e-05,0.04533885,3.399736e-06,1.701475e-05,1.1543739e-06,0.00026450073,0.000607576,0.00013493215,9.618878e-05,0.00087062985,0.005858214
509006,Parasitología,5.8205227e-05,0.0018509588,0.0018569053,0.0013910241,0.00013769939,0.00017097058,1.6229997e-05,0.00036468866,0.00034094058,0.0008184041,9.684686e-05,1.72501e-05,0.00015415584,3.947966e-05,3.2864475e-06,0.00013521049,0.00073419436,0.0039562737,1.1205245e-05,0.00011683063,0.0005364338,7.990433e-05,0.002424181,3.0569678e-05,0.12617844,0.00976411,0.00023356236,0.00010899488,8.728638e-06,0.0064227264,1.701548e-05,1.6455044e-05,5.7184756e-05,0.00011186622,0.0009448473,0.5265908,0.37856495,0.0018953247,0.004041109,0.00043966138,6.7098576e-05,0.00041082382,0.0033746087,0.00014045453,0.05577224,8.99193e-06,5.296418e-06,1.8192231e-06,0.0009783206,0.0023554952,0.0002516391,0.00017684005,0.0049633756,0.010476158
508918,Parasitología,6.5158645e-05,0.08462505,0.0023329717,0.00048129706,0.00029458193,5.3902517e-05,2.597665e-06,0.0033111032,0.00014954765,0.00037901674,0.00041452306,0.0061089555,0.00019801837,3.5113815e-05,0.00017413606,0.0055064135,0.013357309,0.051365994,4.1694122e-05,9.4283246e-07,4.6375895e-05,1.1526465e-05,0.0017890417,8.150161e-05,0.093531445,0.00091887667,5.068433e-05,1.7960003e-05,5.4455184e-05,0.021742895,7.047691e-05,0.00076140824,4.978266e-05,0.001045461,0.00029121173,0.4512963,0.009073008,0.0042162724,0.094128385,0.0035976921,2.5653386e-05,0.007223204,0.09690862,0.00013742001,0.020220965,1.7892442e-05,0.0007033311,1.0833355e-05,0.00018339911,0.000531022,0.00047274222,0.00030188842,0.00021622199,0.0018326142
520869,Análisis cromatográfico;Plaguicidas,0.00021036791,0.49495152,0.02067283,0.0034121252,0.0012432561,0.00021381433,1.696742e-05,0.009445855,0.0026034405,0.00049424317,0.01378843,0.05773439,0.009430715,0.00027316663,0.0022727477,0.0017770199,0.008672886,0.06331059,0.00027209753,4.3239847e-06,0.00052688544,4.189001e-05,0.0036185137,0.00051817606,0.042599227,0.0006895113,7.26451e-05,1.8255723e-05,0.0013500579,0.0121866455,0.00014474474,0.014835182,9.65213e-05,0.007188079,0.002810819,0.22635125,0.004886992,0.0019858708,0.18090461,0.01894601,2.7028802e-05,0.0015741542,0.6120041,0.001993347,0.007973751,5.8935395e-05,0.005464727,6.6298635e-05,0.000118784345,0.000577197,0.0025122976,0.0011195434,9.0267575e-05,0.0025669707
484001,Parasitology,0.000595407,0.0052042142,0.007363219,0.00034949672,0.0007661005,3.9058064e-05,3.5341214e-05,0.014735876,0.00012319694,0.00012991544,0.002652844,5.18972e-05,0.008802226,2.9810277e-05,0.00026165586,0.00015223293,0.0023462318,0.06363913,0.00012159847,8.980592e-05,1.6153792e-05,0.000288385,0.006927656,0.00019597476,0.0016130536,4.0248287e-06,4.0595547e-05,0.00020011913,0.00011009218,0.0076433783,4.0884403e-05,0.00052725297,2.6663953e-05,0.00051533885,0.51864386,0.00059793086,0.00025351238,0.00020290162,0.019835642,0.011751521,2.0319192e-05,0.0002804876,0.0050102915,2.4321871e-05,0.0017812608,1.1097263e-05,0.00045059316,0.052390642,3.91126e-05,5.248163e-05,0.010871318,0.011075413,0.00047630136,0.002718218
520882,Parasitología,1.6289261e-05,0.02682206,0.0005799698,0.00017012561,2.1881317e-05,6.8700233e-06,8.024756e-07,0.0010220907,4.0781528e-05,4.6016637e-05,0.00014359738,0.000577484,3.6353482e-05,1.520829e-05,2.792152e-05,0.0011398254,0.0014914754,0.0044285,4.979527e-06,2.4228694e-07,6.528752e-05,1.5501265e-06,0.0009163923,1.0026681e-05,0.12052368,0.0015472149,1.32949845e-05,3.5866476e-06,7.1271493e-06,0.004335098,9.233503e-06,0.000101140824,7.83075e-06,0.00027123682,8.3563275e-05,0.68384266,0.019431602,0.0018337212,0.019305294,0.00081556296,5.0343674e-06,0.0017271347,0.028712105,5.2593557e-05,0.015680877,1.6879837e-06,5.222133e-05,4.7573477e-07,6.4435386e-05,0.00024022452,0.00011062415,7.696622e-05,0.00013505688,0.0010099515
520884,Parasitología,5.1420095e-05,0.024038173,0.0016519103,0.00031649275,0.00010511335,3.1484615e-05,5.478919e-06,0.0016467533,0.00014194971,0.00031264717,0.00018447281,0.00034926357,9.8033575e-05,4.6197303e-05,3.5454672e-05,0.0013916839,0.0025056934,0.00929934,2.7016793e-05,3.3874026e-06,0.00027287556,1.1382645e-05,0.002545224,2.8184686e-05,0.17474161,0.0037682338,8.45882e-05,1.9097495e-05,2.6609872e-05,0.01566442,2.1545555e-05,0.00020750661,3.1450792e-05,0.000673239,0.00032297987,0.5582224,0.048851397,0.0038707627,0.028297255,0.0014242175,1.784473e-05,0.0022653402,0.020689514,0.00011340717,0.03436905,5.673355e-06,9.9861725e-05,3.978189e-06,0.00026563622,0.00063459465,0.00034087952,0.00020522006,0.00044581597,0.0043855207
545400,Infectious Diseases,0.00015360062,0.056407504,0.0031451837,4.9586506e-05,0.0059842067,2.9199327e-05,3.5858866e-05,0.005604822,0.00075603364,0.00039090207,0.015686117,0.001672934,0.0009181871,3.5177396e-05,0.00042435047,0.008964524,0.0476847,0.082848094,0.0007786705,7.427264e-06,0.000109422464,8.157533e-05,0.24972537,0.0005525437,0.008929578,0.000269576,0.00013215281,0.00020142873,0.0018473687,0.012213764,5.1638515e-05,0.004550362,0.00024323564,0.025640363,0.007834448,0.006176873,0.0002634957,0.0030915975,0.07376274,0.0057773977,0.00029121648,0.008225798,0.023850588,0.001336688,0.0040495545,1.605057e-05,0.00209447,0.0067539876,0.00014466897,0.0001730344,0.016824676,0.0009542057,0.00045390514,0.009978276
457580,Parasitología animal,0.00034996,0.0006613977,0.018821346,0.0009810484,0.023451734,0.0010991336,0.00012205803,0.0009728488,0.0018007288,0.022826284,0.00016837654,2.7391954e-05,0.0031849048,3.7391957e-05,1.8843211e-06,8.669653e-06,0.0040417365,0.014850097,0.0008764989,0.021830516,0.00016521254,0.0057345163,0.015292698,0.0021274043,0.0051597143,0.00034064637,0.0015660117,0.016117712,8.024427e-05,0.028922899,3.668366e-05,8.433056e-05,0.0006367399,0.0006014426,0.047264285,0.0056586075,0.10413454,0.00056009437,0.0048573255,0.0007341278,0.000467206,0.00019396408,0.00068045384,0.0005500826,0.021165542,1.3885013e-05,6.203541e-05,0.0051611904,0.0006078027,0.0013760042,0.00289499,0.00017379303,0.005930839,0.04214021
650579,Immunology,0.0076172375,0.00041033066,0.0030000056,0.0028033378,0.0038658658,0.000583811,0.0009165325,0.0024999175,0.00032838574,0.00032446557,0.0014768634,6.740301e-05,0.00017385915,0.0023252943,0.00063009246,0.0085724825,0.019613815,0.0077996943,0.0038134141,0.0096856,0.00045035032,0.109145574,0.009801498,0.0005946403,0.0014109202,1.6344502e-05,0.004791657,0.0017734286,0.00044807722,0.008768567,0.07798058,0.00034454511,0.00035362146,0.0004995872,0.00575788,0.00056476006,0.0006942257,0.006069471,0.0052112644,0.0023611125,0.0042209756,0.008678189,0.00081669167,6.986583e-05,0.01153676,0.0026700613,0.00068391743,0.040642377,0.0008125729,0.0005227966,0.0001305123,0.0020806815,0.00083748205,0.004012827
545957,Rheumatology,5.592354e-06,2.3882138e-05,6.446188e-05,3.3158824e-07,0.0032664137,5.8156195e-07,4.664131e-06,0.00023304853,9.158585e-05,3.3120188e-05,8.252984e-06,1.2630213e-06,6.339027e-05,1.0832623e-07,2.429453e-06,1.0132717e-05,0.00017520816,0.0046589556,0.00018289495,8.972974e-06,2.6998225e-07,4.8869242e-05,0.001265563,1.5889305e-05,3.4877296e-05,7.1429994e-08,2.8876528e-05,3.7989506e-05,4.3304502e-05,0.002638547,3.6675303e-07,4.2472275e-06,0.00011910477,0.001780098,0.001994165,1.0289524e-06,1.8475317e-06,2.7033237e-05,0.0021547657,0.00022026816,2.0983269e-07,4.6231988e-05,6.296438e-06,1.7242225e-07,5.306389e-05,2.3789038e-08,8.869079e-06,0.9258485,3.1097503e-07,1.9995662e-07,0.00033332486,2.3433518e-05,3.225908e-06,0.0010495236
548788,Rheumatology,9.708477e-10,7.3657136e-11,7.391387e-10,3.0018234e-12,1.6525859e-06,2.273869e-13,7.230185e-10,1.5902032e-07,1.3185621e-09,2.8870803e-11,1.5044328e-09,3.8038322e-13,1.6905182e-09,9.990827e-13,5.1717447e-10,5.846433e-10,7.6828846e-09,1.4279893e-06,1.6784409e-07,5.44121e-09,1.9232678e-12,1.6216939e-07,6.093137e-07,1.7086221e-10,5.7369703e-11,1.1173987e-16,4.350241e-09,4.7747353e-09,1.7431134e-09,3.0414986e-07,2.9940272e-10,4.3492664e-11,4.621014e-09,8.148123e-08,2.590473e-06,4.4172955e-14,2.3408408e-14,1.6201556e-09,1.458657e-06,7.194053e-08,2.2522697e-13,5.7698095e-09,2.5557825e-11,6.0459513e-15,6.8804695e-10,1.9431485e-13,4.4288623e-10,0.99991983,9.119991e-14,2.2968743e-14,3.8075494e-09,7.692455e-10,2.262872e-12,1.0985178e-07
545591,Rheumatology,1.6212744e-06,6.026261e-06,2.8434788e-05,1.4215782e-07,0.00032353334,6.1992374e-08,3.7952114e-07,0.00062512304,7.1674604e-06,1.688507e-06,9.821016e-06,6.002305e-07,3.0479898e-05,1.1873774e-08,2.5699758e-06,1.9721974e-06,2.2467537e-05,0.001912654,5.0873765e-05,3.887169e-07,1.8343936e-08,4.0297177e-06,0.00015572364,1.7188387e-06,2.4259639e-06,1.5129852e-09,6.128552e-07,3.1145216e-06,9.295597e-06,0.00049144373,1.1877572e-07,2.3709733e-06,1.2165706e-05,0.00030329652,0.0014939117,4.502371e-08,3.951864e-08,3.482706e-06,0.0016586594,0.00028656403,7.624244e-09,7.3717138e-06,2.2370928e-06,5.591993e-09,4.1084754e-06,1.8762796e-09,3.5303378e-06,0.9871882,9.820208e-09,5.0638396e-09,0.000112839756,1.6438871e-05,1.1874843e-07,0.00010916431
544977,Rheumatology,3.2049843e-07,9.981258e-07,9.1596837e-07,4.5473847e-09,0.00032216616,2.1080895e-09,2.1397555e-07,0.00017863237,1.4972934e-06,8.5347466e-08,3.943859e-06,5.564343e-08,1.050866e-06,2.0323396e-09,4.1718254e-06,3.7339964e-06,7.3453207e-06,0.00035763116,2.0422562e-05,4.992956e-08,1.802977e-08,1.3222358e-06,0.00010992833,1.8055087e-07,2.7686113e-07,4.2245086e-11,4.801409e-07,3.6417148e-06,3.6673032e-07,0.00013661674,6.895991e-08,4.591032e-07,3.804679e-05,0.00014952783,1.3702482e-05,2.958385e-09,2.563175e-10,2.176861e-06,0.0006522531,0.00013652234,5.287093e-10,2.2746139e-05,1.5628582e-07,8.098716e-11,3.935755e-07,1.5795637e-09,1.0246927e-06,0.9986842,3.1713059e-09,5.3450705e-10,1.9273848e-06,5.203596e-07,3.4826597e-09,2.1708678e-05
846168,Parasitología,9.249573e-05,0.029892908,0.00089961226,0.00038385642,5.6726185e-05,2.6798807e-05,3.606139e-06,0.001974758,0.00020567805,0.00010127807,0.0002989706,0.0016959225,6.625299e-05,5.3142685e-05,0.00019739289,0.006510562,0.0053599044,0.021545468,1.1057678e-05,9.232572e-07,7.187671e-05,2.3551383e-05,0.0023664413,5.247958e-05,0.14946735,0.00085954485,6.4405474e-05,1.5997515e-05,2.7081076e-05,0.012536003,7.161986e-05,0.0003906728,3.9466973e-05,0.00062613544,0.00044218177,0.5498711,0.014966833,0.007707195,0.03133803,0.002057532,2.60498e-05,0.008095273,0.03360228,0.00014396619,0.015241213,1.7675782e-05,0.0003013627,5.8248006e-06,0.00034645537,0.0009997283,0.00053479907,0.0004456481,0.00042276608,0.001145665
846169,Parasitología,3.0102177e-05,0.022225983,0.0004217467,0.00021279865,2.7323602e-05,1.0969316e-05,7.4701165e-07,0.00093743525,8.977689e-05,3.9358012e-05,0.00016103046,0.0014161331,2.9510282e-05,1.2915646e-05,7.896445e-05,0.0036935199,0.0036025997,0.017124102,2.859249e-06,1.8154452e-07,1.7581286e-05,5.8993883e-06,0.001075094,1.9714793e-05,0.09807109,0.00046534062,1.7095554e-05,5.8016158e-06,9.288871e-06,0.006338717,2.3929282e-05,0.00015194796,1.6582899e-05,0.000263553,0.0001694132,0.5641901,0.008177055,0.00482043,0.023995524,0.0010408594,1.0199641e-05,0.0046059527,0.026076553,6.090991e-05,0.008932739,5.5119367e-06,0.000113270995,1.3879541e-06,0.00013173613,0.00044178488,0.00023033668,0.00016440904,0.00021783395,0.00053966936
549387,Rheumatology,6.558444e-06,1.2356637e-05,0.00019734113,2.0677007e-06,0.00049921515,3.1124327e-07,1.1647367e-06,0.00070188043,2.6344422e-05,5.3427343e-06,2.4599225e-05,9.704031e-07,0.0003029139,5.421436e-08,2.612681e-06,5.6085025e-07,2.523201e-05,0.0021830716,2.3796201e-05,1.2284248e-05,7.742274e-08,2.5186622e-05,0.000152445,5.313076e-06,5.4701477e-06,1.0744979e-08,2.8723566e-06,7.593076e-06,8.501953e-06,0.0006559711,2.530045e-07,1.8889939e-06,9.992306e-06,0.000100675774,0.010096394,2.8715652e-07,6.6192484e-07,4.4333347e-06,0.0011364422,0.00026681853,3.9872294e-08,3.043076e-06,7.968362e-06,5.843529e-08,2.3076143e-05,5.2133737e-09,2.7025399e-06,0.910401,3.6405993e-08,3.806397e-08,0.00016995537,4.4172342e-05,1.3268299e-06,0.00050153775
520870,Parasitología,1.5253333e-05,0.010376556,0.00042497859,0.00021604866,2.4172956e-05,1.1019823e-05,7.7656836e-07,0.0006609132,3.337301e-05,4.4708104e-05,0.00010183501,0.0003406227,2.2853113e-05,1.0291527e-05,1.6416767e-05,0.0011438787,0.0017560624,0.0050972523,2.9788268e-06,3.5449395e-07,3.22517e-05,2.0999375e-06,0.000833781,8.388827e-06,0.09563527,0.0012049353,1.3659218e-05,5.661411e-06,4.1406947e-06,0.004013605,1.1233268e-05,4.2323227e-05,9.898325e-06,0.00013113029,7.610807e-05,0.683599,0.02170782,0.0022400536,0.012427214,0.0005986782,9.371728e-06,0.0020578436,0.01246007,3.159027e-05,0.017325243,1.8275265e-06,2.3851479e-05,4.576925e-07,8.1918166e-05,0.00028061811,8.210351e-05,7.60016e-05,0.00026315,0.0010821609
520874,Invertebrados,0.00031979848,0.046367034,0.0027160677,7.4990756e-05,0.00029008865,4.1993844e-05,1.7577548e-05,0.003821333,0.0006339364,0.0008530322,0.00026276914,0.00036617045,0.00013573843,6.6978195e-05,0.00014023826,0.0034798225,0.0057483064,0.044418827,0.00016815562,6.880894e-06,0.00050203915,0.000217018,0.02839745,0.00013003715,0.22850594,0.00092864275,0.00047626116,9.2843984e-05,0.0001218931,0.08693932,3.6034384e-05,0.0027474952,8.24812e-05,0.005158943,0.0039919578,0.18479286,0.020470072,0.010965118,0.05767382,0.005583591,3.359208e-05,0.008168389,0.01778053,0.00033800476,0.031391084,2.7037619e-05,0.0018123576,0.0002708621,0.0013033741,0.0026109363,0.0058292765,0.0007313947,0.0004996872,0.011793122
520880,Parasitología,3.8409966e-05,0.031821437,0.0009855588,0.00024195078,7.025762e-05,2.0086283e-05,1.7871662e-06,0.0019362081,5.9283466e-05,0.00014252315,0.00017445433,0.0014185971,6.029329e-05,2.5164005e-05,6.998807e-05,0.003701101,0.0054912944,0.017291486,1.5356978e-05,5.474936e-07,4.8919464e-05,5.7030115e-06,0.0015131135,2.944866e-05,0.116918035,0.00094009354,3.416857e-05,1.0417239e-05,1.7159418e-05,0.012123464,3.4144792e-05,0.0002560084,2.04331e-05,0.00049448066,0.00017825686,0.56204534,0.013256305,0.003265673,0.038418435,0.0017039825,1.5130909e-05,0.005535078,0.0349447,6.594277e-05,0.019061644,6.584854e-06,0.00020360801,3.3530155e-06,0.00013631719,0.0004159336,0.00026391458,0.0002042561,0.00020470431,0.0015252844
520875,Parasitología,4.107798e-06,0.001197104,0.000625873,7.9202524e-05,0.000117236516,1.7631806e-05,1.0397458e-06,7.630494e-05,3.3371005e-05,0.00078682345,4.5547667e-06,9.065523e-06,2.3459164e-05,3.1771308e-06,2.453509e-07,5.7244015e-05,0.00066748756,0.004044828,4.9974815e-06,7.270818e-06,2.7558073e-05,3.982942e-06,0.00036730058,5.0250283e-06,0.05860995,0.0024388223,4.7346035e-05,9.451827e-06,3.1412726e-06,0.01252267,2.077158e-06,3.2635667e-06,1.2160034e-05,6.567905e-05,7.912273e-05,0.34693497,0.13990965,0.0007211311,0.007050633,7.940717e-05,6.49492e-06,0.0001795725,0.0007308874,1.4305627e-05,0.027791904,3.333772e-07,1.3958401e-06,6.0957984e-07,6.146416e-05,0.00010105907,3.065448e-05,1.2882679e-05,0.00028192461,0.005996003
520886,Parasitología,3.2970405e-05,0.030114617,0.0010999196,0.00021659546,0.00010752906,2.4269832e-05,1.8462125e-06,0.0016516508,6.083213e-05,0.00022332201,0.00015277606,0.0015711967,5.539899e-05,2.3612196e-05,4.893719e-05,0.0038752551,0.0070644272,0.017392727,2.4997797e-05,6.44086e-07,4.711444e-05,5.3569534e-06,0.0017540088,2.9406592e-05,0.10758823,0.0013818949,3.6809637e-05,1.1113245e-05,2.6945598e-05,0.014312065,3.616579e-05,0.00026831497,2.446657e-05,0.00063749106,0.00014560437,0.5243679,0.013954738,0.0037656787,0.044741828,0.001366939,2.0131461e-05,0.0055077164,0.030964551,7.778784e-05,0.020626644,6.181053e-06,0.00020346926,3.6769616e-06,0.00013032304,0.00037418818,0.00026500734,0.00015237222,0.00020845153,0.001891394
520885,Parasitología,0.0003479596,0.050952908,0.0044503566,0.0024984267,0.0007631887,0.00026922722,5.308206e-05,0.004537908,0.0011633758,0.0014422513,0.0011992536,0.002646332,0.00073759625,0.0002710569,0.00031338452,0.004412833,0.008245599,0.028024483,0.000106115025,4.3263426e-05,0.0008550255,0.00010997855,0.005642246,0.00024079022,0.17749697,0.012038781,0.00044519696,0.00014327311,0.00021504289,0.028530931,0.00018759895,0.0007940029,0.00032792494,0.0022942205,0.0012776577,0.5637684,0.069271654,0.012969116,0.054216597,0.004590352,0.00016506105,0.0069716373,0.048226018,0.00070533337,0.056664173,6.871417e-05,0.000406008,3.645885e-05,0.0013433858,0.0026646082,0.0013706889,0.000988231,0.0023064523,0.011080617
520876,Parasitología,6.441518e-05,0.014660273,0.0017978068,0.00018959897,0.00030095674,6.700874e-05,1.01105825e-05,0.0016513772,0.00017814778,0.0005507653,0.00018788967,0.00012458765,0.00014402799,1.6421855e-05,1.4478121e-05,0.0010556822,0.0035400335,0.023715645,4.1549523e-05,1.0521223e-05,0.00017679673,3.36081e-05,0.008269798,4.5551304e-05,0.12258212,0.0026481976,0.00017944121,8.9937974e-05,2.2009923e-05,0.022556331,1.3121963e-05,0.00012490955,5.741852e-05,0.0005553888,0.0014307781,0.40612298,0.048958853,0.0041985516,0.026937677,0.0017687145,3.9038074e-05,0.0024299396,0.009695869,0.00011667377,0.036751643,8.87066e-06,7.0890834e-05,2.1202877e-05,0.00059773884,0.0011917544,0.0012355126,0.00023925466,0.0018854064,0.00817844
520878,Parasitología,4.5809673e-05,0.03892316,0.0016948467,0.00044913538,0.0001302942,3.8691163e-05,4.000975e-06,0.002230097,0.0001311892,0.00029279105,0.00024538656,0.0008889641,0.00013176238,3.746931e-05,5.6291366e-05,0.0019094996,0.0032405744,0.013843616,2.4411496e-05,1.9189772e-06,0.00014554163,7.5833354e-06,0.0017502884,3.3019493e-05,0.13729335,0.002827754,5.3531538e-05,1.6789365e-05,2.812092e-05,0.013852413,2.7155193e-05,0.00025729084,3.4612924e-05,0.0006455813,0.00028048412,0.5841009,0.031344954,0.0031389734,0.038877778,0.0019741303,1.483049e-05,0.0028941657,0.035921805,9.4344876e-05,0.026545556,6.872985e-06,0.00014251322,3.7198008e-06,0.0002034382,0.0005146857,0.000327085,0.0002124785,0.00034252947,0.0029797577
520883,Parasitología,8.217142e-05,0.0664163,0.0013129635,0.00011185919,9.612754e-05,1.766333e-05,4.0203363e-06,0.004010617,0.00014538864,0.00023619886,0.00023098767,0.001281966,9.022171e-05,3.9833216e-05,0.00015803594,0.0068607843,0.005220805,0.033727165,4.8226793e-05,6.8903046e-07,0.00013112441,1.6306856e-05,0.004829156,4.9099024e-05,0.19620202,0.0010388902,8.8789784e-05,1.5117898e-05,4.9482678e-05,0.031117395,3.1504645e-05,0.0009751228,3.371747e-05,0.0017939233,0.00071095355,0.43363357,0.010605357,0.0051427893,0.070914045,0.0038970176,1.1823054e-05,0.008334048,0.045387395,0.00013677642,0.016943656,1.3505005e-05,0.0007162195,2.2543814e-05,0.0003342292,0.000744765,0.0014257168,0.0004442569,0.00024333979,0.0025514017
520877,Parasitología,2.9075538e-05,0.028215362,0.0015114163,0.00015604128,0.00027186674,2.4734956e-05,1.3207864e-06,0.0018409299,3.616148e-05,0.0005672922,9.6015116e-05,0.0016881435,7.197843e-05,1.6796346e-05,4.2622745e-05,0.0033914282,0.011979832,0.035371203,3.954922e-05,7.253714e-07,2.4728919e-05,4.497578e-06,0.000935865,3.198135e-05,0.07240459,0.00076436746,3.1245447e-05,1.2611418e-05,2.4163806e-05,0.03431587,3.516884e-05,0.00025893643,3.6685306e-05,0.0006885306,9.829388e-05,0.32496834,0.008099523,0.0027653698,0.07428365,0.0016906688,1.6476117e-05,0.005065177,0.022476342,3.3609736e-05,0.022760777,4.885096e-06,0.00022294204,9.774847e-06,8.798823e-05,0.00015695693,0.00013929894,0.00012057925,9.941953e-05,0.0028930774
582160,Protistas,4.4691562e-05,7.308675e-05,0.0056372057,0.00021902856,0.00143677,2.19228e-05,4.8228867e-06,0.000114519185,4.685107e-06,0.0011029362,3.2848387e-05,4.5227835e-06,0.00030535884,6.2278195e-05,8.651018e-07,7.637209e-06,0.009491822,0.001655854,2.2970271e-05,0.0012920655,3.0871335e-05,7.456312e-05,0.00029575345,4.3781736e-05,0.0017340593,4.2050786e-05,2.543228e-05,3.795637e-05,9.6825415e-06,0.00734647,0.0001422181,4.632551e-06,5.241087e-06,1.2743804e-05,0.00055473065,0.0026997856,0.011174812,0.00020318039,0.0020941452,6.9014604e-05,8.068847e-05,4.808916e-05,0.00016741105,1.4338024e-05,0.016668713,1.8065608e-06,2.5142738e-06,0.00015867285,4.3253867e-06,7.4228524e-06,2.5386448e-06,5.147759e-05,8.1938946e-05,0.008081921
540693,Infectious Diseases,0.00045850824,0.008363091,0.024200037,0.00029871275,0.020902814,0.0007412897,9.86971e-05,0.003421416,0.0030716676,0.0015516328,0.0053416523,3.2744956e-05,0.0027051768,1.2996179e-05,1.4977181e-05,0.00014171345,0.013295807,0.06544836,0.0007546311,0.0007033187,0.0006257438,0.0020874634,0.2663238,0.00087015465,0.015113052,0.00059666537,0.0011786451,0.008366702,6.4538704e-05,0.020108456,1.2277796e-05,0.00031225395,0.0008916504,0.0015158484,0.042461827,0.008523516,0.023986535,0.0017121433,0.011494528,0.005267782,0.00092148856,0.0008664184,0.006296322,0.00096317386,0.037662216,2.1574568e-05,0.00019277816,0.0033189033,0.0018202697,0.0029818646,0.0075867567,0.00060517236,0.021623472,0.025365785
545722,Protistas,0.00019324101,0.005666372,0.074971855,0.0045734253,0.0390161,0.0031160465,1.2637387e-05,0.00085591,0.0004045719,0.0074177696,0.0068608457,0.0003181054,0.005468245,4.189648e-05,6.0030884e-06,7.331179e-05,0.11996255,0.051525224,0.00018022847,0.0006653989,0.00016654811,0.0002170716,0.017235756,0.0013112733,0.005245063,0.0005494027,0.00019762943,0.006938651,2.9245895e-05,0.008134691,0.0001647689,0.00026636128,0.00026241565,7.483809e-05,0.0022730147,0.042713653,0.038012132,0.002010894,0.015617868,0.0012122472,0.009676853,0.00052787847,0.016139366,0.0010545428,0.15355927,3.1894182e-05,7.2571704e-05,4.5955505e-05,0.00029937792,0.0006887478,0.00014195498,0.00021401992,0.013198076,0.010261061
973072,Genetics & Heredity,0.0009517981,0.00016483724,0.038718898,0.026607547,0.007774292,0.0004608916,9.398301e-05,0.00044951634,0.00015589882,0.0011141419,0.0044291914,4.6484074e-06,0.010091492,0.00025658336,4.9282025e-06,6.6141814e-07,0.0058295997,0.0008240501,7.581296e-05,0.43967605,0.00046409093,0.009954783,0.0013293037,0.000670202,0.00015012684,3.8781636e-05,0.00019117723,0.0077733467,1.3922124e-05,0.0010562093,0.0007521603,3.8988106e-05,3.977946e-05,6.4132673e-06,0.0056812726,0.00050402747,0.0029404731,0.0002636726,0.00052809116,0.00019017546,0.0006666528,2.1721022e-05,0.0012552567,0.00010455624,0.014455241,3.283655e-05,3.601123e-05,0.000440546,5.4851753e-05,0.00017609482,1.2446925e-05,8.6364715e-05,0.00082267943,0.009482354
865871,Rheumatology,0.0002553811,0.0014742982,0.004534741,0.00011409159,0.114778586,8.8809604e-05,0.0007876794,0.0028718403,0.00021045176,0.0080367215,0.0043741534,0.00078044186,0.02838023,6.750541e-05,0.00012835226,0.00027014542,0.0048612957,0.006921065,0.034692,0.0009856293,0.0013450051,9.6198506e-05,0.005697163,0.004630003,0.00037122954,0.001487055,0.0013679652,0.027641777,0.0014016218,0.011055981,9.873354e-05,0.00036644706,0.014406683,0.010035324,0.0013776702,0.0006851318,0.00040480838,0.00067049626,0.050358325,0.0016299852,0.0016245105,0.0010227355,0.0007090934,0.0013255584,0.005177436,1.7556336e-05,0.00016411066,0.1395299,4.5559125e-05,2.5810827e-05,0.0004840274,0.00014613877,0.00071186613,0.037069567
901130,Farmacología,0.015608239,0.2212514,0.17312069,0.14641099,0.01962444,0.060563013,0.0029421875,0.20646708,0.035393525,0.013591071,0.102649584,0.11528959,0.10065586,0.0040542297,0.029269869,0.03148186,0.048424166,0.3022389,0.009897055,0.0019405578,0.006544722,0.0080063455,0.055707503,0.00917448,0.08649905,0.005011651,0.0034490214,0.010103775,0.007327033,0.059292596,0.009680524,0.05943374,0.008445881,0.019974094,0.28823406,0.1647138,0.045248516,0.027856974,0.17710862,0.25940862,0.0035032486,0.028949972,0.21442015,0.0068624252,0.0590501,0.0066750455,0.03774292,0.014823395,0.01778213,0.024072487,0.14036074,0.08645948,0.032529265,0.022972684
901128,Rheumatology,1.7875813e-05,6.6586176e-06,1.5824866e-05,1.1457768e-07,0.003294803,6.1737616e-08,8.277337e-05,9.255043e-05,6.840402e-06,4.103197e-06,3.4195135e-05,1.9032994e-08,2.7049122e-05,2.404808e-07,9.660503e-07,4.5251004e-06,0.00014151886,0.00058622035,0.00064875465,0.00067003927,1.149575e-05,0.00048339178,0.009034898,3.0723604e-05,4.5343622e-06,3.502419e-08,0.00043098576,0.0009132862,3.997134e-06,0.000636426,1.618827e-06,1.5095175e-06,3.148813e-05,0.00014711468,0.0007506069,3.0626302e-07,2.3254024e-07,1.7739716e-05,0.00051596604,4.0861214e-05,1.6199189e-06,3.9516493e-05,2.6185778e-06,2.3565053e-07,5.9483416e-05,1.1708559e-07,5.357199e-06,0.9481222,6.715828e-07,5.144719e-07,1.6864755e-05,3.300522e-06,4.7433036e-06,0.0030027353
326564,Biochemical Research Methods,0.0063145556,0.011887103,0.22514568,0.017417101,0.03890228,0.00611032,0.00041144132,0.015780725,0.00087930786,0.044324238,0.0051374836,0.0059906254,0.02848155,0.009579895,0.0011705852,0.000756266,0.09769578,0.01826185,0.005585421,0.011461723,0.012432031,0.0057444545,0.002461289,0.0055183363,0.013084956,0.0011714464,0.0011603355,0.0033311392,0.0011408802,0.07209112,0.013620873,0.0062810327,0.001538172,0.0036188613,0.0020833681,0.014641088,0.034581628,0.008418245,0.046208367,0.010748668,0.0013624362,0.0036847726,0.01247964,0.0011367637,0.09902075,0.0007796127,0.0031029608,0.0062513254,0.00046773406,0.00044345466,0.00014172155,0.0017709672,0.0005862117,0.062205575
896536,"Chemistry, Multidisciplinary",0.0005863888,0.040640816,0.07798424,0.03491468,0.0997759,0.0031302047,4.0760337e-05,0.0043101585,0.004465468,0.02053641,0.010523823,0.37296423,0.0363397,0.00028234426,0.001543958,0.00039262898,0.05405073,0.06958081,0.0009833707,0.00042680223,8.4424944e-05,0.00026728344,0.0005869128,0.0035590592,0.00076718454,0.00014486251,0.00013677511,0.00044467402,0.002938718,0.034188315,0.0019152373,0.009401539,0.0014960058,0.0029536283,0.001062818,0.0030208132,0.00056178274,0.003526522,0.11687766,0.0114985695,0.00037509442,0.0015586629,0.03089321,0.0005144922,0.014822712,5.8260033e-05,0.0031493262,0.0033479847,6.1477585e-05,9.6356045e-05,0.00023454941,0.00061126606,5.2574353e-05,0.012506513
861639,Biochemistry & Molecular Biology,0.003055695,0.004963684,0.042330667,0.93305963,0.013739289,0.05178311,0.00044961582,0.0075434204,0.012227613,0.0014538117,0.11755051,0.053516407,0.03893633,0.0003512892,0.0027582056,0.0005424054,0.0022511978,0.017817901,0.0006025146,0.007268955,8.908111e-05,0.001855127,0.00051759696,0.002837132,0.00055742153,0.00018774373,0.00016376942,0.007865859,0.0009912192,0.00044768208,0.01306993,0.0022675495,0.0011204947,0.00017181512,0.049350116,0.003981228,0.0008052245,0.0020404737,0.004132569,0.011259903,0.007549142,0.00063368963,0.018883659,0.0007910852,0.0035711876,0.0011439075,0.0009445039,0.0007060553,0.0010187033,0.003736075,0.0010492081,0.009582212,0.0029841382,0.00061534846
895635,Rheumatology,0.004455516,0.001676247,0.0014979311,0.023006817,0.003447232,0.00010616207,0.0015745943,0.03729632,0.00019281196,3.6370406e-05,0.07903868,0.0114190085,0.0057446747,0.0006348306,0.049194537,0.008649087,0.0028965413,0.007073953,0.0010930105,0.0016593861,0.00013693693,0.0005376216,0.000632715,0.00044916425,9.130993e-05,2.4009632e-05,0.0001573974,0.001332078,0.00033429073,0.0012851453,0.028548587,0.00047342997,0.0008687919,0.00040655525,0.0065490697,0.00031955045,8.137278e-06,0.0011018162,0.011066367,0.012512562,0.0006317046,0.00636487,0.0027936804,4.3769756e-05,0.0011358974,0.00031854454,0.00068087067,0.1831328,5.328879e-05,8.2912324e-05,0.00016970564,0.006863693,0.00025596836,0.0013252452
1028433,Biochemistry & Molecular Biology,9.4621384e-05,0.00015997828,0.011715355,0.97486097,0.009611449,0.0013963723,6.882355e-05,0.00031603503,0.00033144956,0.00016061809,0.39549237,0.00443863,0.18639971,2.7279184e-05,0.00011846412,1.421729e-06,0.000120890225,0.00018269295,1.5489028e-05,0.045704283,5.071946e-06,5.489636e-06,4.434806e-06,0.00022378731,1.5103714e-06,2.9613439e-05,4.9134946e-06,0.0043911813,2.6793721e-05,6.887558e-06,0.0013384518,1.3161291e-05,0.00014143251,1.2085684e-06,0.0006749961,0.00011575962,8.001594e-06,1.3058023e-05,0.00020435076,0.000294336,0.0016297608,4.398574e-06,0.0013741689,9.115532e-05,0.00058035384,1.0210698e-05,5.383251e-06,1.2160184e-05,4.036649e-06,3.4381294e-05,1.9005024e-06,9.2111164e-05,9.320609e-05,8.064869e-05
1028220,Biochemical Research Methods,0.0014725613,0.0025826518,0.23311625,0.0693558,0.006380386,0.00062782865,5.8664723e-06,0.0026146676,1.8503635e-05,0.008921964,0.00040955827,0.00068372977,0.003642711,0.0024557484,3.673225e-05,4.8160797e-07,0.005329336,7.450108e-05,0.00081326196,0.0018036667,0.00088723836,0.001076839,5.829505e-05,0.00037829767,0.00029644932,3.799655e-06,9.584817e-06,0.0011159101,8.285763e-05,0.0017150765,0.0025201498,0.016468469,3.7863683e-06,0.000120736186,0.0006303895,0.00035858178,0.00045900766,3.3041448e-05,0.0039731394,0.00082437287,3.2667544e-05,1.0310615e-05,0.0016634156,2.5758476e-05,0.0058634207,2.887917e-05,0.010398556,3.0384852e-05,1.14599125e-05,1.5985817e-05,5.6650183e-06,0.00031040743,8.084387e-07,0.0015739601
1016161,"Chemistry, Multidisciplinary",0.00062318577,0.041439645,0.042550594,0.024201624,0.035293024,0.001466298,3.3936347e-05,0.008294488,0.0015861371,0.006362536,0.035437576,0.7094867,0.031540435,0.0005418703,0.0077972817,0.004631705,0.084673434,0.0484894,0.0018139974,5.779323e-05,0.00010921429,4.769443e-05,0.0006603915,0.0023103182,0.0011491287,0.00028750297,5.1320934e-05,0.0001634571,0.0046536187,0.016624657,0.0050211716,0.012343086,0.0013638871,0.0073926602,0.00063211616,0.0056390073,0.0002712045,0.0031023694,0.15651397,0.021371434,0.00060394936,0.0040030302,0.03585344,0.0008984948,0.010240156,9.653198e-05,0.0043572853,0.0024649608,4.5728182e-05,6.506774e-05,0.000310253,0.0015031141,6.195731e-05,0.0071851527
1017742,Obstetrics & Gynecology,0.0023226275,0.0023832493,0.06162394,0.045474987,0.00030250556,0.0009000242,8.4979604e-07,0.005250572,2.5154888e-05,0.0005038754,0.00011934431,0.0010263177,0.00011803519,0.0003308305,5.8576632e-05,9.1741344e-07,0.00090273726,6.6161956e-05,0.0006291854,8.277664e-06,0.00024083247,0.005883643,0.00020285888,6.268455e-05,0.00040372738,9.4547815e-08,1.3122539e-06,0.00044524256,4.932725e-05,0.00027364807,0.0015540798,0.25678113,4.869278e-07,0.0001580177,0.00959166,0.000116437695,9.436817e-05,8.6797545e-06,0.002486532,0.0012134751,2.588273e-06,8.062297e-06,0.0008745572,5.4756542e-06,0.00046731223,4.356371e-05,0.18510087,1.634882e-05,1.7357777e-05,4.094067e-05,0.00021989948,0.0013403402,1.9672858e-07,5.188082e-05
991714,Biochemistry & Molecular Biology,0.0015854631,0.0019400971,0.0561844,0.9265792,0.016798897,0.044338264,9.150543e-05,0.0017804089,0.038940117,0.0019238896,0.032975513,0.028192885,0.02064146,0.00012840539,0.0006084525,2.1429165e-05,0.00077574287,0.0030680133,0.00016926431,0.017807055,5.9877995e-05,0.004727716,0.00019534753,0.002052665,0.00013133175,3.7936326e-05,8.847403e-05,0.0056946897,0.00027681293,0.0002691338,0.0026209662,0.0011336041,0.00097261067,9.339008e-05,0.014932257,0.00044229813,0.00048708255,0.0006443207,0.0009445633,0.003968553,0.00064159953,0.00012178482,0.003771531,0.0002838138,0.0016146239,0.00017906334,0.00059266185,0.0003948678,0.0003295669,0.0014545706,0.0002537714,0.0010143883,0.0003347854,0.0003590718
901119,Biology,4.3890635e-05,0.0028451628,0.03978126,0.2011194,0.2843697,0.006408416,1.1449753e-05,0.0002627343,0.009398431,0.035063382,0.0066314745,0.2829354,0.030234873,2.409004e-05,0.00010395716,1.1806209e-05,0.0017396169,0.0038253812,0.00027867052,0.00043085963,1.4123103e-05,1.30295375e-05,2.5844694e-05,0.0026722234,3.5537607e-05,0.00015081081,4.2431897e-05,0.00466144,0.00028615262,0.0018942956,0.00016533466,0.0003942036,0.011470042,0.0004094023,5.773704e-05,0.00033245722,0.0001892522,0.00012277464,0.013643699,0.0011815333,0.00043446792,0.000108556946,0.0015223506,0.00048368238,0.0033194511,5.5478763e-06,0.00011095355,8.293913e-05,9.535456e-06,2.7876793e-05,9.180548e-06,2.3168339e-05,2.7294092e-05,0.0011036907
896537,Biochemical Research Methods,0.00089862617,0.0033845308,0.088831626,0.05899664,0.019323502,0.0022007695,3.9795395e-05,0.007040796,0.0027503148,0.0012231424,0.010393229,0.00701676,0.034456853,8.7965986e-05,0.00031668445,1.4937343e-05,0.003250632,0.007880076,0.00030554345,0.0023395724,0.000101997204,0.00093132484,0.0010661919,0.0007047656,0.00026215208,2.4066181e-05,5.847159e-05,0.0012148388,0.00015395563,0.0032864686,0.00028732923,0.0009911909,0.0003173781,0.00021914011,0.020339273,0.000667493,0.00062166067,0.0005779374,0.008515815,0.009599341,8.669585e-05,0.00015560239,0.004388757,9.5754716e-05,0.0045580342,1.684823e-05,0.000485302,0.0062335953,4.292271e-05,9.12818e-05,0.0003821748,0.0010871135,0.00026578997,0.0057710083
896538,Biochemical Research Methods,0.0008307188,0.002425669,0.09902675,0.09384865,0.0474159,0.008295241,8.575931e-05,0.0021534131,0.00096660055,0.015828505,0.006773849,0.011953702,0.020538328,0.00037187134,0.00013061862,7.429095e-05,0.024298076,0.012645721,0.0010850948,0.007969108,0.00017764757,0.0011920229,0.00057459687,0.0025895864,0.00070001,0.000228248,0.00025093902,0.0041612834,0.0004903925,0.008305647,0.004376058,0.00091630407,0.00075011415,0.00020764716,0.0027421648,0.004775338,0.0048107393,0.0016363801,0.022084218,0.002501809,0.00447469,0.00046270373,0.0074220826,0.00061104377,0.018307382,0.00013416057,0.0005005531,0.0009183405,0.00010184093,0.0003062235,0.000115015384,0.00036763377,0.0005834481,0.007306253
901121,"Chemistry, Inorganic & Nuclear",4.2548876e-05,0.00037910946,0.007165923,0.0046731513,0.007819672,0.000110903835,8.134757e-06,5.2601787e-05,0.0010078831,0.0111744115,9.5737734e-05,0.00016728627,0.005940909,0.00013383284,3.270524e-06,1.9182528e-06,0.0025102387,0.0008461059,5.0124694e-05,0.008304673,1.2611912e-05,0.0001136748,0.00010789841,0.00011063744,0.0005326394,0.00030600288,2.633749e-05,2.1369413e-05,0.0013118761,0.0028451793,0.0001223672,5.780249e-05,3.3187e-05,0.0003599552,0.004522971,0.00090108265,0.0037089703,3.85393e-05,0.0022096804,3.164249e-05,2.4868255e-05,8.157659e-06,0.00046016288,0.00017309579,0.0020482691,1.8239971e-06,3.0146073e-05,0.00017114264,2.6467399e-06,1.3934877e-05,0.00012608226,4.747589e-05,5.2264128e-05,0.005466904
993739,Genetics & Heredity,0.0001688803,2.8590455e-05,0.0014818496,0.00016742319,0.0049563134,7.295204e-06,0.00020663612,0.0001523334,2.6639987e-05,0.0002680263,0.00039212717,8.501813e-08,0.0026584943,1.6481821e-05,5.116282e-07,1.1086937e-06,0.0017670677,0.0011561133,5.8839756e-05,0.34080833,5.6393455e-05,0.0015142651,0.007363988,0.00015932354,0.0001330408,8.2552724e-05,0.00037563176,0.0027021565,1.4718743e-05,0.0013638935,3.945354e-05,1.5152882e-06,1.783073e-05,1.1806614e-05,0.044423137,0.00019534361,0.0015032965,9.4111965e-05,0.0004875503,3.3024815e-05,0.00036692907,1.3423084e-05,0.00011852831,6.541353e-05,0.004862542,2.891389e-06,2.319191e-06,0.0084213745,1.49226635e-05,5.3133004e-05,9.149444e-05,6.453969e-05,0.00384437,0.022621548
1033425,Biochemical Research Methods,0.022279866,0.011436218,0.11397334,0.013292286,0.024910752,0.0012448718,0.00042704376,0.030332958,0.00034527556,0.0022260414,0.027416637,0.0016800801,0.01694457,0.0045972946,0.0021262488,0.0003116597,0.055244315,0.0049441285,0.0068953168,0.0056509823,0.009142787,0.010553765,0.016465403,0.0050615687,0.0016909167,5.4968263e-05,0.0007081517,0.01906088,0.0003268179,0.007194623,0.008861457,0.018118419,0.00020170723,0.0011977176,0.008202548,0.001621305,0.0011352656,0.0017956252,0.016016351,0.015209191,0.0017574388,0.0020576045,0.010684903,0.00073185377,0.047116224,0.00046155788,0.012606208,0.013937461,0.00038349885,0.00036596475,0.00027979715,0.0064673913,0.0005432415,0.02676572
908382,"Chemistry, Multidisciplinary",0.00010634476,0.10428461,0.0049780426,0.0034399403,0.0047145747,8.5073e-05,7.633998e-06,0.001786561,0.00086775806,0.00065587857,0.02427324,0.53654665,0.0030314995,0.00032387683,0.0035291438,0.015331249,0.09342004,0.048465043,0.000383576,2.1873473e-06,5.254077e-05,7.218675e-06,0.0012851465,0.00093010336,0.0063783797,0.0011055577,2.5269721e-05,2.1923197e-05,0.003279695,0.006791594,0.0013087947,0.0047399574,0.00056177797,0.0077308402,9.4051145e-05,0.078693464,0.0004572098,0.0039553195,0.14935331,0.0030477208,0.0006414867,0.005882708,0.17728578,0.0037625583,0.0044802036,4.642612e-05,0.0020421497,8.5930966e-05,3.345662e-05,8.2581464e-05,0.00018406905,0.00039550068,6.547893e-05,0.0013129591
895443,Parasitology,5.467273e-05,0.0004377525,0.01293521,0.00014090647,0.012437741,3.531137e-05,5.760428e-06,0.00080292893,0.0002654304,0.00062302157,0.00017527766,3.5104375e-05,0.0063069817,2.3448843e-06,1.9433278e-06,1.0998224e-06,0.001379394,0.004655485,0.00011458047,0.00038186356,6.387052e-06,0.00019578554,0.0021882972,9.093229e-05,0.00015409896,5.2502564e-06,3.2582175e-05,0.00010466636,5.9315294e-05,0.00447666,2.362951e-06,3.5462246e-05,2.3785831e-05,0.0002841666,0.03995843,7.7515266e-05,0.00037039566,3.8795064e-05,0.0049010366,0.0005178035,6.008065e-06,8.846507e-06,0.0003389111,2.4082368e-05,0.0013105042,3.478427e-07,1.8934265e-05,0.011398378,4.2508464e-06,6.9697767e-06,0.0008842402,0.00011548498,0.000105254076,0.006400587
908378,"Chemistry, Multidisciplinary",4.370589e-05,0.0013394215,0.011053646,0.16307478,0.06052989,0.00035021082,5.8352757e-06,5.7971298e-05,0.00043345662,0.014032447,0.004738887,0.6526537,0.023727031,0.00018456044,0.00024618307,1.363076e-05,0.0074774236,0.0003720265,8.869408e-05,0.00046395182,6.1670103e-06,2.2279653e-06,9.999331e-07,0.00096322247,1.3127771e-05,0.00015782873,6.963206e-06,6.100292e-05,0.0025674105,0.0009770441,0.002936786,0.00023116324,0.00062659656,0.00020854754,2.4746869e-06,0.00028039725,3.0698768e-05,5.9519625e-05,0.012467312,0.00010202016,0.00042219058,3.241033e-05,0.0021075166,0.0005645264,0.002470313,4.053534e-06,8.153301e-05,1.459152e-05,2.92622e-07,2.2537806e-06,3.9230926e-07,8.253346e-06,7.2204955e-07,0.001262511
565181,"Chemistry, Multidisciplinary",9.4664436e-05,0.01094752,0.025688427,0.026536474,0.0058687096,0.00015421861,9.842063e-07,0.00093840127,0.00043542357,0.0003299992,0.010891258,0.8960166,0.011803044,0.00018383666,0.005080233,0.00031330506,0.020292966,0.002551352,8.1066304e-05,2.493875e-06,1.1000471e-05,2.4387382e-06,9.653913e-06,0.00020841099,0.000107734006,1.4571147e-05,1.2805995e-06,3.893e-06,0.0008672324,0.0018016401,0.0014899068,0.0023853907,0.00022609092,0.0013695641,1.5730466e-05,0.00082396565,2.046151e-05,0.0006100909,0.03520566,0.0038621032,2.4950736e-05,0.00031352078,0.008002184,9.913476e-05,0.0014118457,3.8106105e-06,0.00065083674,7.587508e-05,6.6480584e-07,1.5158187e-06,3.5339287e-06,0.00015278654,6.1433275e-07,0.0005940925
919002,"Chemistry, Organic",0.0006401557,0.004005835,0.055977482,0.09154603,0.055741668,0.0011378005,0.00015734849,0.0008498916,0.0028674016,0.0229564,0.0077305217,0.018828578,0.11338841,0.0013304581,0.00031263492,1.7907021e-05,0.011006426,0.0020112158,0.00037913094,0.039430764,0.00021357635,0.00030668138,0.00013374201,0.0020932278,0.00041611187,0.0008575688,0.00014058838,0.00049333903,0.004159296,0.0055962424,0.0024350698,0.00076877046,0.00068598875,0.0009622405,0.0019315906,0.0019799392,0.0016686844,0.0003406998,0.0112210885,0.00076842075,0.00041920185,8.539584e-05,0.00592611,0.0014464603,0.008071194,4.2720985e-05,0.0004746079,0.0007403603,1.7343797e-05,7.353908e-05,9.57938e-05,0.00021191928,7.4166855e-05,0.0158214
918999,Rheumatology,0.0010382171,0.0006520086,0.0030885185,0.0007940771,0.087249406,0.00025145587,0.0036107358,0.0030930955,0.0009995203,0.0035049287,0.0018897877,0.00019970778,0.00663045,0.0002077949,0.00024928717,0.00028993574,0.0031394302,0.008550965,0.017299429,0.025280857,0.00135749,0.0066587417,0.0047679446,0.0040005064,0.00026459532,7.677183e-05,0.011480438,0.03099164,0.0005292148,0.010434196,0.000992504,0.00020689635,0.009406892,0.0023124872,0.0022321616,0.00018531708,0.00016720941,0.000940524,0.011081573,0.001753388,0.000926583,0.001835064,0.0005371512,0.00018464615,0.0040860414,0.0001073032,0.00026964233,0.4425161,0.0001274935,0.00010075011,0.00023632434,0.00021663697,0.0004988164,0.019295106
300935,Parasitology,0.00040699358,0.004141379,0.012604974,0.0076096784,0.0006223403,0.002363567,1.8826628e-05,0.0060867174,0.0004629878,0.0013655566,0.00033079108,0.0003322069,0.0009151943,4.3924592e-05,6.284286e-05,0.0005587989,0.0023082215,0.10101841,0.000221549,0.000120498335,1.36641165e-05,0.001051747,0.0028446459,0.0002655762,0.0194993,4.6040168e-05,0.00013732006,0.0003751073,9.092154e-05,0.018495763,0.00038874336,0.00022578008,8.944926e-05,0.0001586727,0.14196698,0.028518695,0.025977094,0.00095903577,0.022342347,0.011060337,0.00016782149,0.00091737334,0.0066677374,5.3048963e-05,0.007226823,8.90501e-05,0.00032402817,0.0010244776,0.0006931062,0.00075087725,0.0063556544,0.0046367836,0.0019365933,0.0019752535
537881,Immunology,0.004495287,1.695409e-05,0.004614753,4.505861e-05,0.0003036437,3.1694646e-05,2.6256737e-05,0.0014349507,2.0874504e-05,3.9785646e-06,0.00020615377,8.276433e-09,4.187487e-05,2.5126342e-06,1.0386954e-06,6.669516e-07,0.00016715522,0.00039666306,0.0009962621,0.0018742309,0.00011758941,0.555258,0.04850609,0.00012260138,5.291154e-05,4.726017e-09,0.00078395184,0.024801336,2.7394682e-07,0.00041698947,1.8055125e-05,3.283323e-05,3.8698954e-06,1.0526362e-05,0.13408965,2.0195098e-06,0.00012037591,5.36345e-05,0.00022243566,0.0012621888,4.077305e-05,9.139952e-06,6.202104e-05,2.8797567e-06,0.0022639686,1.0233694e-05,0.00010754567,0.07817921,0.0002260795,0.0001467392,0.00016429761,0.00032415858,0.00018686522,0.000453635
784874,"Chemistry, Multidisciplinary",2.3226363e-05,0.00972707,0.009136721,0.00034840073,0.04558717,1.7849836e-05,2.1834323e-07,0.00016440151,5.4480686e-05,0.008435251,0.00058428,0.33665225,0.0021685592,4.7514066e-05,0.00013347853,0.00016546037,0.23803748,0.013383634,0.00011987957,1.7339261e-06,3.0033987e-06,1.182721e-06,4.3067408e-05,0.00042196386,0.00015433558,1.2471318e-05,2.1969788e-06,4.9815694e-06,0.0008952607,0.025378846,0.00045742362,0.0019300121,9.8167526e-05,0.0014644986,2.6072723e-06,0.00049827696,1.8381153e-05,0.0005862042,0.09832195,0.00035447977,4.5685163e-05,0.00025730336,0.0059431707,8.934551e-05,0.0061186915,1.046776e-06,0.0005558099,0.00022046252,3.6410376e-07,3.4282337e-07,1.422749e-06,1.2493805e-05,3.1317174e-07,0.0027141464
999182,"Chemistry, Multidisciplinary",0.00060214347,0.02189796,0.09748552,0.08273984,0.023275523,0.0016871867,0.00010267857,0.010390757,0.009913648,0.0009125167,0.17316261,0.4172503,0.2977331,0.0003496482,0.011357613,0.00029443452,0.0039851703,0.007897393,0.0005561768,0.0002882679,0.00054701266,3.1563526e-05,0.00043128274,0.00093106314,0.00044318213,0.00059673184,4.3332337e-05,0.00019224291,0.002410278,0.0025694906,0.00052711624,0.0023709678,0.0042852894,0.0062494837,0.0031694856,0.0022968426,0.0003379854,0.00077567925,0.0391038,0.024264185,0.00012578147,0.00033533163,0.01406286,0.0017540448,0.0028888518,2.550422e-05,0.00052498176,0.0020895796,1.840752e-05,3.925572e-05,0.0006103163,0.0015161221,0.0001525641,0.005939233
915996,Rheumatology,5.246982e-09,5.42081e-10,1.4430103e-08,2.346186e-11,6.595029e-06,2.6896426e-12,1.8147936e-08,4.6594894e-07,1.0651705e-08,2.831359e-10,2.7279835e-08,8.756386e-14,6.051361e-08,1.018951e-12,9.845158e-11,1.13235414e-10,8.87136e-09,5.428355e-06,6.2128504e-07,4.974273e-07,3.4570503e-11,1.4223027e-06,6.61127e-05,2.2947826e-09,1.1345836e-09,3.9265168e-14,9.122802e-08,3.664216e-07,5.5201648e-09,7.270024e-07,3.3376503e-11,9.452659e-11,6.545162e-09,2.475673e-07,0.00062490674,2.1700068e-12,1.2927025e-11,2.1291384e-09,2.7277003e-06,1.7150568e-07,3.5506275e-11,2.0152398e-09,5.813219e-10,2.4968532e-12,1.0266472e-08,3.5091377e-13,1.0309636e-09,0.998745,5.8261334e-12,6.0221255e-12,9.015251e-07,8.908868e-09,1.2012312e-09,2.6043274e-06
915993,Multidisciplinary Sciences,0.00020725568,0.0005427496,0.0011108122,0.001263104,0.0416551,7.5980875e-05,0.0012660015,0.00033204514,0.0004771761,0.016271047,0.0013219765,3.0367008e-05,0.002961864,0.00027257425,1.2298139e-05,9.1581736e-05,0.007819107,0.0047292956,0.015786035,0.09173828,3.676937e-05,0.0019857993,0.036581423,0.0013398286,0.0005290983,0.0011199019,0.002006226,0.0053040083,0.2443728,0.006086081,0.0011760101,0.00089018553,0.0001884579,0.0038097047,0.14460395,0.00026320742,0.0003611546,0.00089157,0.011327221,3.7871006e-05,0.013955578,0.00014272117,0.0015348619,0.0019053012,0.0015443321,5.48596e-05,0.0007392503,0.05176884,6.215437e-05,7.343214e-05,0.014335365,0.0006068404,0.00051714404,0.064721495
915992,Rheumatology,8.178871e-09,2.0360604e-09,3.8145664e-08,6.039821e-11,1.1324134e-05,8.928179e-12,4.5717467e-08,1.3185501e-06,1.5885227e-08,1.1468241e-09,1.372265e-07,3.9001254e-13,2.2942024e-07,1.8665536e-12,1.713694e-10,4.323966e-10,2.2157803e-08,1.825414e-05,1.8872598e-06,7.4454726e-07,9.02485e-11,8.7228364e-07,0.00020985566,7.214993e-09,3.9996193e-09,1.0107477e-12,1.3971503e-07,1.0649327e-06,2.5342628e-08,1.5172043e-06,4.897777e-11,2.5158722e-10,1.6833534e-08,7.503045e-07,0.0020274152,1.4283636e-11,7.6380645e-11,4.774098e-09,1.0335068e-05,3.90072e-07,3.358419e-10,5.272061e-09,2.5518399e-09,2.2468614e-11,2.384828e-08,8.727461e-13,2.0379216e-09,0.99752545,2.281922e-11,2.7586834e-11,6.1868564e-06,3.417692e-08,8.628515e-09,7.700522e-06
916001,Rheumatology,2.0352388e-08,3.4798642e-09,6.6116776e-08,2.426196e-10,1.2929931e-05,3.6550242e-11,8.407717e-08,2.2279673e-06,4.0096737e-08,1.887752e-09,2.7163304e-07,5.866956e-13,2.72909e-07,3.7282204e-12,3.4104156e-10,8.5030377e-10,2.534514e-08,2.7318209e-05,3.4214438e-06,1.274769e-06,1.5823434e-10,2.8727538e-06,0.0003845288,1.37621585e-08,8.635314e-09,2.0524491e-12,2.9309902e-07,3.012248e-06,4.0903252e-08,1.8114863e-06,1.1714518e-10,5.089467e-10,3.4230936e-08,9.512137e-07,0.00464683,3.0743363e-11,2.2544736e-10,9.609112e-09,1.29793225e-05,7.8247695e-07,1.2301306e-09,9.2689e-09,5.979671e-09,5.5936828e-11,4.1521794e-08,3.2622108e-12,4.874586e-09,0.99612373,1.02995286e-10,1.15722334e-10,1.5370428e-05,7.770798e-08,2.6515316e-08,6.5058357e-06
157190,Genetics & Heredity,0.00088496506,4.3902986e-05,0.0074598882,0.021202998,0.0024285875,0.00028212415,0.00034929274,0.00035074961,0.0025042302,0.00030466585,0.0025311427,3.8198667e-07,0.006155314,4.4403827e-05,2.911183e-06,1.8108682e-07,0.00037156398,0.0007308996,2.7480704e-05,0.83548385,0.00025986144,0.070519514,0.004469587,0.0009431564,0.00011803587,3.9206592e-05,0.0003688923,0.011077195,1.0193797e-05,0.00033948783,6.404907e-05,5.8090845e-06,9.243401e-05,1.079151e-05,0.13430822,0.00013753326,0.0033644098,0.00018726244,9.100308e-05,0.0001631483,0.00017682639,4.87391e-06,0.000616693,0.00010466896,0.0023841339,1.6223017e-05,1.275628e-05,0.0045568813,0.00015042275,0.0009086494,0.00027649486,0.00017665079,0.005200744,0.0055884514
157189,"Chemistry, Multidisciplinary",0.0019331125,0.063279524,0.09313952,0.037312567,0.057551544,0.0029102631,7.635137e-05,0.008638251,0.0042407373,0.013283415,0.0402194,0.54252964,0.05354051,0.002923161,0.012713643,0.0041472325,0.19757438,0.04500793,0.0014203909,0.0002620179,0.0005028805,0.00025996502,0.0013156661,0.005084443,0.0035029969,0.00048567224,0.00016059897,0.00046806945,0.0059219003,0.02676538,0.010110191,0.020177815,0.0024945391,0.009056723,0.0010169694,0.010725819,0.0011442994,0.01016773,0.12426675,0.020116521,0.0013695126,0.0061378796,0.055682667,0.0018280005,0.03274302,0.0002717584,0.007941663,0.0022546246,0.00013054952,0.00014647387,0.00031067035,0.002768526,0.00014758029,0.01074001
916004,Rheumatology,1.5970255e-07,9.107637e-09,3.2104296e-07,1.2812161e-09,7.436238e-05,1.2910892e-10,1.3742284e-06,1.3208494e-06,8.2082245e-08,1.5178477e-08,9.570782e-07,1.7762257e-13,1.2916975e-06,3.0555242e-11,1.3629858e-10,4.251549e-10,1.5664035e-07,6.6432425e-05,4.1931253e-06,0.00044167056,1.3873319e-09,8.806872e-05,0.004659909,1.5159215e-07,3.3573397e-08,5.871731e-11,8.1178705e-06,6.35737e-05,9.495245e-08,8.39386e-06,4.7152454e-10,5.6951727e-10,2.8935567e-08,4.6507748e-07,0.06023148,2.9717873e-10,8.653071e-09,3.7623526e-08,1.2682894e-05,2.864801e-07,1.3766639e-07,1.1681597e-08,3.877624e-08,2.358419e-09,7.865702e-07,2.7747044e-11,6.8440986e-09,0.9761423,1.6207892e-09,5.1686513e-09,2.8401726e-05,2.0553863e-07,9.426077e-07,0.00023940731
915998,Multidisciplinary Sciences,2.3418846e-07,3.7582754e-06,1.9375448e-06,5.7548878e-05,0.0012331596,4.4107713e-07,8.379895e-06,1.6661069e-07,4.8369024e-05,0.0037676413,5.1647553e-06,2.4430028e-06,0.00011012474,2.7519649e-05,1.2031492e-07,4.985709e-06,9.31796e-05,2.5294337e-05,0.0027030935,0.0009982312,1.1019195e-07,8.6126244e-07,7.362047e-05,7.2198595e-06,9.868738e-06,0.00022390469,1.4729877e-05,3.27288e-06,0.97032064,3.1050884e-05,6.204068e-05,1.9772446e-05,8.899351e-06,0.0035578925,0.0011870232,1.9407034e-06,9.662549e-07,1.9495445e-05,0.00037694557,2.9576645e-08,0.0003263157,8.1352e-07,1.2024363e-05,0.00012851306,7.685102e-06,2.79661e-07,7.536819e-06,0.0013742428,1.9547814e-08,1.1213425e-08,0.0008115318,5.030087e-06,6.84136e-07,0.0019015236
915995,Rheumatology,1.5407126e-08,1.0440657e-09,6.5474374e-08,1.8931595e-10,7.076058e-06,1.6233431e-11,4.6972346e-08,7.767476e-07,3.687042e-08,6.602674e-10,9.04801e-08,7.7041285e-14,2.495128e-07,1.5809177e-12,7.657874e-11,5.3262308e-11,6.9411987e-09,1.0547695e-05,6.089506e-07,4.356456e-06,7.628616e-11,6.367057e-06,0.00018016486,7.0044646e-09,3.2933811e-09,3.446316e-13,2.3639556e-07,1.7561897e-06,6.9094046e-09,9.010128e-07,2.799685e-11,8.670031e-11,9.895228e-09,1.8018466e-07,0.008196693,9.408819e-12,2.1489494e-10,3.0593235e-09,2.2300399e-06,2.8547208e-07,4.0037845e-10,1.3554943e-09,2.2740947e-09,2.2603842e-11,3.69206e-08,6.3601685e-13,1.1016327e-09,0.99307895,3.8710042e-11,6.2969484e-11,5.437458e-06,4.00576e-08,1.867957e-08,6.0600682e-06
916005,Rheumatology,9.0087994e-08,1.7837195e-08,3.4562225e-07,8.0160845e-10,3.3542146e-05,1.6486688e-10,1.8194959e-07,8.20606e-06,1.0379551e-07,7.0911415e-09,6.907457e-07,5.06875e-12,8.503254e-07,2.8436163e-11,2.116207e-09,2.408644e-09,1.2464231e-07,5.7411842e-05,6.1639994e-06,2.5338268e-06,1.1519893e-09,7.965125e-06,0.00061083335,4.3781377e-08,3.716364e-08,6.2465597e-12,6.163009e-07,6.8165414e-06,5.9094454e-08,8.092208e-06,4.8973126e-10,3.1481635e-09,1.01528094e-07,2.3468328e-06,0.0040285615,1.6168086e-10,1.0633714e-09,3.7345263e-08,3.1038275e-05,3.1918785e-06,1.8278931e-09,3.9093784e-08,2.1439652e-08,1.5123094e-10,1.7630622e-07,1.6809285e-11,2.5400213e-08,0.9954113,4.832933e-10,4.4062892e-10,1.6846703e-05,1.9928935e-07,4.1816655e-08,2.1238717e-05
915999,Rheumatology,4.5937565e-08,1.3358014e-08,1.4949035e-07,6.4111255e-10,4.3823755e-05,9.978172e-11,2.4755172e-07,4.800036e-06,8.6613326e-08,8.9386205e-09,5.004064e-07,1.0049832e-11,7.6829883e-07,2.9964763e-11,2.3477014e-09,5.3390115e-09,1.3437813e-07,5.4330794e-05,7.038026e-06,2.4615058e-06,6.839842e-10,2.8282348e-06,0.00025819664,4.517218e-08,2.0661222e-08,1.0082721e-11,6.9498253e-07,3.7628442e-06,1.3130433e-07,6.1816663e-06,9.008757e-10,2.140989e-09,1.3561353e-07,2.6770654e-06,0.00159207,1.3755243e-10,3.7425946e-10,3.4626318e-08,3.841667e-05,1.5498929e-06,2.1863331e-09,5.4065765e-08,1.4300531e-08,1.4071075e-10,1.0140617e-07,1.5926342e-11,1.5647306e-08,0.99707645,1.9064217e-10,2.0326449e-10,9.912259e-06,1.3124324e-07,2.8121857e-08,1.731669e-05
916000,Rheumatology,3.120992e-08,5.90551e-09,1.1278238e-07,2.9045133e-10,2.3579409e-05,4.4355557e-11,1.2727047e-07,2.6919317e-06,4.0594543e-08,3.667696e-09,2.6936988e-07,1.4660305e-12,4.856446e-07,1.0523619e-11,5.696422e-10,1.0552169e-09,6.146503e-08,3.2998967e-05,4.026583e-06,2.7137332e-06,3.355922e-10,3.710366e-06,0.0003145699,2.1066796e-08,1.1243022e-08,2.704298e-12,4.143015e-07,2.6207965e-06,4.8687156e-08,3.7940786e-06,2.5042862e-10,8.649965e-10,3.8131333e-08,1.1251632e-06,0.0028513684,5.3803875e-11,2.972785e-10,1.3626831e-08,1.695959e-05,9.296282e-07,9.0576713e-10,1.4889612e-08,7.674448e-09,7.1211016e-11,7.374383e-08,5.150899e-12,7.499373e-09,0.99657524,1.0192669e-10,1.174107e-10,8.4125e-06,7.4013535e-08,2.0470349e-08,1.5393092e-05
915994,Rheumatology,6.5401453e-09,7.303756e-10,2.0643418e-08,3.6025953e-11,7.175599e-06,2.9998087e-12,2.3195412e-08,7.114948e-07,8.651536e-09,3.0264324e-10,4.923476e-08,1.509175e-13,9.99064e-08,1.3988296e-12,1.6116453e-10,1.4215017e-10,1.12901475e-08,7.451513e-06,5.650965e-07,7.674303e-07,4.4405837e-11,1.1666309e-06,5.191665e-05,2.8544438e-09,1.1647284e-09,7.34515e-14,8.0667846e-08,3.7129178e-07,5.0427604e-09,9.246943e-07,5.2042183e-11,8.5010235e-11,8.351662e-09,1.9525515e-07,0.0006306341,3.06267e-12,1.4246252e-11,2.4540898e-09,3.66042e-06,2.2051222e-07,4.5439905e-11,2.7038016e-09,8.1913404e-10,3.039213e-12,1.15216565e-08,4.3066175e-13,9.433374e-10,0.99868804,6.0030314e-12,6.396132e-12,6.7908394e-07,1.09537295e-08,1.4550042e-09,3.2310404e-06
901131,Genetics & Heredity,7.9918806e-05,2.793894e-05,0.003796181,0.00062392064,0.0021889303,3.3568063e-05,2.127973e-05,3.3146385e-05,0.00038176146,0.0011785743,4.9602728e-05,1.0515512e-07,0.0014357395,1.8755432e-05,9.602299e-08,7.523416e-08,0.00077914965,0.00035704303,1.0074451e-05,0.24732739,3.3474655e-05,0.0041735405,0.002867489,0.000115309034,0.0004120267,4.6749683e-05,0.000111301546,0.00051655434,1.0935766e-05,0.0011383117,9.851521e-06,1.8985912e-06,1.060986e-05,1.6900804e-05,0.05986729,0.00038504714,0.021752289,4.443242e-05,0.00012550075,1.891315e-05,3.3106484e-05,1.9195995e-06,9.7953205e-05,5.7623787e-05,0.0037752811,1.0896641e-06,1.8005613e-06,0.00028520072,2.6959478e-05,0.00012226001,0.00015072124,3.0994583e-05,0.0015331389,0.0061803837
901132,Multidisciplinary Sciences,4.627199e-08,1.4860879e-06,7.1702794e-07,2.8080562e-05,0.0007693465,6.808478e-08,2.4167941e-06,2.189619e-08,1.4654007e-05,0.0027496975,1.7569954e-06,2.344522e-06,0.00010049383,1.7632226e-05,3.526948e-08,1.4117996e-06,4.7719273e-05,5.94284e-06,0.0006218318,0.0005140013,3.5366753e-08,6.830291e-08,7.1140703e-06,2.6820485e-06,3.3221631e-06,0.00027574322,3.3947892e-06,3.364552e-07,0.9576688,1.2528992e-05,2.8918577e-05,2.9352861e-06,3.2238934e-06,0.0014864979,0.00016186916,1.198524e-06,4.1378226e-07,3.3215613e-06,0.00017509275,3.996813e-09,0.00012598577,1.6396868e-07,4.122931e-06,0.00012690961,4.143029e-06,4.0243307e-08,8.976019e-07,0.00016735919,1.736533e-09,1.4120769e-09,7.7363955e-05,9.3520714e-07,1.3210227e-07,0.0011637005
1007567,Genetics & Heredity,0.00012420167,5.988936e-05,0.0057572713,0.004986598,0.007474115,0.0001065176,3.9681898e-05,6.8679314e-05,0.00096787227,0.00045039243,0.0006260758,9.713207e-07,0.003770318,1.3212726e-05,6.954605e-07,2.4774303e-07,0.0011651885,0.00074847834,1.3854062e-05,0.26154622,1.7099534e-05,0.003398409,0.0018606395,0.00022797677,8.4452564e-05,3.1720952e-05,0.00011360134,0.0010355499,2.1163705e-05,0.00044076273,3.7732396e-05,2.844722e-06,3.0384706e-05,1.038829e-05,0.042419717,0.00014944786,0.002026313,6.153595e-05,0.00021743804,4.0775034e-05,0.00017237947,3.6223873e-06,0.00041794518,6.018828e-05,0.0023868151,2.5860375e-06,4.9514456e-06,0.00068232435,1.4580892e-05,0.000109651315,8.987591e-05,5.8251702e-05,0.0017059098,0.0021662102
946122,"Chemistry, Organic",4.252083e-06,0.00028443194,0.026023285,0.09266651,0.0049272524,1.0584908e-05,9.521594e-07,0.00012290584,0.00012884988,5.615902e-06,0.22197902,0.011401031,0.6925396,1.6939457e-06,0.00012129354,6.4164645e-08,3.3486023e-05,3.412464e-05,7.119088e-07,0.00015241855,7.2696325e-06,2.1753365e-08,4.111754e-07,7.273523e-06,3.0482443e-07,9.348475e-06,9.2971625e-08,6.2633967e-06,4.2769034e-06,6.993866e-06,3.2196565e-06,1.6073036e-06,6.744409e-05,6.413475e-06,4.2595853e-05,1.5002942e-05,8.4900546e-07,1.1857635e-06,0.0008210579,0.00022875193,1.0252459e-06,1.657103e-07,0.00034388926,1.2604144e-05,8.21773e-05,1.449609e-08,3.086483e-07,8.143008e-06,5.309976e-09,2.6313087e-08,1.6977644e-07,4.3225004e-06,1.1259951e-06,0.00013857175
1005564,Patología,0.00016700769,0.093507275,0.009911139,0.0002609526,0.023499517,0.0001198814,1.6062024e-05,0.0031702481,0.00163655,0.002140199,0.011574368,0.03869609,0.002281043,9.332197e-05,0.0007060671,0.006782382,0.12360134,0.08621562,0.0009116698,9.33254e-06,0.00017169068,3.924913e-05,0.033016134,0.0008697978,0.013039494,0.0013176668,0.00010288732,0.00011836058,0.0024736656,0.029486785,0.00017771176,0.006049434,0.0008082218,0.024848891,0.0006553784,0.025446031,0.0008766346,0.00689772,0.15489416,0.0043637785,0.00041029352,0.0066802357,0.055051167,0.002950539,0.011897711,2.6753458e-05,0.0030899253,0.0016328037,8.9386245e-05,0.00014785596,0.0018792984,0.00030060633,0.0002906606,0.01116279
901122,Genetics & Heredity,0.00032707662,1.0082304e-05,0.0020514552,0.0012337699,0.0007728202,1.9480356e-05,5.4220553e-05,5.511492e-05,9.7050426e-05,0.0011751468,2.6493954e-05,9.1198096e-08,0.00052936235,0.00041677683,5.878048e-07,1.5352322e-07,0.0005965905,0.00012806593,4.666439e-05,0.62430847,9.38545e-05,0.039473478,0.0005026107,9.986925e-05,0.00019008934,8.176328e-06,0.00015188757,0.00017628449,6.330775e-05,0.0014441438,0.0004229668,6.2667427e-06,4.333025e-06,2.1206031e-05,0.01889226,5.999442e-05,0.0040195314,5.3958054e-05,8.952648e-05,1.3842929e-05,2.3669096e-05,3.2640055e-06,4.7463574e-05,1.94681e-05,0.0018131093,6.79393e-06,9.009363e-06,0.0032315934,1.0632366e-05,3.100694e-05,2.9447508e-05,4.1616582e-05,7.629198e-05,0.009283871
993812,Parasitology,0.00045255737,0.00032469333,0.010589237,0.0095568765,0.0027648623,0.0002201865,0.00025635105,0.0017920629,0.0025807228,0.0005567008,0.0027486437,3.6998997e-06,0.027453344,2.8440265e-05,1.6130194e-05,3.1906884e-06,0.00027133225,0.003420993,9.579481e-05,0.11074828,5.85247e-05,0.003140521,0.008995488,0.00029288596,0.000402727,0.00011831916,0.00027797,0.002932854,0.00018487552,0.00082071533,3.4300756e-05,3.445547e-05,9.922348e-05,9.3978175e-05,0.78628176,0.00023694886,0.002128017,0.00011002093,0.00087096466,0.0006878216,0.00013698879,1.0973763e-05,0.00084584916,0.00019173125,0.0012971419,1.39762815e-05,6.139024e-05,0.012614918,9.717293e-05,0.00022286786,0.013665927,0.0025583156,0.0072239144,0.0042792866
157122,Enfermedades infecciosas,0.0014261745,0.04174056,0.053207383,0.0065155877,0.0435927,0.00092182483,6.5918684e-05,0.0057808035,0.00064893096,0.017465731,0.016036179,0.1556876,0.019695891,0.0018401536,0.0025930468,0.0037858856,0.45062032,0.05678472,0.0010925152,0.0003608308,0.00044746534,0.00020903049,0.0029389274,0.0053291135,0.0057892036,0.0005342906,0.00022216223,0.0004459668,0.0024475513,0.04548811,0.0077036186,0.009353129,0.0008574569,0.0047095143,0.0004957056,0.019398848,0.0019696935,0.012485154,0.11299278,0.007486882,0.0026500574,0.00746761,0.04864175,0.0017373955,0.09621724,0.00015899043,0.0037592298,0.0024139772,9.32549e-05,0.00012080023,0.00015551128,0.0011180174,0.00019945907,0.019587537
1023738,Rheumatology,4.8345232e-08,2.952731e-09,1.4227976e-07,2.5410316e-10,1.05916115e-05,2.8881378e-11,1.2816167e-07,1.4390683e-06,4.6969927e-08,8.885564e-10,2.7785038e-07,6.417339e-14,3.714618e-07,3.4492504e-12,1.08147304e-10,8.936635e-11,1.4607973e-08,1.2545575e-05,1.6725477e-06,1.0314852e-05,4.6721127e-10,2.5726611e-05,0.0013162752,1.4527006e-08,7.949567e-09,8.4354057e-13,7.1306664e-07,7.019592e-06,9.311889e-09,1.4388488e-06,3.890234e-11,3.162661e-10,8.432189e-09,3.5142077e-07,0.025187567,2.4458999e-11,7.167723e-10,6.5105112e-09,3.8013147e-06,6.010479e-07,1.4111561e-09,1.9719126e-09,7.052578e-09,1.10889464e-10,8.892592e-08,2.5981194e-12,4.108243e-09,0.98836875,2.3445856e-10,4.0992398e-10,1.7435952e-05,7.719198e-08,6.023711e-08,1.3560291e-05
1021791,Obstetrics & Gynecology,0.004223634,0.006597743,0.0753095,0.040268324,0.0010043656,0.0015891538,5.6040994e-06,0.010194928,8.7035805e-05,0.0013503405,0.00036829934,0.0058901194,0.00043427944,0.00074563356,0.0002746117,8.262292e-06,0.004201196,0.0004810464,0.0022852446,4.932866e-05,0.00036520162,0.010483576,0.000601579,0.00020890318,0.0007853332,6.593392e-07,8.794841e-06,0.00035785485,0.00042391702,0.0015914025,0.0044734096,0.2568341,3.0052638e-06,0.000722032,0.011593522,0.00034603546,0.0001809439,7.958326e-05,0.009643762,0.0035855577,1.02824715e-05,4.8158687e-05,0.0031410842,2.9296225e-05,0.0012015679,0.00012296162,0.20590854,0.00019587389,4.015925e-05,8.367691e-05,0.0006223587,0.0021586488,8.189151e-07,0.0003370018
369659,"Chemistry, Organic",4.1360836e-05,0.0017229435,0.010964468,0.0053097242,0.07863976,0.00012814546,2.4183884e-05,0.00043255868,0.004322988,0.0018087142,0.0045225928,0.049662795,0.07990147,2.7210539e-05,0.00041673772,1.3392844e-05,0.0016797434,0.0024289351,8.9155714e-05,0.00031633108,1.4309898e-05,7.517408e-06,3.403137e-05,0.0004866686,3.9077106e-05,7.533458e-05,2.4800334e-05,4.942434e-05,0.0016403656,0.001746307,6.222418e-05,9.974295e-05,0.0031714777,0.0017110351,0.00015258971,8.4407555e-05,2.1461561e-05,0.000101751815,0.008696532,0.00058857,1.3982254e-05,4.5379304e-05,0.0012578059,0.00013409075,0.00098461,9.452976e-07,3.7849888e-05,0.007096949,5.7309194e-07,1.3390995e-06,1.8521574e-05,4.3595748e-05,7.925067e-06,0.0045167143
353112,Biochemistry & Molecular Biology;Cell Biology,1.1560965e-07,4.053828e-06,0.0003371943,0.99954814,0.00013222796,0.0071696793,3.121436e-10,1.310632e-08,0.48942208,1.4931717e-05,0.00010615995,0.005753724,0.00011616532,5.7873148e-08,6.4439445e-07,1.6300433e-09,2.1082835e-08,4.865615e-06,2.063805e-09,1.2090135e-05,2.8811956e-10,6.1673836e-07,4.6583476e-10,5.102954e-07,2.9097116e-08,1.5079673e-08,9.0490027e-10,1.17058576e-07,9.657154e-06,1.2207791e-08,8.877947e-06,8.0147674e-07,2.7571627e-06,1.1935984e-07,8.914323e-05,2.136666e-08,1.3908156e-07,1.063271e-07,3.9725444e-07,5.9566906e-07,6.512203e-08,2.072768e-09,1.0834426e-06,2.5535408e-07,1.09466725e-07,1.6527446e-08,4.8899903e-08,8.4556023e-10,1.0764713e-08,2.6080005e-07,4.148174e-08,3.6182024e-07,1.8631463e-08,2.5885274e-09
353116,Biochemistry & Molecular Biology,2.2054945e-07,4.0070236e-06,0.00046756087,0.9996441,7.954579e-05,0.013643725,3.7541908e-10,3.501277e-08,0.31509054,1.3466397e-05,8.299673e-05,0.004458398,8.355379e-05,7.990143e-08,6.080117e-07,2.3633002e-09,2.8818196e-08,5.91971e-06,3.4424137e-09,1.1253544e-05,4.6707677e-10,1.7518472e-06,9.2682595e-10,5.0650056e-07,5.147825e-08,7.1292496e-09,9.539513e-10,1.5538669e-07,7.704392e-06,1.2326346e-08,1.7848371e-05,1.4306146e-06,1.3525979e-06,1.2543553e-07,0.00021634613,3.7425842e-08,2.6394173e-07,1.8781661e-07,3.8266194e-07,1.113241e-06,9.343757e-08,3.216912e-09,1.2253736e-06,1.7151827e-07,1.3553337e-07,3.96665e-08,7.534891e-08,1.1076227e-09,2.4575241e-08,4.0543472e-07,9.6887476e-08,7.829868e-07,2.7678318e-08,2.7394744e-09
980625,"Chemistry, Multidisciplinary",0.000717026,0.023168435,0.045830656,0.020644072,0.13751708,0.0017938868,6.910456e-05,0.0030201627,0.0042635067,0.017626032,0.0077293008,0.31673655,0.022340186,0.00035338808,0.0015538943,0.000490926,0.08118658,0.043812048,0.0015017993,0.00066153705,6.622104e-05,0.00041979228,0.0010404369,0.00359315,0.0004918672,0.0001239635,0.00017907307,0.00034281905,0.008744408,0.030206246,0.0031869472,0.009083397,0.0012730344,0.004513767,0.001151059,0.0012156641,0.00026803729,0.0031035922,0.08997322,0.004929851,0.0005341605,0.0014992353,0.019442827,0.00070856087,0.00985388,5.6543213e-05,0.003810624,0.008640284,3.5653735e-05,6.285514e-05,0.00028983154,0.00057568337,4.1337767e-05,0.013589262
980615,Neurosciences,0.0018280621,0.0023177266,0.034837093,0.13093309,0.009074632,0.014112658,9.703441e-05,0.0008798577,0.0016895116,0.017216714,0.0005258479,0.06493878,0.00029489218,0.010660913,0.00087542675,0.004494783,0.036445662,0.0034877418,0.003204042,0.0010434057,0.000571035,0.0066467864,0.00018783988,0.001225261,0.0078460835,0.0002770511,0.0006095036,0.00020223585,0.004242602,0.014729501,0.20545197,0.0053652176,0.00069938716,0.002288587,0.00010844241,0.012298688,0.011833556,0.0047939043,0.012827666,0.0017977185,0.0063409703,0.0046704835,0.0025185645,0.0008354567,0.014373483,0.0017342161,0.0032061203,0.00014597624,0.00024548508,0.0007885078,2.897393e-05,0.00050707365,5.3527758e-05,0.0027161257
901124,Biochemistry & Molecular Biology,0.0028817158,0.015275525,0.1553893,0.6584163,0.013108852,0.25477076,4.8176556e-05,0.014383674,0.029409114,0.011278191,0.009292955,0.14732714,0.008828605,0.00015567553,0.0007813936,0.001193127,0.009238016,0.09396486,0.0017172758,0.00036912362,9.536307e-05,0.0072803497,0.0020026306,0.0021527726,0.0073500904,0.00014490257,0.00019725629,0.002656648,0.0012598899,0.006665643,0.0054332726,0.013175073,0.0011678141,0.0015450934,0.06408473,0.019380135,0.014298027,0.0066987877,0.0314085,0.034644224,0.0016103856,0.0020501825,0.025351275,0.0005162853,0.00801809,0.0009878252,0.0043015606,0.00066211604,0.003269683,0.007436657,0.011270937,0.006260106,0.0022503347,0.0013195631
901127,Rheumatology,2.5611265e-05,5.121802e-05,9.333844e-05,8.3412516e-07,0.0081976075,6.555154e-07,5.671753e-05,0.0007227097,1.5399935e-05,6.390399e-05,9.71419e-05,2.4413443e-06,0.00016367638,8.3012793e-07,8.191485e-06,4.2686162e-05,0.00072215276,0.0053904164,0.0019101541,0.000102013735,4.3652644e-06,0.00011265109,0.004780532,9.155693e-05,2.6220729e-05,3.7325685e-07,0.00012520923,0.0004324579,9.211161e-05,0.004098857,7.4994564e-06,1.9133697e-05,9.5667005e-05,0.0010338883,0.0019261608,2.5924305e-06,1.3964446e-06,6.7916524e-05,0.009639577,0.00029381367,4.8256748e-06,0.00019554544,2.4465497e-05,9.915282e-07,0.00012522211,3.3386877e-07,3.9453724e-05,0.9686773,8.749397e-07,6.3574674e-07,0.00019633198,3.2938355e-05,6.108943e-06,0.004480842
901125,Rheumatology,4.319129e-05,1.7090842e-05,7.1842034e-05,1.1151717e-06,0.0061063995,4.0266957e-07,6.128437e-05,0.00032482087,4.7177473e-06,3.5664172e-05,0.00010339867,2.5777885e-07,0.00014070814,9.586192e-07,3.0553094e-06,9.825343e-06,0.000509491,0.0026737438,0.0009561791,0.0007923095,6.8622962e-06,0.000279299,0.0038996171,7.355457e-05,1.3338825e-05,3.5774647e-07,0.00017273816,0.0014571846,1.9932748e-05,0.0024006593,1.0470593e-05,4.457198e-06,5.7225945e-05,0.00011212188,0.0016550919,1.7106474e-06,1.5997354e-06,4.808508e-05,0.0027665417,8.6136315e-05,1.18694725e-05,0.00011555868,1.1754954e-05,7.7730334e-07,0.00024658925,3.3107887e-07,1.2022609e-05,0.92777956,8.586389e-07,6.1773085e-07,3.102522e-05,1.525697e-05,1.3164831e-05,0.007841872
901126,"Chemistry, Multidisciplinary",0.00035626657,0.030086344,0.025583483,0.0021334805,0.14303963,0.00044903715,3.6461388e-05,0.0034303877,0.0019892363,0.02137824,0.0033159032,0.16277869,0.01724798,0.00014792362,0.0012912387,0.0007198197,0.09080845,0.102535784,0.00080547243,0.00019188579,4.8181333e-05,0.00011687308,0.0009301623,0.0019357612,0.0009576781,0.00012691953,0.0001411948,0.00017845092,0.0041075544,0.0959202,0.0007646012,0.0053911703,0.0016690886,0.009543719,0.0005986491,0.001339685,0.00020380749,0.0030489988,0.15931055,0.0055555203,0.00013889786,0.0023090937,0.011147851,0.00026578034,0.013215885,1.942035e-05,0.0021326574,0.027241686,2.0136435e-05,2.7497772e-05,0.0002477948,0.00036075944,2.2855402e-05,0.033642206
908379,Genetics & Heredity,3.476895e-06,2.4501842e-06,3.459025e-05,1.6522989e-05,0.002816284,1.2825264e-07,0.0002730604,2.492149e-06,4.8257116e-06,0.0003159233,3.090654e-05,3.2257534e-09,0.0007026565,3.602753e-06,1.5120657e-08,1.1638868e-07,0.00013576691,8.171889e-05,6.177113e-05,0.6305312,3.0199737e-06,9.427185e-05,0.001399915,6.856663e-05,1.2798308e-05,0.00013356803,0.0003308806,0.0007047498,0.0004969548,0.00022423844,7.853051e-06,2.3687942e-07,3.7920274e-06,1.2692573e-05,0.025380742,1.7418335e-05,6.9787995e-05,1.2983704e-05,0.00014167912,1.5999112e-07,0.0005809919,5.491382e-07,1.3634231e-05,0.00012877729,0.00021390813,1.3258668e-07,2.9313256e-07,0.003344062,4.744869e-07,1.8741489e-06,7.4714655e-05,3.5470396e-06,0.00017969358,0.019471489
908384,Genetics & Heredity,0.0016576333,0.000178422,0.009237336,0.0029704957,0.006127853,8.7566026e-05,0.00063147635,0.0007554052,0.00012671143,0.0017963115,0.0010768519,3.53313e-06,0.006385506,0.0008118465,1.4284945e-05,9.6710055e-06,0.009202685,0.0016003723,0.00021742891,0.51057744,0.0006135462,0.011875863,0.004627978,0.0006030667,0.0008324553,0.00026250622,0.0008223142,0.001873013,0.00015101458,0.005120515,0.0017677894,3.606343e-05,4.5661945e-05,7.2024086e-05,0.03083877,0.0010334944,0.008045611,0.00056395796,0.0016148122,0.00018916435,0.00090641377,8.281616e-05,0.0006945368,0.00024337832,0.01564959,6.570424e-05,4.5048422e-05,0.0074111824,7.7531826e-05,0.00022619593,0.00013346797,0.0004286834,0.0019255715,0.035737783
908375,"Chemistry, Multidisciplinary",0.0032986698,0.060170975,0.08024115,0.017068924,0.020756394,0.0060036276,0.00015935575,0.058823254,0.01935717,0.0032361306,0.024079513,0.4756108,0.020301936,0.000864436,0.029504037,0.012848068,0.027618371,0.08028385,0.0058069197,6.5724606e-05,0.00074354914,0.0013432277,0.0049624834,0.0023128123,0.005286956,0.00017941403,0.00028873025,0.00033033377,0.00576757,0.04062326,0.0039345776,0.032564517,0.005796445,0.044762705,0.011118657,0.004944864,0.0009986821,0.011037852,0.13585755,0.10764981,0.00020186807,0.011891265,0.02422516,0.0008043047,0.0064291228,0.000310881,0.012988388,0.05508997,0.00039210773,0.00038925672,0.00718161,0.008310822,0.00026251923,0.0066214744
908383,Infectious Diseases,0.0015998862,0.08225286,0.016794637,0.00059225503,0.028618328,0.0010902891,0.0003533116,0.012764192,0.003959834,0.005792954,0.013201516,0.000567982,0.0032839468,7.747987e-05,0.00021795527,0.0036412075,0.058296386,0.1701193,0.004657967,0.00046314872,0.00064672704,0.0030399072,0.5414641,0.0022534041,0.0244173,0.0012714047,0.0025998028,0.008378603,0.0031089715,0.031814154,0.0001622363,0.017959615,0.00053826737,0.017976204,0.12978767,0.016421052,0.005615806,0.007898831,0.09939929,0.01584017,0.002884021,0.008664383,0.053854372,0.0035734877,0.0363447,0.00023756121,0.009735806,0.010226247,0.0037927583,0.0074036694,0.13854659,0.004250603,0.012155229,0.042017624
908380,Genetics & Heredity,2.9153143e-06,3.1463367e-06,2.524474e-05,0.00017596692,0.002247031,3.4724476e-07,0.00017927893,7.300009e-07,3.734382e-05,0.0014134761,1.4737548e-05,1.6168872e-08,0.0005799065,1.9255518e-05,3.266476e-08,5.935551e-08,6.5866836e-05,3.2428266e-05,2.506913e-05,0.77665186,3.1637576e-06,0.00013794134,0.00016305344,9.1460344e-05,1.7353705e-05,0.00015539672,0.00022660068,0.00017865827,0.0012350384,0.00020609717,2.8564375e-05,2.893381e-07,8.39009e-06,2.1636482e-05,0.0052440926,1.7405084e-05,0.00010569127,6.7961982e-06,7.7026365e-05,8.904015e-08,0.00018829697,2.5572476e-07,1.2882654e-05,0.00013619896,0.00015288987,1.9988397e-07,4.2913072e-07,0.00043999573,3.9633528e-07,1.6655871e-06,2.6622107e-05,1.8961864e-06,3.2861422e-05,0.0058895582
908376,Biochemistry & Molecular Biology,1.2781889e-05,0.0004765359,0.02338221,0.4919255,0.04906198,0.0009246829,6.039317e-07,2.3061757e-05,0.0012049662,0.00449958,0.0031864748,0.212203,0.028825065,1.3749908e-05,2.4370072e-05,5.3689286e-07,0.0007536412,0.0002229348,8.4382755e-06,0.00043965215,1.0296867e-06,1.2881926e-06,3.2920804e-07,0.00021202175,3.781277e-06,2.3919083e-05,1.3329748e-06,8.186053e-05,8.905605e-05,0.00018367755,0.00020903409,5.6058452e-05,0.0002658503,1.6068168e-05,8.996554e-06,0.00012309078,2.9342864e-05,1.52046505e-05,0.0022054736,9.6863376e-05,5.7778954e-05,4.584969e-06,0.0006369794,7.132658e-05,0.0008220658,6.203372e-07,1.3203153e-05,2.5735517e-06,2.3463737e-07,2.8227564e-06,2.7939097e-07,2.5853817e-06,1.1495542e-06,0.00019773083
1025125,Rheumatology,7.40081e-05,8.746879e-06,0.0005858199,0.00016220166,0.005135064,1.5492619e-06,2.820111e-05,0.00056200475,7.158095e-06,1.0183499e-05,0.00040455358,5.7261553e-07,0.00074363523,3.6419405e-07,1.7314161e-06,9.4613846e-08,6.624814e-05,0.000884979,7.427238e-05,0.01678962,1.4134756e-06,0.00091389596,0.00032802683,7.3672156e-05,6.7386804e-07,2.7605928e-08,4.4851327e-05,0.0011939325,2.09844e-06,0.00034298186,9.753411e-06,1.5679622e-06,5.5840774e-06,2.3264477e-06,0.0045573483,4.5160328e-07,6.712991e-07,8.002136e-06,0.0004713491,9.2145434e-05,4.22979e-06,4.1480776e-06,3.3548575e-05,4.0976616e-07,0.00012484763,8.8303935e-08,5.2703276e-06,0.5941597,1.879103e-07,5.9039525e-07,4.671806e-06,1.3061846e-05,6.03958e-06,0.0028921189
1021958,Rheumatology,3.6111505e-09,5.3199284e-10,1.671557e-08,9.598071e-12,1.3306477e-05,2.190437e-12,3.48041e-08,1.6395303e-07,9.483604e-09,6.782124e-10,2.0774355e-08,1.8927588e-14,8.832566e-08,5.0676065e-13,1.10865735e-11,3.2077244e-11,1.0524618e-08,6.3961343e-06,1.1324782e-06,2.4568974e-06,6.5797645e-11,2.5297318e-06,0.00034039092,4.7143667e-09,1.5697875e-09,1.5253461e-13,3.3838077e-07,1.3030481e-06,5.873271e-09,1.0355895e-06,7.30609e-12,5.8761676e-11,3.865983e-09,2.805717e-07,0.0015536338,4.825265e-12,6.473469e-11,1.5098371e-09,2.293234e-06,6.6013826e-08,1.2840556e-10,9.074947e-10,5.581206e-10,1.1914908e-11,2.3265597e-08,1.5672745e-13,6.668016e-10,0.99697965,9.846902e-12,1.7119809e-11,1.8746495e-06,6.0471e-09,5.102748e-09,1.4793043e-05
403709,Genetics & Heredity,0.00011664962,1.5812164e-05,9.852379e-05,0.08623832,0.0052289115,2.5640837e-05,0.040463034,1.8359011e-05,0.001867206,0.00025828648,0.00037808117,1.8857611e-06,0.0011013224,0.0002964796,1.8279174e-05,7.1632326e-07,1.9273282e-05,7.663878e-05,8.226817e-06,0.9927665,7.098439e-05,0.005340566,3.3111977e-05,0.0005434859,1.631051e-05,5.189329e-05,0.0060320273,0.00082134816,5.4510936e-05,0.0002622853,0.001322639,1.8855782e-07,0.0006450865,3.474187e-06,0.00023581587,3.7266367e-05,2.5623604e-05,1.9567644e-05,2.7314769e-05,1.6941985e-05,0.00015249487,5.7430016e-06,6.8516885e-05,0.0001657958,0.00041787123,1.2106841e-05,1.7785712e-06,0.0010362446,4.310176e-06,6.711208e-05,2.5510467e-06,1.3419884e-05,5.7841364e-05,0.0008113519
972030,Biochemistry & Molecular Biology,2.6757516e-05,2.263659e-06,0.04495963,0.08024218,5.0031183e-05,0.00016205462,1.11485754e-07,7.97377e-05,1.4493237e-06,5.3760676e-05,0.00011393938,6.1690014e-07,0.0006992662,2.2503838e-05,8.073234e-08,6.300066e-09,0.000108070155,1.5555968e-05,2.6426844e-06,0.005903033,2.7910603e-06,0.00021318246,6.500273e-06,2.1536187e-06,1.6459484e-05,1.8546321e-07,1.6435771e-07,2.0004463e-05,5.471679e-07,2.2244996e-05,0.0002294916,1.5133646e-06,5.5403245e-08,3.9478486e-08,0.009120249,6.468078e-05,0.0017190252,2.1494718e-06,4.3587683e-05,3.5340472e-05,1.842967e-05,9.70793e-08,4.9255188e-05,7.17374e-07,0.00038310952,8.176158e-07,7.3911536e-07,2.7415435e-06,3.9423742e-07,1.5886945e-06,7.943194e-07,2.857876e-05,1.0655287e-05,6.3492516e-05
996225,Patología,4.9311726e-05,0.085567474,0.03072893,0.0010575512,0.0686331,0.00027298956,3.5911792e-06,0.0011972134,0.0027990458,0.0061927703,0.01106382,0.088138826,0.010029475,3.674143e-05,0.0003277371,0.00047957533,0.068505056,0.09801115,0.00030792298,8.528174e-06,7.561824e-05,1.07001515e-05,0.00305743,0.00087296165,0.0028201218,0.0004413288,3.1211584e-05,7.3884345e-05,0.0012398262,0.028459715,7.009748e-05,0.0051106107,0.0010982617,0.0072140046,0.0001700424,0.009569055,0.0005300074,0.002489332,0.15640108,0.0031337899,0.00011119366,0.0008064996,0.05807227,0.0011124223,0.00981482,5.188035e-06,0.001126402,0.0005685043,1.6934877e-05,2.6202406e-05,0.00019685927,8.218169e-05,5.423777e-05,0.00745137
894549,Biochemistry & Molecular Biology,1.5555126e-07,3.9553397e-06,0.00022334947,0.9997625,7.365986e-05,0.0082863495,5.209345e-10,1.9709963e-08,0.39697543,1.02162985e-05,0.0001435113,0.00443165,0.000116342366,9.121723e-08,9.647945e-07,2.7893423e-09,1.38129925e-08,5.2099203e-06,3.084712e-09,1.3835762e-05,3.3529277e-10,6.844623e-07,4.4589776e-10,4.92482e-07,3.03495e-08,1.0724402e-08,7.1640466e-10,1.02865855e-07,1.4357495e-05,8.301713e-09,1.7459332e-05,9.980239e-07,1.9079662e-06,1.405736e-07,0.0001654173,1.580538e-08,9.686641e-08,1.3071885e-07,2.9832285e-07,7.855214e-07,5.7450166e-08,2.8984326e-09,9.4593156e-07,1.4530309e-07,8.0841595e-08,3.055791e-08,4.3670703e-08,1.1184176e-09,1.5340856e-08,2.41692e-07,4.7526676e-08,6.674314e-07,1.565635e-08,2.029992e-09
885823,Biochemistry & Molecular Biology;Parasitology,0.009035624,0.0010874879,0.09046906,0.60212386,0.00043665787,0.07541698,2.389116e-05,0.029458093,0.004407116,0.0001526613,0.0049801054,0.0023233325,0.0013005264,0.00012214558,0.0004190658,3.6492907e-05,0.0002543484,0.0048175287,0.0009734408,0.00044954164,9.515488e-05,0.10799316,0.0021039934,0.00025995338,0.0009541411,1.2007825e-06,4.0884013e-05,0.0028312318,0.0001210329,0.00044749814,0.003656077,0.0052763894,9.310998e-05,9.037343e-05,0.4995889,0.0006149612,0.0025031301,0.00069135986,0.001654439,0.0388738,0.00016920445,0.00017310948,0.0022439405,2.8825461e-05,0.00084856333,0.0006507332,0.002684271,0.0018000484,0.0013053805,0.0017772551,0.0083716875,0.015768178,0.00057590264,0.00018760074
890203,Parasitology,0.0005358791,2.5902385e-05,0.0117258765,0.005217943,7.519226e-05,0.0029660014,5.164623e-07,0.0007820972,0.00094855396,3.9110586e-05,1.6666847e-05,2.6893658e-06,2.5497166e-05,7.02607e-07,1.0060596e-06,2.7412872e-07,2.6120426e-05,0.0015886123,6.53047e-05,7.809405e-05,1.024045e-06,0.2876955,0.0010699267,1.808649e-05,0.00025252983,3.796505e-09,2.4911293e-05,0.00021887306,3.973453e-06,0.0005799529,2.0691941e-05,6.601404e-05,4.215711e-06,1.5395339e-05,0.47693223,1.2379248e-05,0.0012834009,5.2069612e-05,0.00028445365,0.0013064962,3.1918512e-06,1.9974461e-06,5.927521e-05,1.084526e-06,0.00032631351,4.9281084e-06,0.00011916099,0.0028712281,7.896821e-05,9.4886855e-05,0.003563604,0.00034650505,3.6518948e-05,3.6858328e-05
885653,Immunology;Parasitology,0.0012308189,2.4144041e-05,0.0021748675,0.0015805922,2.6342688e-05,0.0005610104,1.2496349e-06,0.00058410264,0.0006111822,7.301071e-06,2.134758e-05,4.1983802e-07,1.0297722e-05,9.541819e-07,3.82139e-06,5.3734107e-07,2.0834805e-05,0.0013394726,4.1909545e-05,6.619143e-05,1.4477309e-06,0.49446222,0.0022862442,1.2354575e-05,0.00015474479,7.894923e-10,3.1168394e-05,0.00019834546,3.624191e-06,0.00030056678,2.8052727e-05,0.00014233301,3.3590968e-06,2.1863798e-05,0.6311978,3.2711448e-06,0.00015543481,5.8118698e-05,0.00012027575,0.00095520355,2.122864e-06,2.2596862e-06,4.9996805e-05,6.706445e-07,0.00023993976,9.189895e-06,0.00033787332,0.008079953,8.137409e-05,9.3510025e-05,0.0035951808,0.00058484887,2.4653216e-05,1.6248954e-05
985590,Rheumatology,2.3231281e-05,5.2550993e-05,0.0004003612,0.0001511082,0.000606889,2.6183832e-06,1.4655033e-06,0.0025968864,3.6445017e-05,8.965728e-06,0.00023196361,0.00041954804,0.0005034068,4.874356e-07,0.000121136014,4.9327305e-06,7.11083e-05,0.004452497,4.032346e-05,9.942754e-06,1.1565917e-07,2.2260912e-05,1.8441413e-05,1.2863723e-05,2.0055718e-06,1.4864386e-08,1.1183178e-06,5.8108412e-06,3.4610217e-05,0.00076096616,2.2916274e-05,3.0505342e-05,2.6429147e-05,4.641846e-05,0.0015743804,6.571327e-07,1.2244736e-07,2.1131944e-05,0.003291488,0.000869169,1.7788688e-07,3.2156346e-05,4.7520727e-05,7.0509394e-08,2.2763717e-05,5.2504284e-08,1.7614093e-05,0.8632703,3.4373894e-08,4.7968822e-08,2.522977e-05,8.3690305e-05,2.6348502e-07,0.00041588128
901120,Rheumatology,0.0001315482,0.0006484815,0.007581499,0.00011372261,0.011392565,4.6117104e-05,2.1839101e-05,0.0032020784,0.000113564296,0.000968386,0.00017092166,0.0013349049,0.0038640867,1.602373e-05,5.1812043e-05,4.3585685e-05,0.0025035837,0.0059954775,0.0024168163,9.310065e-05,2.4214232e-05,0.00014197205,0.00038641135,0.00027307004,0.00014929418,4.6485493e-06,5.8693608e-05,4.4389395e-05,0.0004124427,0.012978849,6.876444e-05,0.00019594598,9.813599e-05,0.0017928564,0.0019428799,6.081653e-05,8.178875e-05,0.000104692816,0.028046008,0.0017444736,4.23259e-06,0.00012695778,0.0003604102,1.8129558e-05,0.0009696203,1.3453151e-06,0.00014643169,0.25044847,1.3285076e-06,1.6983681e-06,0.00021649057,0.00013070683,7.721295e-06,0.0075820475
973074,Biochemistry & Molecular Biology,0.00012012262,0.0009837389,0.035445333,0.9138705,0.0047436394,0.0076732635,3.2825728e-06,0.00018869452,0.001947455,0.00050698087,0.00726252,0.048905198,0.0031073592,0.00016941594,0.00022520752,2.6881175e-05,0.0009782416,0.00069959444,1.7423585e-05,0.00027180687,9.07303e-06,3.854382e-05,5.3547724e-06,0.000102843274,0.0001277922,2.759584e-05,4.637869e-06,0.00012161865,6.670755e-05,0.00012364866,0.0043311827,0.00029536206,9.066933e-05,1.4909719e-05,0.00019063134,0.0013247859,0.00032690857,0.00012839535,0.0008210669,0.0005080272,0.00067234226,4.8211165e-05,0.0016431512,7.1819355e-05,0.0016669343,2.391427e-05,8.658572e-05,1.6095382e-06,1.6656724e-05,0.00013113928,2.3925907e-06,0.00024270493,2.872467e-05,7.939763e-05
973071,Biochemistry & Molecular Biology,2.115031e-05,3.736459e-05,0.0010837719,0.67355597,0.0013226792,0.0003243462,5.5452365e-06,1.3993192e-05,2.578062e-05,0.0008045683,0.0005648243,0.0051002353,7.7115146e-05,0.00041969065,2.4063153e-05,1.5882713e-05,0.0008979693,4.0634357e-05,1.1849421e-05,0.0021748038,2.52397e-06,1.783743e-05,6.386216e-07,3.0058347e-05,1.8648101e-05,1.628103e-05,2.7543088e-06,1.7745147e-05,0.00013235623,7.122483e-05,0.08299664,1.8068507e-05,1.3181827e-05,2.8340262e-06,1.545409e-06,0.00019972397,7.442794e-05,1.145752e-05,0.00016188675,7.749055e-06,0.0019069705,1.9497118e-05,9.491816e-05,2.1247448e-05,0.00069673575,1.3579289e-05,1.046625e-05,4.3481572e-07,5.959668e-07,7.0656934e-06,3.3188268e-08,1.0400989e-05,5.677651e-07,6.200832e-05
929711,Biology,0.0022338731,0.0019213723,0.012145545,0.014832137,0.04010532,0.0003214816,0.0005535613,0.0027704951,0.0008951128,0.0007292966,0.025921237,0.0013685282,0.01383541,0.000263943,0.0006874009,0.00023107203,0.032393675,0.0128861265,0.00029422014,0.03147025,0.00013816221,0.0026226034,0.0039760727,0.0018265262,0.00021182798,6.772981e-05,0.0005389916,0.0032105271,0.0004100724,0.004073564,0.0040373025,0.0002819128,0.0004827216,0.00020830291,0.0068987887,0.00047496497,0.00020451625,0.0017648108,0.0071598664,0.0016551691,0.0031565619,0.0009237244,0.004363766,0.00023261407,0.011683855,7.079139e-05,0.00039697616,0.030793851,5.106547e-05,0.00015829474,0.00012132269,0.0012100384,0.0007736894,0.011719634
1001795,Rheumatology,9.200071e-08,2.188813e-08,3.093113e-07,8.537897e-10,4.549643e-05,2.6748492e-10,1.3679791e-07,7.938954e-06,9.131767e-08,1.3933495e-08,3.9750682e-07,1.9025415e-11,4.7095878e-07,5.1889344e-11,2.871974e-09,5.9921272e-09,2.2737538e-07,5.8342488e-05,1.8216906e-05,1.0922828e-06,1.2342575e-09,9.530674e-06,0.00041339707,6.155102e-08,3.2000724e-08,3.2657282e-12,6.810166e-07,5.3796743e-06,1.14795334e-07,1.1531599e-05,1.5425023e-09,8.90131e-09,9.904066e-08,3.4179216e-06,0.0013809574,1.6074671e-10,6.9282335e-10,5.498195e-08,5.391845e-05,3.6439974e-06,1.3947848e-09,8.233579e-08,1.982424e-08,1.1270944e-10,1.7478978e-07,3.276236e-11,6.1338426e-08,0.9967968,4.2763218e-10,2.911935e-10,1.0228875e-05,1.5198226e-07,1.4950512e-08,1.7338189e-05
190131,Biology,1.6243794e-05,0.00034482474,0.0034553816,0.0010237215,0.020210423,0.00012380378,6.9710463e-06,3.9480336e-05,0.0016645002,0.0035881274,7.54658e-05,0.00063770346,0.0033512656,9.817598e-06,2.664145e-06,3.8581147e-06,0.0012550971,0.0013400129,0.00026185033,0.0005640088,4.6745026e-06,7.830897e-05,0.00013714352,0.00018705348,9.270279e-05,3.9611878e-05,5.6016335e-05,2.229616e-05,0.0014475764,0.0018080394,2.4368283e-05,3.7647646e-05,0.00010139934,0.00076627673,0.0014838384,0.00014574856,0.00027746373,3.121834e-05,0.0029328736,4.433867e-05,1.737278e-05,8.289055e-06,0.00027469578,0.00014041958,0.00080777134,5.332821e-07,2.6698659e-05,0.0009868536,1.0102488e-06,4.4057824e-06,0.0001153825,1.525633e-05,2.6929387e-05,0.002631325
139876,Biochemistry & Molecular Biology;Parasitology,0.0015029853,0.0010369774,0.008253128,0.88988197,0.0012265344,0.010811689,0.00014327557,0.0019090809,0.013653617,0.002505106,0.020339854,0.0025606155,0.033216976,0.0014325388,0.000972833,0.000116865405,0.00018734315,0.002350552,0.0013726942,0.0113747,4.106509e-05,0.00262734,0.0003113796,0.00045764714,0.00042917507,0.00025773278,4.709773e-05,0.0006231965,0.05906262,0.00015207942,0.022160815,0.0021285403,0.00019628125,0.0006361148,0.64946306,0.00036834256,0.0005420777,0.00021787944,0.0016793251,0.00068767514,0.001463972,3.6017896e-05,0.002478367,0.0005157342,0.000202511,0.0011101151,0.001114316,0.00074069906,0.00027998743,0.0002584402,0.02014462,0.01601632,0.00065429125,0.00033223192
157216,"Chemistry, Multidisciplinary",5.300618e-05,0.005136465,0.0035677599,0.061720226,0.0056414143,0.0004196163,5.72885e-06,0.00018904371,0.008904197,0.0012665079,0.004796667,0.40584508,0.012353402,0.0002461458,0.0013232178,0.00021248864,0.001526726,0.0023902296,0.00041368027,1.6970673e-05,4.2169213e-06,1.6156704e-05,2.9619512e-05,0.00017714131,8.872589e-05,7.132733e-05,6.543157e-06,1.0411916e-06,0.23577961,0.00046088063,0.0016972777,0.0013949143,0.00020435291,0.008232488,0.0007376251,0.00013938172,1.4089255e-05,0.00014692037,0.014645849,0.00031965616,5.202946e-05,3.666327e-05,0.006203746,0.00069172797,0.00017772277,1.092556e-05,0.00029226064,0.00027718002,1.1407857e-06,1.4279661e-06,0.00022532909,0.00041776252,2.8123875e-06,0.00060252927
186694,Rheumatology,0.00017471367,0.00037887788,0.0020977766,7.8970836e-05,0.05448582,9.503726e-05,0.00019856532,0.00067256147,0.00081435766,0.0035428535,0.00017245986,9.9440294e-05,0.0028028737,3.895808e-05,3.128197e-05,5.8931066e-05,0.0030791308,0.0050635315,0.008897689,0.0012263656,0.00014991313,0.0009886242,0.0038222228,0.00096030673,0.000294578,2.2887443e-05,0.0012275378,0.0024690293,0.0010263402,0.009645807,4.832629e-05,0.00019137417,0.002185829,0.0053352946,0.0019246378,9.311433e-05,0.00014405572,0.00044580598,0.0075110323,0.00063919794,4.212066e-05,0.00031863473,0.00018895345,7.25688e-05,0.002362854,5.9335466e-06,0.00019684219,0.3634295,1.5725696e-05,1.1161709e-05,0.00029573453,8.702136e-05,0.00013167295,0.018141797
926260,Rheumatology,0.00015691816,3.9486436e-05,0.0013394043,0.0014346768,0.007358163,1.1337664e-05,4.199849e-05,0.0007079435,3.7676273e-05,4.1831525e-05,0.0010712902,3.9184515e-06,0.0009641498,1.6582599e-06,4.9929417e-06,4.9361563e-07,0.0003726219,0.0023038106,9.11489e-05,0.030219462,1.5256167e-06,0.0018816118,0.0009971643,0.00015226168,2.8228508e-06,1.5622935e-07,5.3323714e-05,0.0016444001,1.3778995e-05,0.0005316637,4.7410464e-05,1.1459749e-05,1.02841295e-05,5.5975456e-06,0.012993017,2.688794e-06,2.979915e-06,3.5597775e-05,0.00065556675,0.00022084395,2.5902213e-05,1.4518964e-05,0.00018765031,1.3939697e-06,0.0003537321,5.60251e-07,3.2331245e-05,0.24658568,1.3432206e-06,4.5639504e-06,2.0975056e-05,7.1737086e-05,1.974723e-05,0.003842964
926257,"Chemistry, Multidisciplinary",0.00020872142,0.004847695,0.0146971,0.15400541,0.017979834,0.0005500931,1.566445e-05,0.0008873271,0.0018452739,0.00096189586,0.013239855,0.8379148,0.022491274,0.00023135288,0.0045511485,0.00018662235,0.0050014015,0.0019526175,0.00021741501,0.00010345627,1.06085845e-05,1.720901e-05,1.01838e-05,0.00061363797,3.4143457e-05,4.8483824e-05,7.2154608e-06,1.6510092e-05,0.0046954565,0.0012369587,0.00490691,0.0011900823,0.0005062336,0.00076897413,9.939384e-05,0.00027148752,1.812005e-05,0.0002226489,0.014818528,0.0018345036,0.00010617838,0.00022326027,0.0041047647,0.000270844,0.000780572,9.962856e-06,0.0005323495,0.00052114576,1.6556194e-06,6.226698e-06,1.37363295e-05,0.00022486852,2.372593e-06,0.0011906605
912202,Biochemistry & Molecular Biology,9.0674075e-06,0.0007049422,0.0076903217,0.20275466,0.12701838,0.0004061636,1.1126182e-05,3.7959016e-05,0.0017135758,0.0026143966,0.040732846,0.022700144,0.12683335,6.2861063e-06,3.2893528e-05,4.0520654e-06,0.0015146921,0.0018291719,8.086184e-06,0.0031965885,3.812177e-06,4.8973504e-07,6.1102073e-06,0.00032690173,7.2197354e-06,0.0009972744,9.078769e-06,0.00081688166,5.6188826e-05,0.00018322433,6.8355366e-05,7.721458e-06,0.0032728484,2.308726e-05,3.4258002e-05,0.00050073734,4.184609e-05,2.499577e-05,0.0032520336,9.527554e-05,0.00056558603,1.4204322e-05,0.0014834618,0.0002846262,0.0019288752,1.0302937e-06,3.1239988e-06,8.494205e-06,9.079557e-07,8.965993e-06,1.3205698e-06,5.4529123e-06,0.00014450988,0.000563185
1051031,Parasitology,1.8734145e-06,6.281262e-07,0.00033914077,0.00056597893,1.5001377e-06,2.620741e-07,3.1771754e-07,4.7029822e-05,1.8347337e-05,6.721794e-08,8.489399e-05,1.5173861e-10,0.002132574,8.316103e-09,2.0410154e-08,4.3141463e-10,2.3065267e-08,1.9179462e-05,5.755842e-08,0.00093508424,4.875611e-08,2.8676059e-05,0.00011880564,4.4717703e-07,5.350447e-07,9.589448e-09,1.8920592e-07,1.9686086e-05,6.972104e-08,3.197157e-07,9.497688e-09,1.4307461e-08,2.5652902e-08,4.0985018e-08,0.993875,1.456309e-07,5.401919e-06,1.999154e-08,2.2708507e-06,1.0101013e-05,8.81034e-08,6.5017974e-10,2.9902205e-06,1.6808596e-07,8.503214e-07,4.602384e-09,3.96942e-08,0.00036820528,8.0645236e-08,2.754461e-07,0.0016181682,0.00043137153,0.0002444511,2.8328184e-06
1049186,Genetics & Heredity;Immunology,1.4578014e-05,4.2790487e-09,7.008069e-07,0.0032911922,2.3141492e-06,2.395737e-06,7.1163436e-06,3.0184204e-09,0.08180847,2.6691066e-07,1.9295074e-07,4.4393955e-12,5.439573e-08,8.243861e-07,1.5481321e-09,8.5150935e-11,6.8576774e-08,3.27888e-07,1.9911954e-09,0.9857241,1.3390242e-06,0.94123554,1.568506e-05,3.8330186e-06,3.886413e-07,7.455119e-09,7.233555e-05,5.8420687e-06,4.3362352e-08,5.820863e-07,3.409958e-06,3.979938e-10,8.610678e-07,3.453793e-08,0.0007272978,2.958748e-08,1.0491054e-05,9.7135435e-06,3.525023e-09,1.6509677e-08,5.4699008e-08,3.4649028e-09,1.0189612e-07,9.438332e-08,4.0432988e-06,1.8837179e-07,4.3516764e-09,6.2289373e-06,3.7012585e-06,9.382129e-05,2.2600713e-07,8.734577e-08,1.2965849e-05,2.3914045e-06
1043860,Genetics & Heredity,2.2066459e-05,2.3531259e-06,0.000117298696,0.059239898,0.0010360547,1.3522082e-05,0.00012013522,1.5168266e-06,0.0065580606,3.168851e-05,0.00076214655,5.2919308e-08,0.0016724635,3.3782599e-06,4.2335165e-07,3.513223e-09,6.513745e-06,2.7163791e-05,1.3827126e-07,0.97154874,4.098379e-06,0.0022250016,2.2894146e-05,0.00012604454,1.2613987e-06,1.0357831e-05,3.503197e-05,0.0003424883,2.5762577e-06,8.770576e-06,9.227755e-06,2.908025e-08,5.7095178e-05,5.1597885e-07,0.002215518,3.3909741e-06,1.618593e-05,4.2881716e-06,2.2885304e-06,1.8983758e-06,6.0178368e-06,6.145987e-08,3.5214453e-05,1.1605241e-05,8.72884e-05,2.91909e-07,1.950629e-07,0.00012274842,9.72687e-07,3.221297e-05,1.9733468e-06,2.2483237e-06,0.0001483604,0.00024824572
1043490,"Chemistry, Multidisciplinary",0.000116049734,0.04052451,0.0025798283,0.0007736024,0.003035328,2.2801893e-05,4.1783474e-06,0.0015561553,0.00011252011,0.000658454,0.0074968277,0.45881453,0.0009438054,0.000404678,0.0029012691,0.026917303,0.22273232,0.03396157,0.00061233895,9.0233533e-07,1.981673e-05,4.789784e-06,0.0009781715,0.0010208274,0.0033812432,0.00016648936,1.2511642e-05,1.2972628e-05,0.0025740496,0.009626576,0.0029171854,0.006556498,0.00016380861,0.0067027356,4.395367e-05,0.02278471,9.100065e-05,0.002253948,0.11919488,0.0020923733,0.00040835695,0.010026909,0.071002975,0.0013309676,0.0031279204,4.3751057e-05,0.0039382307,0.00023004258,1.4499951e-05,2.7744345e-05,6.7690155e-05,0.0003586898,1.2468701e-05,0.0009922411
1041620,Biology,0.00031702608,0.022364292,0.11849169,0.006490443,0.24825582,0.0041057314,5.4890686e-05,0.001216604,0.002818414,0.060786653,0.0034073628,0.003072367,0.022433314,0.00017299695,3.336114e-05,6.697143e-05,0.07946326,0.037360195,0.0005652258,0.001971559,0.000773257,0.00030128774,0.006035299,0.004088388,0.007180827,0.0024241956,0.0005185216,0.0062289825,0.00026575604,0.032317653,0.0001891463,0.0011974758,0.0017252472,0.0017073201,0.0010571263,0.033794954,0.041361563,0.002524008,0.042516485,0.0014634808,0.0017197159,0.00074136956,0.017132353,0.0020698544,0.10736244,3.6341557e-05,0.00037164168,0.00024084763,0.00020845192,0.0004721255,0.00015598504,0.00014660186,0.0023944324,0.036348425
1041553,"Biochemistry & Molecular Biology;Chemistry, Multidisciplinary",3.0492183e-07,6.474984e-05,0.0003559213,0.9567808,0.00053358125,1.5907367e-06,1.8716165e-07,2.330356e-06,1.3838744e-05,1.9361893e-07,0.3780473,0.55489904,0.09011551,7.834767e-07,0.00030623196,1.18867284e-07,5.0197455e-06,4.4708972e-06,1.1275098e-07,4.707128e-06,4.8337285e-09,2.2297429e-10,9.006146e-10,1.7708907e-06,3.1912812e-09,2.4927854e-07,1.8663535e-09,1.6298368e-07,4.7257403e-05,8.043125e-08,0.00014633803,5.6130773e-07,3.3970239e-06,3.468066e-07,4.2592035e-07,1.3632676e-06,9.422962e-10,8.6858996e-08,0.00010552291,3.7425277e-06,1.1992801e-05,3.417516e-08,0.00017459528,4.626079e-06,1.3845221e-06,5.2475824e-09,1.3370293e-07,3.8905142e-08,1.6406915e-10,3.8637125e-09,9.482441e-10,1.2693524e-06,2.2820288e-09,8.187386e-07
1041611,"Chemistry, Multidisciplinary",0.00016370881,0.118468136,0.042807285,0.0066486876,0.13229142,0.001072534,1.9952908e-05,0.0010599945,0.026696386,0.013488158,0.01109847,0.27581626,0.028001005,0.0002190294,0.0010719437,0.00075198617,0.03803137,0.040540744,0.00073062914,4.3928318e-05,0.00017492787,4.6341676e-05,0.0018721315,0.0018509509,0.0046336437,0.0023192996,0.00016496304,0.000100231315,0.015502636,0.025502216,0.00024032762,0.006411593,0.0033629665,0.026799645,0.0003763447,0.013623949,0.0014349255,0.00365848,0.16974759,0.002541944,0.00022572972,0.00070990215,0.08301123,0.0070515308,0.010583454,2.5148314e-05,0.0023332702,0.00039848953,4.5687997e-05,8.262921e-05,0.0005218683,0.00023020011,0.000105240724,0.010943395
1041622,"Chemistry, Multidisciplinary",0.0001002316,0.0060081705,0.03888432,0.0020684327,0.026104648,3.7889396e-05,3.6469908e-06,0.00057631475,0.00017387823,0.0025483854,0.0051138364,0.50142264,0.039481718,0.00036133252,0.0007556414,8.1857645e-05,0.029784307,0.0008333839,0.0004292109,1.6235042e-05,0.00012284068,2.9635682e-06,2.452759e-05,0.0011822967,0.00013706757,0.00012658631,1.0812752e-05,1.109848e-05,0.0023542237,0.005059036,0.0008601065,0.0009447865,0.00047097387,0.0036529137,7.1048357e-06,0.00056112825,7.3688316e-05,0.00046280934,0.045809295,0.0006122964,0.00012374572,7.577732e-05,0.0053849663,0.0014676007,0.0046412116,3.3880908e-06,0.00021117198,0.00020125383,4.8452137e-07,6.397951e-07,2.189071e-06,2.7235152e-05,1.1772025e-06,0.0037254358
1047161,"Chemistry, Multidisciplinary",6.472934e-05,0.02426965,0.017087214,0.014919876,0.0889217,0.00023895533,5.4638963e-06,0.0002178705,0.0013384408,0.013097741,0.004710603,0.71907496,0.016919035,0.0002557222,0.0010082192,0.00035057124,0.058390655,0.008520224,0.00018129931,3.986468e-05,1.8939412e-05,3.521078e-06,2.516391e-05,0.0010830129,0.00033533832,0.00057733344,1.9678802e-05,2.1825526e-05,0.0060080136,0.010766599,0.0014375617,0.0015618213,0.0014219555,0.0027988676,7.3299684e-06,0.0032324153,0.00015331325,0.000994098,0.083523385,0.00068487396,0.00023422336,0.00041583888,0.02252996,0.0010725295,0.008643204,8.023143e-06,0.0005220469,6.713122e-05,2.21944e-06,5.5263054e-06,4.002566e-06,4.181166e-05,3.254603e-06,0.0038483012
1048519,Biochemistry & Molecular Biology,0.00062239694,0.0019423475,0.008718964,0.384375,0.019803906,0.0014656187,0.0003988059,0.0006800289,0.00078733766,0.004574896,0.06165183,0.021801597,0.02866117,0.0031462754,0.0012950205,0.00095403066,0.017938836,0.0051180697,0.0008512284,0.014190698,7.6602024e-05,0.0001325664,0.00026767416,0.0008888125,0.0003534386,0.002576629,0.0001104179,0.00045766679,0.019197723,0.0012739756,0.07649354,0.0005161293,0.00062918843,0.00037941695,0.0030114688,0.0033829308,0.0004723071,0.00058602955,0.011881761,0.0003561133,0.033683125,0.000458229,0.006878019,0.0019172601,0.0041152984,0.0003427924,0.00032353736,0.0002936045,3.8348473e-05,9.569292e-05,0.00010226073,0.0015148217,0.00064260745,0.0023099333
1047678,"Chemistry, Multidisciplinary",2.5048412e-05,0.0013988494,0.002466869,0.06976954,0.008312039,8.79337e-05,2.5414113e-06,7.691436e-05,0.00010593495,0.0018679714,0.0031460705,0.73150253,0.0069133714,0.0001880101,0.0005043254,0.00010875547,0.009312677,0.0009647053,0.0002024384,2.5526046e-05,8.781271e-07,1.1303354e-06,1.7142697e-06,0.00012253219,1.3967727e-05,4.8636924e-05,9.969699e-07,1.1656489e-06,0.03366085,0.00064576534,0.0089857085,0.0005102027,6.30624e-05,0.0005351267,1.3809581e-05,0.00014228509,5.22419e-06,4.408372e-05,0.016782634,0.00010199448,0.00018475181,4.4367684e-05,0.0029302435,0.0001467364,0.00038489595,3.891356e-06,0.000144907,3.8183243e-05,1.2970196e-07,4.5295377e-07,2.4656433e-06,4.0531722e-05,2.4507284e-07,0.0006120449
1042037,Rheumatology,3.8139916e-07,7.8698996e-08,6.0429966e-06,2.0290567e-07,4.361908e-05,2.2822073e-09,1.4673e-07,3.1757456e-05,2.2189997e-06,1.8057852e-08,2.849414e-06,1.2483612e-09,1.9919009e-05,3.6632963e-10,5.9487547e-08,1.87269e-09,1.4994268e-07,4.8026053e-05,7.416445e-07,1.31094175e-05,6.376504e-10,8.896177e-06,1.2795343e-05,1.7555892e-07,1.512406e-08,1.5330974e-11,1.6980219e-07,5.426898e-07,3.4429647e-07,5.0920007e-06,7.7322495e-09,8.522884e-09,1.6136532e-07,1.2643035e-06,0.009553153,2.4517258e-10,1.3556727e-09,4.7701587e-08,2.1081298e-05,5.4086468e-06,1.0665259e-09,1.8515584e-08,1.4976219e-07,3.4563735e-10,1.894168e-07,2.4715662e-11,3.3038457e-08,0.9826039,1.09611153e-10,2.4348046e-10,5.848033e-06,2.4228934e-06,3.1182076e-08,1.3654542e-05
1045328,Multidisciplinary Sciences,1.1187045e-07,1.8907198e-05,0.00019255458,0.0028942467,0.0008461128,4.2404363e-06,1.4546304e-08,1.6777943e-07,0.00012119273,0.0012126768,1.3727778e-05,0.0011129974,0.0005289591,6.234744e-06,2.2758279e-07,7.945903e-08,5.2877796e-05,7.851135e-06,4.7144422e-05,2.7379247e-06,1.1306569e-08,1.2880349e-07,9.3964763e-07,8.7818825e-07,1.6842226e-06,1.7121392e-06,9.1908284e-08,2.3462432e-08,0.5145762,1.1125269e-05,2.883668e-05,6.59537e-05,3.282982e-07,0.00034251754,0.0001872653,1.295423e-06,6.327973e-07,7.375867e-07,0.00079994707,6.981272e-08,4.1557632e-06,1.37103875e-08,3.1419073e-05,4.1099407e-05,3.940701e-06,1.9566167e-08,4.9615282e-06,2.1320875e-06,9.724731e-10,1.0127427e-09,1.9809268e-05,1.5657089e-06,8.523485e-09,5.22166e-05
1049500,Parasitology,7.693533e-06,3.536299e-05,0.00013963235,3.4499328e-05,0.011890191,4.031048e-06,0.00019880876,3.406852e-05,0.000121024015,0.0029102962,8.445079e-05,3.394992e-07,0.0011183165,5.53514e-06,1.42953e-07,3.4710574e-06,0.0003913482,0.0007829734,0.0034437613,0.031226704,3.8740277e-06,0.000116890355,0.022482233,0.00012903479,9.981974e-05,0.00046852187,0.00035750316,0.0016825139,0.051058147,0.0006992272,8.860709e-06,3.2406282e-05,2.8617816e-05,0.0018233394,0.25094128,4.2797277e-05,0.00014863837,7.2540286e-05,0.0018717385,3.0553329e-06,0.0010047284,7.0631063e-06,7.4296826e-05,0.0003735386,0.00015559095,7.514961e-07,2.2935972e-05,0.038953725,3.5943071e-06,6.691708e-06,0.021940015,6.853002e-05,0.0004329409,0.03010152
1049203,Biochemistry & Molecular Biology;Parasitology,8.96437e-05,2.2655229e-06,0.021682084,0.78367597,9.613915e-07,0.0009915327,1.9700755e-08,0.000996726,6.3480285e-05,1.4413553e-06,0.00010065284,2.0550236e-07,0.00058850495,4.2035444e-07,2.2913949e-07,4.661885e-10,1.0620001e-07,9.947828e-06,4.5571423e-07,8.77603e-05,1.6424005e-07,0.002610807,2.165314e-05,4.6547507e-07,3.7296936e-06,5.594219e-10,9.9240145e-09,0.00011986059,1.16298914e-07,3.3639714e-07,3.2701405e-06,1.6276605e-05,2.4756982e-08,2.4973817e-08,0.9921256,1.1061559e-06,7.84465e-05,1.2226998e-07,2.3432501e-06,0.00041825007,9.202581e-08,4.104914e-09,1.0817239e-05,3.5449485e-08,2.1809337e-06,1.1181717e-06,7.0205697e-06,5.809251e-06,5.9739905e-06,6.3326966e-06,0.0017430517,0.0030369097,2.1020815e-05,2.791896e-07
1052806,Rheumatology,9.776811e-09,1.0731986e-09,6.758923e-08,7.3508505e-11,9.650489e-06,7.134871e-12,1.2315225e-07,1.4504627e-07,4.7561134e-08,1.0598886e-09,6.0686055e-08,4.5878472e-15,2.2186245e-07,1.1104386e-12,5.0217035e-12,1.437684e-11,1.2356877e-08,7.300737e-06,4.2875723e-07,5.619665e-05,6.2936586e-11,2.1275066e-05,0.0023942762,1.4422014e-08,4.6050355e-09,1.5654647e-12,9.209497e-07,2.6662344e-06,2.0388171e-08,7.7060076e-07,6.4947626e-12,5.364443e-11,1.7548458e-09,2.2356757e-07,0.115593836,1.7036128e-11,1.397637e-09,2.2685582e-09,7.741696e-07,3.3707693e-08,3.4074064e-09,2.1109411e-10,3.6318728e-09,3.4886352e-10,7.636051e-08,3.6337085e-13,7.1297224e-10,0.9600324,7.7235905e-11,3.7552939e-10,3.0892807e-05,5.3862586e-08,1.371722e-07,2.8923709e-05
1050204,Rheumatology,1.0372028e-08,1.3793137e-09,3.972715e-08,3.7427214e-11,1.9223922e-05,4.902112e-12,7.586315e-08,4.6861965e-07,1.3350475e-08,1.0401977e-09,6.0905215e-08,1.12826916e-13,1.9028604e-07,2.4855634e-12,6.6727956e-11,1.1981871e-10,2.7508218e-08,9.676477e-06,1.3061921e-06,4.4831895e-06,1.528354e-10,3.913537e-06,0.0002657948,9.042382e-09,2.4440934e-09,3.2455516e-13,4.302326e-07,1.3437766e-06,1.09975025e-08,1.8302509e-06,5.0073303e-11,1.510646e-10,6.6910153e-09,3.474876e-07,0.0017375164,9.854661e-12,8.686815e-11,3.574277e-09,4.7397043e-06,1.454875e-07,2.8462385e-10,2.530615e-09,1.5544017e-09,2.2650107e-11,3.6813855e-08,7.5444636e-13,1.6033737e-09,0.9970985,1.8571509e-11,3.24618e-11,1.7759543e-06,1.438745e-08,5.918139e-09,1.619399e-05
1050195,Rheumatology,1.3359206e-09,1.4929524e-10,1.8424121e-09,5.881905e-12,6.016844e-06,3.4678185e-13,2.3770035e-08,1.2106824e-07,2.5114246e-09,1.345843e-10,1.6232713e-08,4.8308305e-14,3.4813063e-08,5.862571e-13,6.015276e-11,1.6128415e-10,5.4092357e-09,2.840436e-06,6.185803e-07,6.3157165e-07,1.9523863e-11,2.502869e-07,2.2777094e-05,8.7761665e-10,2.0995815e-10,3.6320163e-14,8.245885e-08,1.3421804e-07,8.198238e-09,2.6498284e-07,4.368405e-11,2.3176095e-11,4.742279e-09,1.5271773e-07,0.00010738632,6.5141257e-13,8.1355083e-13,1.1669633e-09,2.3763384e-06,3.5175827e-08,2.4039139e-11,1.851402e-09,1.4749231e-10,9.0663864e-13,2.3812772e-09,2.0387923e-13,2.4794716e-10,0.9995775,7.6429526e-13,7.920854e-13,1.9152625e-07,1.990159e-09,3.6022607e-10,2.3290406e-06
1048433,Biochemistry & Molecular Biology,0.00018598551,0.0020257977,0.046591815,0.7265824,0.014023116,0.014310169,3.2455182e-06,0.0004012985,0.012317875,0.009229432,0.003472457,0.2630399,0.016448306,0.00016143819,0.00025182846,2.1218735e-05,0.0009366714,0.002058623,0.00032646197,0.00027401515,5.612743e-06,0.00015872912,1.56243e-05,0.00026288693,0.000103203034,3.7127924e-05,7.966029e-06,6.2712235e-05,0.0073866304,0.00067361956,0.0031589544,0.0030490595,0.00020736677,0.00054080354,0.0042457036,0.0002749801,0.00025794076,0.0001407339,0.0062621674,0.0010079584,0.00016361332,3.6710957e-05,0.0016308717,0.00019214029,0.0005373368,3.6264497e-05,0.0005305732,7.312008e-05,1.6238218e-05,4.332309e-05,0.00020408811,0.00031203582,1.1723766e-05,0.00035440378
1051841,Rheumatology,2.925548e-09,1.289401e-10,1.1482781e-08,1.4797944e-11,6.1331452e-06,5.4887616e-13,8.606413e-08,3.9736697e-08,4.9619953e-09,1.5818848e-10,3.069987e-08,5.6796005e-16,1.4506757e-07,1.5883795e-13,1.204809e-12,3.525428e-12,2.8137297e-09,3.1883585e-06,1.3743382e-07,7.780053e-05,1.1683295e-11,4.441748e-06,0.0004132869,3.757531e-09,3.7262263e-10,3.361593e-13,4.0414187e-07,9.513262e-07,3.975896e-09,2.0862649e-07,2.702287e-12,2.5983523e-12,5.0745974e-10,2.8444125e-08,0.037813302,1.806233e-12,8.253079e-11,3.631781e-10,4.5434123e-07,7.6776985e-09,1.1004273e-09,6.236111e-11,6.2626004e-10,4.7239657e-11,1.5199133e-08,5.8209405e-14,4.8554653e-11,0.98688614,4.4319674e-12,3.216142e-11,2.834299e-06,8.814587e-09,4.147446e-08,1.2778258e-05
1052385,Microbiology,0.00018253435,0.00020686793,0.012100643,0.0005613784,0.05177327,0.00026091107,7.8763405e-06,0.0010576884,0.00016988457,0.0013360981,0.0004877121,8.570137e-06,0.00059798814,6.6291733e-07,8.846633e-07,2.418359e-07,0.00010533921,0.0006579844,0.0016797042,0.00013311057,0.00014471699,0.00096379296,0.0026455128,0.0012755559,2.3648161e-05,2.245298e-06,0.0002064378,0.6784216,4.519596e-07,0.0007082412,1.1710887e-06,0.00032893533,0.0006158149,6.6815584e-05,0.0010997037,3.030822e-05,0.00020696384,2.0620533e-05,0.0030324103,0.00076942425,0.00018634426,2.0532996e-05,4.600707e-05,4.0307543e-05,0.0028836098,8.590681e-07,0.00010682071,0.0014382006,6.634746e-05,7.53805e-05,5.6581986e-05,3.1968546e-05,0.00021696358,0.0014620336
1052591,Rheumatology,1.1908515e-09,8.366673e-11,1.3471794e-09,3.975215e-12,5.7097e-06,3.3740805e-13,1.4740161e-08,6.1362414e-08,4.5959534e-09,8.5784414e-11,5.4908673e-09,1.6122137e-14,1.5487029e-08,4.335885e-13,3.678811e-11,5.5959345e-11,3.1614678e-09,1.5050298e-06,4.4294498e-07,6.268396e-07,1.7940826e-11,6.9319066e-07,2.1145954e-05,5.249812e-10,1.6218615e-10,5.657676e-15,1.0779488e-07,1.2543362e-07,3.4984118e-09,2.1206048e-07,2.2752857e-11,1.8371537e-11,4.3902264e-09,1.2623826e-07,5.738054e-05,2.834062e-13,5.6304993e-13,9.295346e-10,7.951304e-07,2.6915565e-08,5.530263e-12,1.1291326e-09,6.516854e-11,2.8207577e-13,2.1222297e-09,1.271905e-13,2.53254e-10,0.999647,6.983307e-13,5.6697594e-13,8.426854e-08,8.80346e-10,1.5932337e-10,1.8094075e-06
1047466,Biochemical Research Methods,7.069985e-05,0.0022198765,0.24092792,0.013439274,0.04327253,0.009803215,1.7387879e-06,0.00068054104,0.0030646112,0.03470501,0.00022129291,0.0029843312,0.006755622,1.9779687e-05,1.8794091e-06,1.3032804e-06,0.0029156324,0.0022210132,0.0010006969,0.00017789773,4.940182e-05,0.00063108804,0.00091874006,0.00042446982,0.0007969133,3.412181e-05,5.0776925e-05,0.00072903844,0.000377874,0.005734071,3.8046066e-05,0.0013371089,8.846712e-05,0.000982746,0.0076876404,0.0013608225,0.018480582,0.00015282487,0.018576272,0.00055915717,9.3938026e-05,1.4301766e-05,0.0018030788,0.00030543163,0.0040929047,4.0154086e-06,0.0003066375,6.46788e-05,3.569633e-05,5.9585098e-05,0.0010725862,4.708345e-05,8.6125474e-05,0.0018776997
1048393,Biochemistry & Molecular Biology,3.0082865e-05,0.00042131593,0.055756565,0.5261072,0.008999056,0.018620111,3.4868066e-07,9.135104e-05,0.01158483,0.010425077,0.0003668457,0.019553844,0.003920188,3.2694097e-05,9.5148725e-06,1.667569e-06,0.0003050228,0.0006960482,0.00019052428,0.00011922624,1.3705547e-06,0.00017885378,1.4604061e-05,5.9491304e-05,5.535711e-05,4.4812873e-06,3.3477147e-06,2.1754813e-05,0.0041726213,0.00028457408,0.00047137588,0.0011666223,3.221537e-05,0.0002382267,0.007384302,6.379829e-05,0.00027608758,3.1505966e-05,0.002168091,0.00017555566,4.0158637e-05,3.3963079e-06,0.00040556374,4.6286474e-05,0.0002024494,5.34382e-06,0.00017798106,2.2352642e-05,3.5191913e-06,8.184301e-06,0.00023958452,7.2436946e-05,5.169027e-06,0.000115037976
